timestamp,reflux_ratio,feed_rate,feed_composition,top_purity,bottom_purity,reboiler_duty,condenser_duty,distillate_rate,bottoms_rate,top_temperature,bottom_temperature,feed_temperature,column_pressure,steam_flow,cooling_water_flow,operator_shift,maintenance_flag
2025-01-01 00:00:00,3.9,103.6,0.4457,0.8984,0.0347,326.99,311.38,49.3,54.3,85.1,110.2,97.5,101.54,0.15,12.5,B,0
2025-01-01 01:00:00,3.39,103.2,0.4756,0.8946,0.0423,313.28,319.77,52.5,50.7,79.7,109.9,92.9,102.99,0.14,12.8,B,0
2025-01-01 02:00:00,4.02,83.1,0.4522,0.88,0.0423,265.62,263.54,40.6,42.4,85.6,111.9,96.2,102.32,0.12,10.5,B,0
2025-01-01 03:00:00,4.72,105.0,0.5088,0.9098,0.0516,342.69,332.61,56.0,49.1,81.8,113.1,87.7,97.47,0.16,13.3,B,0
2025-01-01 04:00:00,3.31,121.0,0.5958,0.88,0.0647,283.07,289.24,78.8,42.2,84.6,111.4,106.4,100.74,0.13,11.6,A,0
2025-01-01 05:00:00,3.31,90.9,0.4383,0.88,0.0473,243.78,246.6,42.7,48.2,79.7,112.0,97.1,103.26,0.11,9.9,B,0
2025-01-01 06:00:00,4.76,125.7,0.5801,0.88,0.0521,419.67,364.29,80.2,45.5,76.1,109.6,103.5,102.55,0.19,14.6,B,0
2025-01-01 07:00:00,4.11,117.3,0.4375,0.9228,0.0419,306.09,313.71,52.7,64.6,77.1,110.3,93.7,98.95,0.14,12.5,B,0
2025-01-01 08:00:00,3.12,99.0,0.4322,0.88,0.0436,272.94,286.56,46.0,53.0,89.5,113.0,89.8,102.55,0.12,11.5,B,0
2025-01-01 09:00:00,3.93,107.9,0.5655,0.9449,0.0552,304.85,275.4,61.9,46.0,80.2,111.1,92.5,104.04,0.14,11.0,C,0
2025-01-01 10:00:00,3.13,134.0,0.5738,0.9049,0.056,350.44,322.33,81.7,52.3,85.3,109.5,94.8,98.37,0.16,12.9,B,0
2025-01-01 11:00:00,3.13,121.0,0.5681,0.9185,0.0482,299.44,320.28,72.3,48.7,78.1,110.1,94.4,95.42,0.14,12.8,A,0
2025-01-01 12:00:00,3.69,110.1,0.3947,0.88,0.0337,316.14,311.83,47.0,63.1,82.5,112.1,104.3,106.62,0.14,12.5,C,0
2025-01-01 13:00:00,1.97,106.4,0.4627,0.88,0.0443,196.93,207.42,53.3,53.1,83.0,112.3,90.7,102.25,0.09,8.3,B,0
2025-01-01 14:00:00,2.12,111.1,0.5658,0.9058,0.0411,217.42,220.87,67.4,43.7,90.5,108.3,92.0,99.93,0.1,8.8,A,0
2025-01-01 15:00:00,3.05,102.3,0.5033,0.8832,0.0535,270.52,258.09,55.5,46.9,81.0,110.7,98.6,99.83,0.12,10.3,B,0
2025-01-01 16:00:00,2.69,78.4,0.4141,0.88,0.0345,192.79,202.28,35.2,43.2,79.9,110.0,87.1,101.74,0.09,8.1,C,0
2025-01-01 17:00:00,3.75,140.6,0.5367,0.88,0.0571,347.18,349.48,82.0,58.7,83.1,109.9,94.8,104.42,0.16,14.0,C,0
2025-01-01 18:00:00,2.77,112.3,0.4428,0.88,0.0473,264.31,264.49,53.4,59.0,79.2,112.7,95.7,96.77,0.12,10.6,A,0
2025-01-01 19:00:00,2.37,116.0,0.6436,0.9266,0.0616,252.96,261.58,78.0,37.9,83.2,109.5,97.2,100.1,0.11,10.5,A,0
2025-01-01 20:00:00,4.67,109.1,0.6236,0.9592,0.0674,402.02,411.88,68.1,41.1,81.8,108.8,96.7,106.26,0.18,16.5,C,0
2025-01-01 21:00:00,3.32,99.0,0.5483,0.8851,0.0585,288.39,278.01,58.6,40.3,79.7,108.4,104.9,103.77,0.13,11.1,B,0
2025-01-01 22:00:00,3.55,107.2,0.6089,0.9055,0.0593,292.54,292.43,69.6,37.6,83.5,109.7,90.6,103.52,0.13,11.7,C,0
2025-01-01 23:00:00,2.36,86.0,0.5052,0.88,0.0484,186.59,206.57,47.2,38.8,82.3,108.5,91.8,102.52,0.08,8.3,B,0
2025-01-02 00:00:00,3.06,144.2,0.5612,0.88,0.0616,336.27,312.5,88.0,56.1,84.3,108.3,98.0,102.23,0.15,12.5,A,0
2025-01-02 01:00:00,3.59,91.5,0.6182,0.9252,0.063,248.9,253.45,58.9,32.6,87.0,108.2,96.1,99.9,0.11,10.1,C,0
2025-01-02 02:00:00,2.58,94.5,0.5196,0.9428,0.0572,227.72,251.68,49.4,45.2,80.5,108.3,96.8,99.63,0.1,10.1,B,0
2025-01-02 03:00:00,3.8,103.4,0.4796,0.88,0.036,324.03,310.74,54.3,49.1,80.8,108.5,88.0,103.72,0.15,12.4,B,0
2025-01-02 04:00:00,3.02,129.3,0.3636,0.88,0.0369,342.13,346.34,50.1,79.2,78.0,110.8,105.9,99.68,0.16,13.9,C,0
2025-01-02 05:00:00,3.27,110.2,0.4933,0.88,0.0414,275.44,272.47,59.4,50.8,83.6,106.1,97.3,102.15,0.13,10.9,C,0
2025-01-02 06:00:00,3.02,91.5,0.5659,0.88,0.0565,224.36,247.86,56.6,34.9,80.1,108.6,87.1,101.76,0.1,9.9,B,0
2025-01-02 07:00:00,4.98,128.8,0.5757,0.9085,0.0611,419.08,366.91,78.2,50.6,83.0,109.8,98.1,107.88,0.19,14.7,B,0
2025-01-02 08:00:00,3.49,121.0,0.5403,0.88,0.0627,269.06,269.44,70.7,50.3,85.5,112.3,89.5,100.82,0.12,10.8,A,0
2025-01-02 09:00:00,2.65,118.1,0.4567,0.8998,0.041,239.77,228.73,57.2,60.9,79.9,109.5,99.6,104.81,0.11,9.1,B,0
2025-01-02 10:00:00,4.16,120.7,0.3419,0.8941,0.0316,360.3,335.53,43.4,77.3,80.6,109.7,88.4,103.42,0.16,13.4,C,0
2025-01-02 11:00:00,2.52,145.9,0.4604,0.88,0.0456,316.8,299.77,72.5,73.4,85.0,109.8,100.0,100.95,0.14,12.0,C,0
2025-01-02 12:00:00,3.67,142.8,0.4757,0.8965,0.0427,399.54,375.08,72.4,70.4,84.1,106.4,88.9,97.57,0.18,15.0,B,0
2025-01-02 13:00:00,1.93,99.7,0.475,0.88,0.0524,184.76,187.72,50.9,48.8,83.8,111.3,90.1,101.14,0.08,7.5,B,0
2025-01-02 14:00:00,2.44,134.4,0.5495,0.9225,0.0546,269.58,268.32,76.6,57.7,80.8,111.2,95.7,104.0,0.12,10.7,B,0
2025-01-02 15:00:00,3.66,115.7,0.6589,0.88,0.0665,312.28,311.55,84.3,31.5,77.7,111.6,91.9,97.63,0.14,12.5,A,0
2025-01-02 16:00:00,4.09,117.5,0.5099,0.881,0.0541,337.65,305.02,64.8,52.7,79.9,115.0,92.2,103.81,0.15,12.2,C,0
2025-01-02 17:00:00,3.64,84.6,0.4827,0.88,0.0479,259.68,253.72,44.2,40.4,79.0,107.4,87.4,105.33,0.12,10.1,C,0
2025-01-02 18:00:00,3.41,107.4,0.4793,0.88,0.0438,255.8,285.06,56.0,51.5,83.7,107.0,93.4,101.59,0.12,11.4,B,0
2025-01-02 19:00:00,3.26,97.8,0.51,0.88,0.0507,234.35,242.48,54.2,43.6,82.9,111.4,99.4,104.04,0.11,9.7,A,0
2025-01-02 20:00:00,2.32,122.4,0.4337,0.88,0.0391,246.99,230.86,57.5,65.0,80.2,109.3,104.4,101.72,0.11,9.2,A,0
2025-01-02 21:00:00,2.92,126.1,0.5096,0.9107,0.0515,263.57,248.35,67.2,58.9,80.7,108.0,99.1,103.01,0.12,9.9,B,0
2025-01-02 22:00:00,3.13,78.9,0.5361,0.8824,0.0586,181.98,196.43,45.7,33.2,83.4,109.4,98.4,105.78,0.08,7.9,C,1
2025-01-02 23:00:00,4.35,109.7,0.5168,0.8838,0.0458,299.35,295.73,61.6,48.0,81.0,108.8,86.6,96.64,0.14,11.8,A,0
2025-01-03 00:00:00,3.77,126.8,0.5366,0.921,0.046,345.45,325.0,71.1,55.7,80.3,113.4,94.9,99.0,0.16,13.0,B,0
2025-01-03 01:00:00,2.09,107.2,0.5347,0.88,0.0537,226.04,253.21,62.4,44.8,87.9,114.5,91.7,105.05,0.1,10.1,C,0
2025-01-03 02:00:00,3.76,120.9,0.3582,0.88,0.032,356.53,382.73,46.5,74.4,80.4,106.7,87.4,105.61,0.16,15.3,C,0
2025-01-03 03:00:00,3.19,115.3,0.5509,0.883,0.0553,329.96,316.76,69.0,46.2,84.0,107.0,88.6,97.08,0.15,12.7,B,0
2025-01-03 04:00:00,2.96,115.1,0.4463,0.88,0.0462,280.18,288.54,55.2,59.9,83.2,108.5,98.3,105.99,0.13,11.5,C,0
2025-01-03 05:00:00,3.99,105.9,0.4123,0.88,0.0305,320.5,325.0,47.6,58.3,77.4,108.6,92.2,93.58,0.15,13.0,A,0
2025-01-03 06:00:00,4.32,91.8,0.4116,0.9053,0.0446,288.16,297.87,39.1,52.6,80.0,108.4,87.6,103.18,0.13,11.9,C,0
2025-01-03 07:00:00,4.25,93.2,0.5347,0.907,0.0476,289.43,278.14,52.8,40.4,84.5,109.6,91.8,101.96,0.13,11.1,A,0
2025-01-03 08:00:00,2.83,120.6,0.4822,0.8933,0.0481,328.99,346.76,62.0,58.7,81.6,109.1,96.4,99.1,0.15,13.9,A,0
2025-01-03 09:00:00,3.25,110.3,0.3654,0.893,0.0332,290.64,286.2,42.6,67.7,77.6,107.3,91.6,99.29,0.13,11.4,B,0
2025-01-03 10:00:00,3.77,107.9,0.5382,0.9386,0.0511,316.08,314.34,59.2,48.7,83.2,107.9,88.9,99.4,0.14,12.6,B,0
2025-01-03 11:00:00,4.28,103.6,0.3848,0.88,0.047,292.3,288.48,42.0,61.6,80.3,113.1,90.4,100.69,0.13,11.5,C,0
2025-01-03 12:00:00,3.12,105.4,0.5112,0.9077,0.0527,275.9,272.88,56.5,48.9,83.3,109.3,99.4,107.26,0.13,10.9,A,0
2025-01-03 13:00:00,3.35,125.7,0.5191,0.88,0.0564,341.5,334.32,70.6,55.1,90.1,109.2,84.6,103.77,0.16,13.4,A,0
2025-01-03 14:00:00,2.61,105.0,0.5708,0.88,0.0578,260.8,248.53,65.5,39.5,83.1,107.0,93.7,105.6,0.12,9.9,A,0
2025-01-03 15:00:00,2.54,89.9,0.6425,0.9003,0.0674,219.26,208.01,62.1,27.8,83.8,109.1,94.4,100.33,0.1,8.3,A,0
2025-01-03 16:00:00,4.15,121.2,0.3908,0.88,0.0412,358.02,341.07,50.5,70.7,81.2,111.9,91.2,101.99,0.16,13.6,A,0
2025-01-03 17:00:00,4.58,106.9,0.4958,0.88,0.0509,343.53,319.15,57.4,49.5,78.6,111.2,90.2,98.09,0.16,12.8,C,0
2025-01-03 18:00:00,3.44,110.5,0.4779,0.9198,0.0533,293.61,296.4,54.1,56.3,85.1,111.6,99.9,100.46,0.13,11.9,A,0
2025-01-03 19:00:00,4.3,134.1,0.5347,0.9023,0.0543,409.4,395.54,76.0,58.1,80.2,107.6,99.9,99.64,0.19,15.8,B,1
2025-01-03 20:00:00,3.79,109.7,0.5173,0.8836,0.0632,345.97,334.27,60.7,49.0,81.3,107.6,95.5,102.77,0.16,13.4,B,0
2025-01-03 21:00:00,2.98,114.3,0.4718,0.88,0.052,302.19,315.89,58.0,56.4,87.4,112.3,92.3,99.18,0.14,12.6,A,0
2025-01-03 22:00:00,3.79,92.3,0.4647,0.9079,0.0408,287.7,284.47,45.1,47.2,81.0,111.7,95.6,98.79,0.13,11.4,C,0
2025-01-03 23:00:00,4.73,106.7,0.4107,0.9063,0.0402,417.77,369.22,45.6,61.1,85.6,109.5,97.0,102.49,0.19,14.8,B,0
2025-01-04 00:00:00,3.47,119.1,0.579,0.899,0.0599,245.61,246.44,73.7,45.4,83.2,111.7,94.4,101.14,0.11,9.9,C,0
2025-01-04 01:00:00,4.75,86.7,0.5367,0.88,0.0539,287.78,298.94,50.7,36.0,80.3,107.6,97.2,99.2,0.13,12.0,B,0
2025-01-04 02:00:00,1.5,113.0,0.5734,0.88,0.0608,191.11,187.14,70.7,42.3,83.0,107.5,93.2,98.76,0.09,7.5,A,0
2025-01-04 03:00:00,4.16,111.5,0.4752,0.9143,0.0515,318.23,309.23,54.8,56.8,79.9,106.8,79.2,99.2,0.14,12.4,B,0
2025-01-04 04:00:00,3.57,110.6,0.4475,0.9109,0.0379,279.25,284.19,51.9,58.7,84.7,110.7,94.0,103.74,0.13,11.4,A,0
2025-01-04 05:00:00,3.26,125.6,0.4137,0.88,0.0478,271.56,301.43,55.2,70.3,85.7,110.4,98.4,102.55,0.12,12.1,A,1
2025-01-04 06:00:00,3.57,115.0,0.5287,0.8812,0.0504,304.82,314.75,66.2,48.8,82.1,109.0,95.2,99.03,0.14,12.6,A,0
2025-01-04 07:00:00,1.91,132.2,0.4168,0.88,0.0387,259.5,262.04,59.4,72.8,86.0,108.4,96.7,99.15,0.12,10.5,B,0
2025-01-04 08:00:00,3.32,95.1,0.6479,0.8926,0.0618,271.52,276.8,67.1,28.0,82.5,114.8,93.6,97.86,0.12,11.1,C,0
2025-01-04 09:00:00,3.79,112.0,0.3954,0.88,0.0436,297.93,269.21,47.1,64.9,84.7,109.5,94.0,100.12,0.14,10.8,B,0
2025-01-04 10:00:00,4.68,111.3,0.5219,0.88,0.0509,373.09,340.48,63.2,48.1,90.9,112.8,95.9,101.67,0.17,13.6,C,0
2025-01-04 11:00:00,3.09,94.0,0.6253,0.9297,0.0592,267.99,275.21,61.1,32.9,89.4,109.7,104.7,98.66,0.12,11.0,A,0
2025-01-04 12:00:00,2.85,124.3,0.5479,0.9232,0.0527,253.15,256.91,70.7,53.6,81.5,109.0,99.2,107.86,0.12,10.3,C,0
2025-01-04 13:00:00,3.1,144.9,0.5141,0.88,0.0424,342.17,335.04,81.6,63.3,82.9,112.8,98.5,103.17,0.16,13.4,A,0
2025-01-04 14:00:00,4.23,109.7,0.4225,0.88,0.038,345.34,334.04,50.1,59.6,78.8,111.6,96.0,101.2,0.16,13.4,B,0
2025-01-04 15:00:00,3.76,117.6,0.3895,0.905,0.0327,330.29,320.67,48.1,69.5,84.4,110.0,88.3,101.56,0.15,12.8,C,0
2025-01-04 16:00:00,3.08,111.3,0.5616,0.88,0.0548,296.06,292.95,68.3,42.9,83.2,112.3,101.1,97.13,0.13,11.7,C,0
2025-01-04 17:00:00,3.91,99.3,0.6205,0.9201,0.0654,257.29,247.15,64.5,34.8,79.7,115.0,99.5,97.7,0.12,9.9,C,0
2025-01-04 18:00:00,3.58,82.7,0.4649,0.88,0.0493,220.22,225.05,41.4,41.3,85.6,108.5,96.8,105.27,0.1,9.0,B,0
2025-01-04 19:00:00,4.27,99.4,0.4089,0.88,0.0472,330.08,303.12,43.2,56.2,81.2,110.9,94.8,106.21,0.15,12.1,C,0
2025-01-04 20:00:00,2.94,89.1,0.3033,0.88,0.0355,195.62,201.13,28.3,60.9,80.4,109.2,97.7,94.65,0.09,8.0,A,0
2025-01-04 21:00:00,3.24,135.6,0.4215,0.9113,0.0395,360.56,364.81,59.4,76.2,83.2,108.1,93.8,102.71,0.16,14.6,B,0
2025-01-04 22:00:00,3.19,108.3,0.4909,0.9001,0.0492,286.83,281.6,56.2,52.1,80.6,108.1,98.6,105.44,0.13,11.3,A,0
2025-01-04 23:00:00,2.33,104.8,0.6279,0.923,0.0626,237.41,247.81,68.9,35.9,81.9,113.2,90.8,100.27,0.11,9.9,A,0
2025-01-05 00:00:00,3.74,123.3,0.5539,0.88,0.0446,328.41,320.76,75.2,48.2,87.2,106.4,85.4,105.86,0.15,12.8,B,0
2025-01-05 01:00:00,3.71,93.2,0.5244,0.9633,0.0464,280.55,273.88,48.6,44.6,80.2,111.0,89.0,103.6,0.13,11.0,A,0
2025-01-05 02:00:00,3.5,98.5,0.468,0.88,0.046,245.82,238.41,49.8,48.7,84.0,108.3,95.7,102.65,0.11,9.5,C,0
2025-01-05 03:00:00,3.31,111.0,0.4533,0.8931,0.0445,279.46,272.79,53.5,57.5,80.2,113.5,93.5,100.57,0.13,10.9,A,0
2025-01-05 04:00:00,2.37,125.4,0.6125,0.88,0.0638,261.98,264.72,84.3,41.1,79.1,109.5,94.3,101.58,0.12,10.6,C,0
2025-01-05 05:00:00,3.16,117.5,0.5161,0.88,0.0539,272.67,278.49,65.7,51.8,81.8,109.3,88.5,99.96,0.12,11.1,B,0
2025-01-05 06:00:00,3.23,113.7,0.3318,0.9312,0.0243,295.53,292.74,38.6,75.2,90.1,113.1,96.5,102.19,0.13,11.7,A,0
2025-01-05 07:00:00,2.86,111.2,0.4461,0.9079,0.0472,239.92,250.56,51.5,59.6,84.3,111.8,89.8,102.06,0.11,10.0,A,0
2025-01-05 08:00:00,3.37,116.0,0.4313,0.88,0.044,310.34,283.73,53.7,62.3,83.4,111.1,97.5,100.0,0.14,11.3,C,0
2025-01-05 09:00:00,3.82,113.0,0.4563,0.88,0.0487,370.05,368.17,55.4,57.6,80.4,111.6,87.9,95.46,0.17,14.7,A,0
2025-01-05 10:00:00,5.01,94.6,0.545,0.88,0.0598,298.38,279.31,55.9,38.6,80.8,107.8,90.8,100.72,0.14,11.2,C,0
2025-01-05 11:00:00,3.64,110.7,0.4914,0.8896,0.0484,306.21,313.07,58.3,52.4,77.5,111.5,90.1,98.25,0.14,12.5,A,0
2025-01-05 12:00:00,3.71,93.9,0.4939,0.9509,0.0556,235.19,244.93,46.0,47.9,87.4,109.6,97.9,97.94,0.11,9.8,B,0
2025-01-05 13:00:00,3.44,111.2,0.6051,0.8811,0.0561,276.36,252.94,74.0,37.2,82.8,110.7,92.7,99.23,0.13,10.1,C,0
2025-01-05 14:00:00,1.96,102.8,0.4443,0.88,0.0397,213.08,227.79,49.5,53.3,82.5,111.0,97.1,103.78,0.1,9.1,A,0
2025-01-05 15:00:00,3.48,148.1,0.6491,0.8954,0.0671,367.35,367.79,104.1,44.0,82.6,107.8,100.7,97.97,0.17,14.7,A,0
2025-01-05 16:00:00,3.55,109.4,0.4463,0.88,0.0428,317.26,326.63,52.7,56.7,88.3,111.2,103.9,98.64,0.14,13.1,C,0
2025-01-05 17:00:00,5.47,88.9,0.5071,0.88,0.052,347.98,324.41,48.9,40.1,82.9,109.6,96.2,103.42,0.16,13.0,A,0
2025-01-05 18:00:00,3.35,108.0,0.4775,0.9005,0.0577,283.15,282.84,53.8,54.2,81.4,107.5,89.5,99.0,0.13,11.3,A,0
2025-01-05 19:00:00,3.74,117.8,0.5099,0.88,0.053,300.49,304.29,65.1,52.7,87.4,109.7,101.3,97.92,0.14,12.2,C,0
2025-01-05 20:00:00,3.47,135.1,0.5356,0.8904,0.0546,372.81,368.55,77.7,57.4,81.6,110.0,102.6,103.73,0.17,14.7,C,0
2025-01-05 21:00:00,2.57,101.2,0.5347,0.88,0.0491,235.8,244.54,59.1,42.0,76.9,111.2,94.7,100.91,0.11,9.8,B,0
2025-01-05 22:00:00,4.41,86.3,0.4398,0.9025,0.0355,247.84,246.17,40.2,46.0,77.4,105.2,101.6,101.5,0.11,9.8,B,0
2025-01-05 23:00:00,4.1,122.3,0.4102,0.88,0.0407,331.76,335.93,53.8,68.4,81.4,110.8,96.7,100.63,0.15,13.4,C,0
2025-01-06 00:00:00,4.13,89.3,0.7003,0.88,0.0754,215.7,232.46,69.3,19.9,82.9,109.0,86.7,102.57,0.1,9.3,A,0
2025-01-06 01:00:00,2.77,103.5,0.4613,0.88,0.0445,218.5,224.29,51.6,51.8,84.5,111.6,91.8,103.36,0.1,9.0,C,0
2025-01-06 02:00:00,4.62,106.1,0.5559,0.9538,0.0576,339.01,316.87,59.0,47.1,79.2,110.0,92.5,100.93,0.15,12.7,A,0
2025-01-06 03:00:00,2.38,109.0,0.3714,0.8988,0.0443,214.62,215.79,41.7,67.2,81.3,109.3,93.2,96.81,0.1,8.6,B,0
2025-01-06 04:00:00,3.97,120.3,0.4776,0.9327,0.0548,324.14,334.32,58.0,62.4,79.6,109.6,90.3,102.19,0.15,13.4,C,0
2025-01-06 05:00:00,5.25,99.7,0.4898,0.9227,0.0511,405.18,400.78,50.2,49.5,85.3,110.7,90.2,100.28,0.18,16.0,C,0
2025-01-06 06:00:00,2.71,105.9,0.5378,0.9937,0.0546,266.5,266.3,54.5,51.4,85.8,111.8,101.7,103.87,0.12,10.7,B,0
2025-01-06 07:00:00,3.05,109.8,0.2822,0.8976,0.0206,256.72,256.04,32.7,77.0,87.9,108.2,86.3,98.61,0.12,10.2,C,0
2025-01-06 08:00:00,3.58,112.2,0.5133,0.9219,0.0482,327.42,293.7,59.7,52.5,83.1,109.3,91.4,100.36,0.15,11.7,C,0
2025-01-06 09:00:00,3.1,111.5,0.408,0.9123,0.0394,306.1,299.08,47.1,64.4,87.6,112.9,98.1,96.85,0.14,12.0,C,0
2025-01-06 10:00:00,2.26,116.5,0.5259,0.9286,0.0483,251.68,241.19,63.2,53.3,79.9,109.3,92.2,103.65,0.11,9.6,C,0
2025-01-06 11:00:00,3.55,122.7,0.4171,0.9323,0.043,337.69,329.32,51.6,71.1,82.6,110.7,97.0,104.98,0.15,13.2,B,0
2025-01-06 12:00:00,2.65,115.9,0.4316,0.88,0.0527,284.74,296.37,53.1,62.8,78.8,107.5,93.0,99.84,0.13,11.9,A,0
2025-01-06 13:00:00,3.88,116.8,0.4781,0.88,0.0554,356.86,328.46,59.9,56.9,83.7,106.6,97.2,100.72,0.16,13.1,B,0
2025-01-06 14:00:00,2.76,86.3,0.4158,0.9061,0.0428,192.68,205.73,37.3,49.0,82.9,107.9,89.8,98.87,0.09,8.2,B,0
2025-01-06 15:00:00,4.74,110.8,0.462,0.901,0.0501,361.85,362.92,53.6,57.1,74.6,108.6,85.7,99.16,0.16,14.5,C,0
2025-01-06 16:00:00,2.87,117.2,0.4045,0.9027,0.0368,264.44,267.25,49.8,67.4,85.3,112.1,93.0,103.38,0.12,10.7,B,0
2025-01-06 17:00:00,3.24,120.9,0.3533,0.9319,0.0427,336.09,318.19,42.3,78.7,84.6,112.3,86.1,99.79,0.15,12.7,C,0
2025-01-06 18:00:00,4.15,99.6,0.5814,0.8877,0.0503,291.66,288.04,63.2,36.4,80.3,106.1,94.7,102.73,0.13,11.5,C,0
2025-01-06 19:00:00,2.52,100.1,0.3963,0.88,0.0442,212.73,229.48,42.2,57.9,82.8,108.9,89.3,101.25,0.1,9.2,A,0
2025-01-06 20:00:00,3.68,101.4,0.4857,0.8858,0.051,311.72,308.44,52.8,48.6,77.5,111.4,89.4,103.55,0.14,12.3,B,0
2025-01-06 21:00:00,4.55,118.0,0.5602,0.8914,0.0522,385.82,367.9,71.5,46.6,79.7,109.8,102.4,100.12,0.18,14.7,B,0
2025-01-06 22:00:00,2.21,125.5,0.4508,0.88,0.044,294.29,304.6,61.1,64.4,87.0,113.0,96.4,104.56,0.13,12.2,C,0
2025-01-06 23:00:00,3.65,103.9,0.434,0.88,0.0377,270.6,275.94,48.9,55.0,78.5,111.3,87.3,106.93,0.12,11.0,C,0
2025-01-07 00:00:00,3.71,123.6,0.5181,0.896,0.0464,325.9,300.35,68.6,55.0,82.0,109.5,94.8,96.2,0.15,12.0,A,0
2025-01-07 01:00:00,4.13,111.9,0.5894,0.9301,0.051,368.81,363.38,68.5,43.3,77.8,109.6,94.3,101.02,0.17,14.5,C,0
2025-01-07 02:00:00,2.51,108.1,0.4065,0.88,0.0445,215.52,231.89,46.8,61.3,83.0,109.9,84.7,101.02,0.1,9.3,A,0
2025-01-07 03:00:00,2.44,106.8,0.488,0.88,0.0548,258.21,245.9,56.1,50.8,83.7,108.3,96.7,99.15,0.12,9.8,C,0
2025-01-07 04:00:00,3.92,121.2,0.3614,0.8937,0.0253,312.02,275.13,46.9,74.3,84.2,111.9,99.8,102.52,0.14,11.0,C,0
2025-01-07 05:00:00,3.74,114.9,0.4685,0.88,0.056,338.74,312.93,57.5,57.4,83.4,111.5,92.9,104.66,0.15,12.5,C,0
2025-01-07 06:00:00,3.7,144.1,0.5027,0.8837,0.0502,326.32,315.95,78.3,65.9,86.3,110.9,93.5,95.38,0.15,12.6,C,0
2025-01-07 07:00:00,3.78,97.2,0.4316,0.88,0.0446,283.26,292.93,45.0,52.2,80.3,110.5,92.2,95.15,0.13,11.7,B,0
2025-01-07 08:00:00,2.96,117.8,0.4634,0.9241,0.039,251.05,243.88,56.5,61.3,78.8,108.0,96.9,106.27,0.11,9.8,A,0
2025-01-07 09:00:00,3.69,102.1,0.3873,0.88,0.0453,335.18,332.81,41.8,60.2,80.2,111.0,93.8,100.58,0.15,13.3,B,0
2025-01-07 10:00:00,3.73,97.0,0.5062,0.9221,0.0516,254.93,225.35,50.6,46.3,78.0,110.3,94.0,101.57,0.12,9.0,B,0
2025-01-07 11:00:00,2.93,109.8,0.5845,0.9214,0.0641,247.87,252.59,66.7,43.2,82.2,114.0,91.0,98.09,0.11,10.1,A,0
2025-01-07 12:00:00,4.99,112.1,0.4122,0.88,0.0473,403.75,376.2,49.1,63.0,81.6,107.4,105.2,101.43,0.18,15.0,C,0
2025-01-07 13:00:00,3.88,153.8,0.4502,0.88,0.0517,402.59,418.11,74.0,79.8,83.4,108.6,93.7,105.41,0.18,16.7,C,0
2025-01-07 14:00:00,2.55,107.2,0.5402,0.88,0.0508,253.5,235.09,63.3,43.9,77.2,106.8,98.5,102.79,0.12,9.4,C,0
2025-01-07 15:00:00,4.03,93.0,0.597,0.88,0.0587,267.17,266.93,61.0,32.1,82.0,109.6,96.3,101.88,0.12,10.7,A,0
2025-01-07 16:00:00,2.72,114.1,0.3805,0.88,0.035,245.51,228.88,46.7,67.4,85.6,106.5,82.2,95.99,0.11,9.2,B,0
2025-01-07 17:00:00,4.13,78.9,0.4865,0.88,0.0531,251.76,248.11,41.3,37.5,83.7,112.4,93.1,103.53,0.11,9.9,B,0
2025-01-07 18:00:00,4.43,108.6,0.5227,0.8931,0.0539,308.87,280.21,60.7,47.9,76.3,112.2,89.2,101.33,0.14,11.2,B,0
2025-01-07 19:00:00,2.84,110.2,0.4918,0.8984,0.0545,270.25,296.14,57.1,53.1,82.0,109.7,99.9,99.48,0.12,11.8,B,0
2025-01-07 20:00:00,4.27,121.9,0.3019,0.88,0.0357,399.49,373.53,38.4,83.5,79.8,108.0,88.7,103.23,0.18,14.9,A,0
2025-01-07 21:00:00,3.83,124.6,0.5401,0.88,0.0454,367.57,349.14,73.9,50.7,82.0,107.0,97.5,98.76,0.17,14.0,B,0
2025-01-07 22:00:00,4.16,102.4,0.6215,0.88,0.0689,331.19,320.91,69.8,32.6,80.9,108.6,100.0,102.98,0.15,12.8,A,0
2025-01-07 23:00:00,5.02,107.7,0.5093,0.88,0.0557,311.77,290.0,59.3,48.4,87.2,111.3,96.4,104.95,0.14,11.6,B,0
2025-01-08 00:00:00,3.3,98.5,0.4175,0.8894,0.0399,252.19,265.67,43.8,54.7,82.3,108.4,95.0,101.76,0.11,10.6,A,0
2025-01-08 01:00:00,2.9,93.1,0.4589,0.88,0.0476,227.25,239.34,46.0,47.1,83.0,113.8,93.0,100.03,0.1,9.6,B,0
2025-01-08 02:00:00,2.79,114.6,0.6416,0.8991,0.0635,298.75,305.59,79.3,35.3,81.9,113.0,94.4,99.58,0.14,12.2,B,1
2025-01-08 03:00:00,2.85,90.9,0.5728,0.9523,0.0604,214.69,211.37,52.2,38.7,83.4,110.0,88.3,102.45,0.1,8.5,B,0
2025-01-08 04:00:00,3.44,103.8,0.5512,0.88,0.0533,227.3,244.17,62.5,41.3,81.3,109.1,95.9,100.0,0.1,9.8,A,0
2025-01-08 05:00:00,3.77,95.1,0.5285,0.9141,0.0552,254.11,267.01,52.4,42.7,84.3,108.9,100.3,108.4,0.12,10.7,A,0
2025-01-08 06:00:00,3.72,118.2,0.4471,0.8963,0.045,310.68,301.01,55.8,62.4,80.8,113.2,90.6,97.05,0.14,12.0,B,0
2025-01-08 07:00:00,4.16,137.0,0.484,0.88,0.0462,327.37,330.72,71.9,65.1,86.1,108.7,95.1,100.91,0.15,13.2,C,1
2025-01-08 08:00:00,3.51,90.5,0.4938,0.8869,0.0503,273.81,275.91,48.0,42.5,83.5,111.9,94.5,102.12,0.12,11.0,A,1
2025-01-08 09:00:00,4.66,82.2,0.544,0.88,0.0679,246.22,232.61,48.2,34.0,81.5,110.0,96.6,101.76,0.11,9.3,C,0
2025-01-08 10:00:00,3.29,108.1,0.6207,0.9031,0.0586,292.18,286.08,72.0,36.2,84.5,111.4,92.3,99.62,0.13,11.4,A,0
2025-01-08 11:00:00,5.68,110.2,0.5895,0.88,0.0577,377.78,353.38,71.3,38.9,83.5,108.4,87.5,105.0,0.17,14.1,C,0
2025-01-08 12:00:00,4.0,113.3,0.3864,0.88,0.0353,375.91,360.89,47.1,66.2,84.5,109.3,89.4,103.3,0.17,14.4,B,0
2025-01-08 13:00:00,2.81,103.3,0.5179,0.8983,0.049,241.58,255.82,57.0,46.3,82.3,110.0,83.4,103.52,0.11,10.2,A,0
2025-01-08 14:00:00,2.64,107.0,0.5589,0.9012,0.06,235.56,223.79,63.5,43.5,81.3,108.7,98.9,99.3,0.11,9.0,A,0
2025-01-08 15:00:00,3.89,115.5,0.5495,0.9111,0.0585,347.1,328.49,66.5,49.0,82.4,112.5,97.0,100.09,0.16,13.1,C,0
2025-01-08 16:00:00,3.32,125.6,0.4497,0.8913,0.0449,294.05,279.67,60.1,65.5,80.5,108.5,94.9,102.76,0.13,11.2,B,0
2025-01-08 17:00:00,4.07,80.7,0.7331,0.9144,0.0784,266.33,257.56,63.2,17.5,84.9,108.8,91.5,98.0,0.12,10.3,A,0
2025-01-08 18:00:00,3.88,104.5,0.3978,0.902,0.0438,292.55,278.43,43.1,61.4,86.4,112.7,94.2,103.3,0.13,11.1,B,0
2025-01-08 19:00:00,3.44,113.2,0.4133,0.917,0.0405,286.47,284.33,48.2,65.1,83.7,112.3,94.9,101.0,0.13,11.4,A,0
2025-01-08 20:00:00,2.82,96.2,0.5187,0.88,0.0442,232.31,242.63,54.6,41.6,86.3,113.2,92.4,104.49,0.11,9.7,C,0
2025-01-08 21:00:00,2.29,136.0,0.6693,0.88,0.0711,249.18,255.49,100.6,35.4,85.4,106.2,92.6,100.02,0.11,10.2,B,0
2025-01-08 22:00:00,3.14,100.5,0.4331,0.88,0.0442,254.14,258.02,46.8,53.7,81.2,110.4,101.5,106.74,0.12,10.3,C,0
2025-01-08 23:00:00,4.19,109.4,0.4787,0.88,0.048,343.2,340.79,56.6,52.8,84.5,110.2,88.7,102.53,0.16,13.6,B,1
2025-01-09 00:00:00,3.67,118.3,0.5862,0.8824,0.0563,262.59,289.76,75.9,42.4,78.2,108.9,100.0,102.86,0.12,11.6,A,0
2025-01-09 01:00:00,2.5,101.1,0.4986,0.88,0.0536,246.48,250.93,54.5,46.7,82.6,110.6,86.9,99.22,0.11,10.0,A,0
2025-01-09 02:00:00,3.64,82.3,0.4732,0.9216,0.0491,256.45,269.12,40.0,42.3,78.5,109.4,103.0,102.06,0.12,10.8,C,0
2025-01-09 03:00:00,3.81,103.6,0.5453,0.88,0.0533,252.82,265.25,61.6,41.9,81.7,110.3,83.1,99.65,0.11,10.6,B,0
2025-01-09 04:00:00,2.79,125.4,0.5218,0.8882,0.0461,240.07,262.2,70.9,54.6,77.7,116.8,97.3,96.68,0.11,10.5,C,0
2025-01-09 05:00:00,3.62,104.9,0.5824,0.9254,0.0636,313.01,313.51,63.2,41.8,85.3,110.6,91.7,100.71,0.14,12.5,B,0
2025-01-09 06:00:00,3.55,97.3,0.6033,0.88,0.0634,288.11,274.55,64.3,33.0,80.8,110.7,94.2,104.79,0.13,11.0,A,0
2025-01-09 07:00:00,2.59,123.9,0.5246,0.88,0.0537,285.94,286.75,70.6,53.3,84.7,111.6,94.3,101.11,0.13,11.5,A,0
2025-01-09 08:00:00,3.79,105.0,0.5233,0.88,0.039,265.5,268.51,60.5,44.5,81.8,110.4,98.0,100.42,0.12,10.7,A,1
2025-01-09 09:00:00,3.95,102.3,0.5171,0.88,0.0515,349.55,349.23,57.5,44.8,76.5,107.8,85.2,100.38,0.16,14.0,B,0
2025-01-09 10:00:00,4.37,112.2,0.5391,0.88,0.0527,328.43,306.98,66.0,46.2,80.5,106.7,94.8,108.02,0.15,12.3,A,0
2025-01-09 11:00:00,4.34,121.6,0.5044,0.9289,0.0473,382.53,385.74,63.0,58.5,80.4,109.9,95.9,103.13,0.17,15.4,A,0
2025-01-09 12:00:00,2.4,145.7,0.5,0.9088,0.0538,303.81,298.31,76.0,69.7,82.0,109.5,91.7,96.53,0.14,11.9,B,0
2025-01-09 13:00:00,2.75,122.4,0.5957,0.9089,0.0631,316.06,319.92,77.1,45.3,86.5,106.1,94.4,99.67,0.14,12.8,A,0
2025-01-09 14:00:00,3.91,127.4,0.6213,0.8947,0.0643,366.81,356.61,85.5,41.9,87.0,113.3,91.7,100.1,0.17,14.3,B,0
2025-01-09 15:00:00,3.91,102.4,0.3794,0.88,0.0431,311.93,306.76,41.2,61.3,81.3,110.2,97.8,99.14,0.14,12.3,A,0
2025-01-09 16:00:00,3.91,94.6,0.5008,0.88,0.045,280.58,281.28,51.6,43.0,78.2,112.9,96.8,101.49,0.13,11.3,B,0
2025-01-09 17:00:00,6.0,110.9,0.4449,0.88,0.0422,391.81,384.23,53.3,57.6,79.8,105.5,96.1,99.58,0.18,15.4,C,0
2025-01-09 18:00:00,3.96,111.6,0.4751,0.9039,0.0479,262.47,284.95,55.7,55.9,83.4,112.9,98.3,99.76,0.12,11.4,B,0
2025-01-09 19:00:00,4.41,93.8,0.5322,0.885,0.0501,304.54,272.75,54.2,39.6,81.7,109.0,101.2,101.76,0.14,10.9,B,0
2025-01-09 20:00:00,4.26,107.4,0.5536,0.8834,0.059,292.65,295.47,64.4,43.0,77.3,112.5,90.0,96.68,0.13,11.8,A,0
2025-01-09 21:00:00,4.02,116.0,0.491,0.88,0.0465,351.4,339.34,61.9,54.1,80.5,110.4,106.1,94.85,0.16,13.6,A,0
2025-01-09 22:00:00,3.25,115.4,0.3469,0.9575,0.0412,298.76,291.69,38.5,76.9,85.9,110.9,97.0,105.03,0.14,11.7,A,0
2025-01-09 23:00:00,4.11,117.6,0.4228,0.88,0.0376,353.95,305.3,53.8,63.8,82.9,110.9,92.5,103.81,0.16,12.2,A,0
2025-01-10 00:00:00,2.88,114.4,0.5717,0.917,0.0678,248.6,257.44,67.9,46.5,82.1,109.1,106.5,102.41,0.11,10.3,C,0
2025-01-10 01:00:00,3.31,102.4,0.2808,0.88,0.0382,293.56,287.97,29.5,72.9,80.8,108.7,92.9,102.21,0.13,11.5,A,0
2025-01-10 02:00:00,3.11,102.3,0.595,0.8816,0.059,270.28,260.15,66.7,35.6,80.6,109.3,88.9,100.73,0.12,10.4,C,0
2025-01-10 03:00:00,3.57,92.0,0.5417,0.9228,0.0599,235.23,240.37,51.4,40.6,83.6,107.1,92.5,110.35,0.11,9.6,A,0
2025-01-10 04:00:00,5.35,136.8,0.6053,0.9172,0.0585,574.22,520.94,87.1,49.7,82.4,109.0,92.2,101.88,0.26,20.8,B,0
2025-01-10 05:00:00,2.01,110.2,0.4841,0.8861,0.0535,212.15,204.62,57.0,53.2,84.3,108.6,100.4,109.12,0.1,8.2,B,0
2025-01-10 06:00:00,4.05,106.6,0.3351,0.9191,0.0326,283.26,281.84,36.4,70.2,83.6,107.0,94.4,107.49,0.13,11.3,B,0
2025-01-10 07:00:00,2.21,96.1,0.5344,0.9064,0.047,192.49,208.36,54.5,41.6,82.1,110.9,95.5,102.68,0.09,8.3,A,0
2025-01-10 08:00:00,3.12,154.0,0.602,0.88,0.0425,319.59,304.19,102.9,51.1,83.2,110.0,95.3,100.67,0.15,12.2,C,0
2025-01-10 09:00:00,4.37,93.9,0.574,0.8978,0.0561,336.46,329.73,57.8,36.1,80.2,110.5,100.8,101.35,0.15,13.2,B,0
2025-01-10 10:00:00,3.55,103.6,0.447,0.881,0.0461,311.15,305.91,49.7,53.8,81.9,111.4,93.4,100.1,0.14,12.2,B,0
2025-01-10 11:00:00,2.64,116.2,0.5069,0.88,0.0573,277.06,287.81,63.5,52.7,86.0,109.5,94.0,102.68,0.13,11.5,C,0
2025-01-10 12:00:00,2.93,119.0,0.4574,0.88,0.0459,296.59,290.79,58.7,60.3,82.0,108.1,91.6,103.32,0.13,11.6,C,0
2025-01-10 13:00:00,4.04,124.4,0.4345,0.8947,0.0485,402.79,396.09,56.7,67.6,81.3,110.6,92.9,97.63,0.18,15.8,C,0
2025-01-10 14:00:00,2.92,137.1,0.5764,0.896,0.0554,311.95,301.01,85.0,52.1,82.6,104.2,97.6,109.14,0.14,12.0,B,0
2025-01-10 15:00:00,3.67,117.6,0.4042,0.88,0.0387,336.38,354.05,51.1,66.5,78.5,109.8,98.6,98.96,0.15,14.2,C,0
2025-01-10 16:00:00,3.54,94.2,0.4285,0.88,0.0481,246.24,244.73,43.1,51.1,82.7,111.5,103.5,93.24,0.11,9.8,A,0
2025-01-10 17:00:00,2.98,106.1,0.4117,0.88,0.0288,257.92,251.72,47.7,58.4,87.1,112.1,94.5,101.05,0.12,10.1,A,0
2025-01-10 18:00:00,5.22,114.6,0.3808,0.88,0.0381,422.21,397.08,46.6,68.0,79.6,108.9,93.7,97.85,0.19,15.9,A,1
2025-01-10 19:00:00,4.01,141.0,0.5117,0.8922,0.0492,294.28,281.03,77.4,63.7,82.8,105.5,97.0,101.14,0.13,11.2,A,0
2025-01-10 20:00:00,1.88,89.0,0.5929,0.8831,0.0661,170.26,175.68,57.4,31.6,81.9,104.7,92.7,101.51,0.08,7.0,A,0
2025-01-10 21:00:00,3.65,128.0,0.4852,0.9627,0.0459,352.55,350.57,61.4,66.7,81.9,111.3,91.8,102.64,0.16,14.0,A,0
2025-01-10 22:00:00,2.97,112.7,0.3795,0.894,0.0405,272.0,235.8,44.8,67.9,81.8,109.3,96.6,104.32,0.12,9.4,A,0
2025-01-10 23:00:00,4.18,122.6,0.5672,0.9276,0.0613,353.2,329.45,71.6,51.0,84.1,114.0,93.0,98.28,0.16,13.2,B,0
2025-01-11 00:00:00,2.87,108.5,0.6349,0.88,0.056,272.02,255.71,76.2,32.3,78.7,107.2,93.6,100.21,0.12,10.2,A,0
2025-01-11 01:00:00,3.41,97.4,0.4483,0.882,0.0441,249.41,253.51,47.0,50.4,84.1,110.7,98.0,103.34,0.11,10.1,C,0
2025-01-11 02:00:00,3.9,121.3,0.4617,0.88,0.044,311.0,275.42,60.6,60.7,82.2,113.3,96.6,99.33,0.14,11.0,B,0
2025-01-11 03:00:00,4.19,119.8,0.5413,0.88,0.0589,397.9,387.48,70.4,49.4,76.7,110.4,105.0,95.67,0.18,15.5,B,0
2025-01-11 04:00:00,2.54,124.6,0.6297,0.88,0.0664,293.48,297.64,86.3,38.3,83.1,106.8,99.6,103.16,0.13,11.9,A,0
2025-01-11 05:00:00,3.23,109.8,0.4584,0.88,0.0447,268.44,249.55,54.4,55.4,82.3,115.5,91.2,99.6,0.12,10.0,A,0
2025-01-11 06:00:00,3.12,101.0,0.3934,0.88,0.0341,256.64,260.22,42.9,58.1,79.4,113.2,93.0,99.4,0.12,10.4,B,0
2025-01-11 07:00:00,2.98,86.6,0.5505,0.9099,0.0602,236.83,246.5,50.0,36.6,82.5,109.5,88.1,101.66,0.11,9.9,A,0
2025-01-11 08:00:00,4.91,122.3,0.5639,0.88,0.0561,413.11,407.65,75.4,46.9,78.1,111.6,90.1,101.31,0.19,16.3,C,0
2025-01-11 09:00:00,3.82,116.4,0.5005,0.88,0.042,345.54,312.13,63.7,52.7,79.9,111.7,101.3,104.29,0.16,12.5,B,1
2025-01-11 10:00:00,2.49,95.5,0.4553,0.8936,0.0379,224.66,215.59,46.6,48.9,82.1,111.3,93.6,97.55,0.1,8.6,A,0
2025-01-11 11:00:00,4.23,101.9,0.5796,0.9294,0.0601,308.23,321.68,60.9,41.0,76.9,107.2,88.1,108.09,0.14,12.9,A,0
2025-01-11 12:00:00,5.2,103.0,0.5422,0.8854,0.0478,385.65,354.33,60.8,42.2,78.5,110.6,85.3,97.06,0.18,14.2,A,0
2025-01-11 13:00:00,4.33,87.8,0.4385,0.919,0.0532,261.14,256.12,39.1,48.7,79.0,112.9,87.6,100.14,0.12,10.2,B,0
2025-01-11 14:00:00,2.28,97.7,0.5039,0.88,0.0457,216.83,230.14,53.7,44.1,82.2,111.0,91.0,98.69,0.1,9.2,C,0
2025-01-11 15:00:00,3.11,93.0,0.3919,0.88,0.0392,239.8,231.92,39.0,54.0,83.3,110.8,95.0,101.47,0.11,9.3,C,0
2025-01-11 16:00:00,4.51,103.8,0.5549,0.8808,0.0563,325.86,313.3,62.8,41.0,79.3,108.9,93.0,101.36,0.15,12.5,B,0
2025-01-11 17:00:00,2.93,98.9,0.479,0.948,0.0443,220.31,235.61,47.6,51.3,79.2,108.2,98.5,101.8,0.1,9.4,B,0
2025-01-11 18:00:00,3.86,85.6,0.4651,0.9319,0.0353,260.52,245.71,41.0,44.6,82.4,106.9,90.3,102.08,0.12,9.8,A,0
2025-01-11 19:00:00,4.12,140.3,0.4974,0.9149,0.0507,410.63,380.31,72.5,67.8,82.3,111.5,101.1,105.22,0.19,15.2,C,0
2025-01-11 20:00:00,2.76,128.8,0.5032,0.88,0.0466,271.7,257.94,70.6,58.2,79.9,109.6,94.3,101.77,0.12,10.3,A,0
2025-01-11 21:00:00,3.45,98.3,0.5716,0.9456,0.0577,233.92,231.14,56.9,41.4,87.5,107.3,97.3,105.47,0.11,9.2,B,0
2025-01-11 22:00:00,1.5,114.1,0.5473,0.92,0.0541,169.16,192.31,65.0,49.1,82.6,112.0,92.4,96.05,0.08,7.7,C,0
2025-01-11 23:00:00,2.68,116.3,0.4875,0.88,0.0501,258.51,275.17,61.3,55.0,81.5,108.8,100.1,94.75,0.12,11.0,B,0
2025-01-12 00:00:00,3.3,127.9,0.5611,0.88,0.0639,333.2,326.87,77.9,50.0,80.8,108.3,88.4,101.68,0.15,13.1,C,0
2025-01-12 01:00:00,2.5,97.7,0.5321,0.9064,0.0505,252.75,260.56,55.0,42.7,85.0,109.0,88.8,102.28,0.11,10.4,B,0
2025-01-12 02:00:00,4.81,126.4,0.4659,0.88,0.0442,415.22,401.85,63.8,62.6,83.6,109.6,90.2,99.7,0.19,16.1,A,0
2025-01-12 03:00:00,2.36,101.8,0.49,0.88,0.0407,193.02,198.56,54.5,47.3,76.8,110.9,100.9,101.27,0.09,7.9,C,0
2025-01-12 04:00:00,3.15,90.0,0.4881,0.88,0.0478,232.72,240.17,47.6,42.4,79.9,108.2,93.8,104.53,0.11,9.6,C,0
2025-01-12 05:00:00,3.6,120.9,0.5404,0.88,0.0561,363.08,328.63,71.0,49.8,80.7,112.0,90.3,103.31,0.17,13.1,C,0
2025-01-12 06:00:00,4.65,129.4,0.4706,0.88,0.0446,390.68,356.16,66.0,63.4,82.0,111.0,94.0,100.31,0.18,14.2,B,0
2025-01-12 07:00:00,2.35,148.8,0.4688,0.8806,0.049,327.26,316.97,75.1,73.7,83.9,109.0,95.9,101.89,0.15,12.7,A,0
2025-01-12 08:00:00,4.43,92.0,0.6575,0.935,0.0649,304.21,284.86,62.7,29.3,78.8,109.7,89.6,103.58,0.14,11.4,A,0
2025-01-12 09:00:00,3.51,120.5,0.5752,0.8893,0.051,339.15,309.93,75.3,45.1,81.8,109.2,95.8,97.61,0.15,12.4,C,0
2025-01-12 10:00:00,2.71,103.9,0.4392,0.88,0.0455,278.75,268.51,49.0,54.9,87.1,110.1,94.3,98.89,0.13,10.7,A,0
2025-01-12 11:00:00,3.87,121.8,0.5457,0.88,0.0535,291.98,302.41,72.5,49.3,82.1,113.0,92.5,104.07,0.13,12.1,B,0
2025-01-12 12:00:00,3.66,87.9,0.5095,0.9013,0.0516,273.24,290.34,47.4,40.6,79.9,109.1,88.7,96.11,0.12,11.6,C,0
2025-01-12 13:00:00,3.02,91.1,0.5313,0.88,0.0503,231.29,236.27,52.8,38.3,78.0,110.4,99.4,98.03,0.11,9.5,B,0
2025-01-12 14:00:00,3.56,98.4,0.511,0.88,0.0478,252.79,261.13,54.7,43.6,80.5,108.6,92.7,97.66,0.11,10.4,B,0
2025-01-12 15:00:00,3.19,111.2,0.5952,0.9075,0.0603,280.68,271.86,70.2,41.0,78.8,111.1,80.3,104.05,0.13,10.9,A,0
2025-01-12 16:00:00,3.59,100.4,0.5276,0.88,0.0516,319.39,283.44,57.7,42.7,80.8,110.6,96.8,98.05,0.15,11.3,C,0
2025-01-12 17:00:00,4.03,119.9,0.495,0.88,0.0581,391.74,358.11,63.7,56.2,83.6,112.7,96.9,103.68,0.18,14.3,B,0
2025-01-12 18:00:00,4.77,125.4,0.5834,0.9051,0.0623,339.35,324.0,77.5,47.9,82.1,108.3,99.7,100.24,0.15,13.0,C,0
2025-01-12 19:00:00,2.51,119.0,0.5187,0.88,0.0546,242.74,247.79,66.9,52.1,80.6,111.4,97.1,106.64,0.11,9.9,C,0
2025-01-12 20:00:00,5.21,134.3,0.5097,0.9414,0.0501,506.0,467.93,69.2,65.0,76.6,112.5,95.7,101.68,0.23,18.7,B,0
2025-01-12 21:00:00,1.94,116.2,0.5251,0.8846,0.0424,220.4,224.7,66.6,49.6,84.5,109.1,92.6,104.5,0.1,9.0,A,0
2025-01-12 22:00:00,3.38,91.7,0.4925,0.8987,0.0452,250.5,246.81,48.1,43.7,80.9,109.7,92.6,102.68,0.11,9.9,A,0
2025-01-12 23:00:00,3.97,130.5,0.5007,0.88,0.0468,323.37,319.59,71.1,59.4,82.3,110.4,98.4,99.95,0.15,12.8,C,0
2025-01-13 00:00:00,3.72,100.9,0.4531,0.88,0.0439,270.65,254.36,49.4,51.5,79.3,109.5,94.2,101.26,0.12,10.2,A,0
2025-01-13 01:00:00,3.0,123.7,0.4399,0.88,0.0438,263.82,273.24,58.6,65.1,80.8,110.4,87.8,101.33,0.12,10.9,C,0
2025-01-13 02:00:00,3.33,133.6,0.4201,0.88,0.0453,291.63,280.62,60.0,73.6,80.3,111.3,93.3,99.91,0.13,11.2,C,0
2025-01-13 03:00:00,3.11,116.9,0.3886,0.896,0.0402,259.7,283.56,47.6,69.3,78.0,109.8,94.7,103.96,0.12,11.3,B,0
2025-01-13 04:00:00,3.03,87.6,0.4296,0.9029,0.0488,210.0,215.68,39.0,48.5,79.3,109.8,85.0,108.83,0.1,8.6,C,0
2025-01-13 05:00:00,4.18,96.2,0.4861,0.9126,0.047,280.24,272.49,48.8,47.4,82.0,110.5,98.7,101.65,0.13,10.9,B,0
2025-01-13 06:00:00,3.79,129.8,0.5082,0.88,0.0521,334.52,316.34,71.5,58.3,82.9,109.2,95.0,103.45,0.15,12.7,A,0
2025-01-13 07:00:00,2.95,107.5,0.4783,0.88,0.0495,283.64,275.43,55.5,52.0,79.9,109.3,88.2,102.89,0.13,11.0,B,0
2025-01-13 08:00:00,4.22,111.2,0.3115,0.919,0.0324,313.87,314.89,35.0,76.2,78.4,108.2,93.5,93.47,0.14,12.6,A,1
2025-01-13 09:00:00,3.75,121.4,0.626,0.9554,0.069,379.11,361.56,76.3,45.1,80.9,109.9,94.5,102.77,0.17,14.5,B,0
2025-01-13 10:00:00,4.15,120.4,0.5869,0.8833,0.0627,345.15,347.86,76.9,43.5,84.3,110.9,99.7,102.62,0.16,13.9,A,0
2025-01-13 11:00:00,4.0,114.2,0.5357,0.9301,0.047,348.21,342.85,63.2,51.0,79.2,109.5,99.6,97.55,0.16,13.7,C,0
2025-01-13 12:00:00,2.84,106.9,0.6526,0.88,0.0647,264.68,265.33,77.1,29.8,82.0,108.5,100.4,95.93,0.12,10.6,B,0
2025-01-13 13:00:00,3.05,105.3,0.4218,0.9276,0.0421,244.19,251.44,45.2,60.2,80.0,109.8,96.9,102.58,0.11,10.1,A,0
2025-01-13 14:00:00,4.1,122.9,0.651,0.88,0.0759,352.91,357.91,87.9,35.0,85.4,110.8,91.7,106.24,0.16,14.3,B,0
2025-01-13 15:00:00,3.99,118.3,0.4228,0.88,0.0406,330.23,329.91,53.9,64.4,80.5,110.3,90.5,100.19,0.15,13.2,C,0
2025-01-13 16:00:00,3.48,106.1,0.5191,0.8873,0.047,296.79,295.81,59.6,46.5,84.0,114.5,91.5,100.31,0.13,11.8,A,0
2025-01-13 17:00:00,3.59,126.2,0.3981,0.9117,0.042,336.21,331.82,51.7,74.5,85.0,108.7,94.7,108.22,0.15,13.3,C,0
2025-01-13 18:00:00,4.52,108.1,0.5012,0.88,0.0526,326.04,301.16,58.6,49.5,86.6,109.7,94.9,103.99,0.15,12.0,B,0
2025-01-13 19:00:00,3.03,97.2,0.5309,0.88,0.0527,248.08,277.98,56.2,41.0,77.9,111.6,100.1,97.66,0.11,11.1,C,0
2025-01-13 20:00:00,3.94,98.6,0.4876,0.88,0.0477,301.73,303.25,52.1,46.5,77.8,108.6,93.7,99.16,0.14,12.1,A,0
2025-01-13 21:00:00,3.34,95.3,0.5571,0.9025,0.0605,295.01,298.63,56.2,39.1,85.5,113.9,84.9,107.84,0.13,11.9,C,0
2025-01-13 22:00:00,3.33,105.9,0.5079,0.88,0.0465,280.64,278.21,58.6,47.3,85.0,110.0,89.0,99.31,0.13,11.1,C,0
2025-01-13 23:00:00,4.38,128.5,0.4582,0.88,0.0441,395.96,337.9,63.7,64.8,80.1,111.1,90.1,99.7,0.18,13.5,A,0
2025-01-14 00:00:00,4.16,97.9,0.4547,0.8971,0.0429,313.48,302.93,47.2,50.7,72.3,110.0,90.1,103.31,0.14,12.1,A,0
2025-01-14 01:00:00,4.15,112.8,0.5649,0.88,0.062,312.99,307.05,69.4,43.5,82.2,112.0,81.0,100.51,0.14,12.3,C,0
2025-01-14 02:00:00,4.54,100.1,0.4477,0.9165,0.0462,279.73,267.99,46.2,53.9,77.4,107.9,102.8,102.63,0.13,10.7,B,0
2025-01-14 03:00:00,3.52,106.1,0.5732,0.88,0.052,282.13,269.84,66.8,39.3,79.5,113.1,84.1,102.16,0.13,10.8,C,0
2025-01-14 04:00:00,4.05,87.3,0.5978,0.8809,0.055,293.99,285.65,57.4,29.9,82.5,110.5,92.1,100.86,0.13,11.4,C,0
2025-01-14 05:00:00,3.25,106.7,0.3665,0.9116,0.046,304.79,309.07,39.5,67.2,82.9,111.3,98.3,104.93,0.14,12.4,A,0
2025-01-14 06:00:00,3.76,107.1,0.5906,0.88,0.0645,256.95,272.12,69.1,38.0,86.7,108.5,97.9,97.47,0.12,10.9,A,0
2025-01-14 07:00:00,3.4,118.1,0.6648,0.9354,0.0707,326.88,320.22,81.1,37.0,80.9,110.7,87.7,101.65,0.15,12.8,A,0
2025-01-14 08:00:00,3.58,113.3,0.5202,0.88,0.0521,252.75,248.74,64.1,49.3,79.1,108.1,101.0,99.56,0.11,9.9,A,0
2025-01-14 09:00:00,3.98,92.0,0.5479,0.8974,0.0623,289.48,281.6,53.5,38.5,84.8,112.4,100.3,106.23,0.13,11.3,C,0
2025-01-14 10:00:00,2.85,126.3,0.583,0.8913,0.0528,302.46,298.37,79.8,46.4,83.1,107.4,94.1,100.78,0.14,11.9,A,0
2025-01-14 11:00:00,5.17,113.2,0.478,0.88,0.0516,339.08,331.36,58.2,54.9,80.9,110.3,95.1,107.07,0.15,13.3,A,0
2025-01-14 12:00:00,2.7,113.0,0.5146,0.88,0.0492,279.61,282.84,63.3,49.7,82.1,109.2,90.4,100.03,0.13,11.3,B,0
2025-01-14 13:00:00,2.53,109.9,0.3949,0.8843,0.0382,277.63,270.8,46.3,63.6,80.9,106.9,96.3,101.63,0.13,10.8,B,0
2025-01-14 14:00:00,4.43,102.2,0.5111,0.88,0.0547,325.65,324.13,56.5,45.7,84.1,108.1,96.1,104.56,0.15,13.0,B,0
2025-01-14 15:00:00,4.13,113.3,0.5398,0.9306,0.0533,344.82,339.69,62.8,50.4,87.1,110.9,92.6,98.43,0.16,13.6,B,0
2025-01-14 16:00:00,4.0,117.1,0.5413,0.9144,0.052,386.1,361.7,66.5,50.7,79.8,108.2,98.2,105.83,0.18,14.5,C,0
2025-01-14 17:00:00,4.0,83.8,0.5852,0.88,0.056,236.0,223.35,53.8,30.0,83.3,108.7,96.7,101.38,0.11,8.9,B,0
2025-01-14 18:00:00,3.49,101.9,0.438,0.88,0.0339,253.62,246.04,48.7,53.2,77.4,110.7,111.1,102.53,0.12,9.8,B,0
2025-01-14 19:00:00,2.78,106.2,0.4574,0.88,0.0496,233.93,254.43,52.1,54.0,78.8,111.8,90.5,102.94,0.11,10.2,B,0
2025-01-14 20:00:00,3.56,113.8,0.6516,0.88,0.0601,310.56,281.62,82.1,31.7,83.7,111.3,101.7,101.07,0.14,11.3,C,0
2025-01-14 21:00:00,2.96,127.9,0.488,0.9211,0.0581,304.0,315.42,63.7,64.2,81.8,109.9,90.7,98.87,0.14,12.6,C,0
2025-01-14 22:00:00,4.28,98.4,0.516,0.8988,0.0502,295.47,269.44,54.0,44.4,78.7,110.4,97.6,101.58,0.13,10.8,C,0
2025-01-14 23:00:00,3.38,102.5,0.4946,0.88,0.056,267.91,258.92,54.6,48.0,82.0,110.2,82.0,95.27,0.12,10.4,B,0
2025-01-15 00:00:00,2.84,102.3,0.4343,0.88,0.0344,235.82,236.69,48.4,53.9,84.6,107.9,92.4,97.37,0.11,9.5,C,0
2025-01-15 01:00:00,3.24,98.0,0.6299,0.9374,0.0666,247.63,269.24,63.4,34.6,77.7,110.6,97.4,100.88,0.11,10.8,C,0
2025-01-15 02:00:00,3.83,104.8,0.4578,0.9469,0.0507,283.64,281.41,47.6,57.2,87.2,107.9,96.2,105.94,0.13,11.3,B,0
2025-01-15 03:00:00,3.05,121.6,0.4098,0.9116,0.0475,277.39,273.26,51.0,70.6,83.7,111.2,85.0,105.85,0.13,10.9,C,0
2025-01-15 04:00:00,2.84,94.2,0.4639,0.88,0.0388,194.75,197.79,47.6,46.6,83.8,110.3,92.9,104.24,0.09,7.9,C,0
2025-01-15 05:00:00,3.69,116.4,0.3399,0.8869,0.0305,317.17,316.63,42.1,74.4,82.0,105.7,102.4,96.68,0.14,12.7,C,0
2025-01-15 06:00:00,3.7,84.5,0.4479,0.9047,0.0477,209.55,213.55,39.4,45.0,87.2,112.0,100.1,102.2,0.1,8.5,B,0
2025-01-15 07:00:00,3.09,101.6,0.4225,0.8956,0.043,273.57,269.87,45.2,56.4,84.9,109.0,99.8,98.72,0.12,10.8,C,0
2025-01-15 08:00:00,3.12,105.1,0.5494,0.9256,0.0564,254.46,252.41,59.6,45.5,80.9,108.8,106.8,101.1,0.12,10.1,A,1
2025-01-15 09:00:00,3.69,135.1,0.4461,0.9096,0.0428,362.79,359.47,62.9,72.3,84.3,111.9,86.3,104.16,0.16,14.4,C,0
2025-01-15 10:00:00,2.34,105.9,0.571,0.88,0.0649,220.3,234.38,65.7,40.1,79.8,109.7,93.0,103.27,0.1,9.4,B,0
2025-01-15 11:00:00,2.37,77.0,0.6119,0.88,0.0742,176.7,183.51,51.4,25.6,81.2,111.2,95.2,105.15,0.08,7.3,A,0
2025-01-15 12:00:00,2.93,80.0,0.5625,0.88,0.0568,226.88,226.8,49.2,30.9,86.4,108.7,91.3,97.07,0.1,9.1,A,0
2025-01-15 13:00:00,3.33,110.5,0.4828,0.8978,0.0505,256.88,250.43,56.4,54.1,83.2,111.6,95.6,98.23,0.12,10.0,B,0
2025-01-15 14:00:00,3.75,119.2,0.5113,0.88,0.0514,287.09,286.27,66.2,53.0,84.0,110.4,101.5,105.82,0.13,11.5,C,0
2025-01-15 15:00:00,4.68,115.6,0.378,0.8911,0.0442,382.33,379.71,45.6,70.1,85.5,110.8,95.6,105.87,0.17,15.2,B,0
2025-01-15 16:00:00,4.19,112.5,0.4893,0.885,0.0531,327.29,320.93,59.0,53.5,83.6,109.6,84.0,101.25,0.15,12.8,B,0
2025-01-15 17:00:00,3.37,127.4,0.4312,0.9356,0.0378,338.59,296.28,55.8,71.6,79.6,113.3,98.4,101.23,0.15,11.9,B,0
2025-01-15 18:00:00,3.48,101.9,0.5555,0.8888,0.0525,294.89,300.18,61.3,40.6,87.0,113.7,94.9,104.82,0.13,12.0,A,0
2025-01-15 19:00:00,2.7,123.4,0.7058,0.88,0.0655,252.96,240.51,97.0,26.4,83.5,105.6,84.1,102.9,0.11,9.6,C,0
2025-01-15 20:00:00,3.49,85.5,0.54,0.883,0.0675,253.36,247.65,49.6,36.0,83.8,111.9,91.9,103.12,0.12,9.9,B,0
2025-01-15 21:00:00,3.27,96.4,0.3407,0.9372,0.0372,234.79,241.55,32.5,63.9,82.2,107.8,86.3,98.53,0.11,9.7,C,0
2025-01-15 22:00:00,3.76,82.9,0.4711,0.8887,0.0441,248.68,250.49,41.9,41.0,85.3,111.0,93.6,104.75,0.11,10.0,A,0
2025-01-15 23:00:00,2.84,105.9,0.5098,0.88,0.0476,228.06,242.31,58.8,47.1,87.7,106.4,92.5,100.7,0.1,9.7,C,0
2025-01-16 00:00:00,3.92,109.3,0.507,0.88,0.0547,322.2,305.5,59.9,49.4,80.9,110.8,87.4,97.12,0.15,12.2,B,0
2025-01-16 01:00:00,4.73,111.7,0.4415,0.88,0.0487,369.17,338.63,52.8,58.9,85.2,108.3,96.3,98.96,0.17,13.5,A,0
2025-01-16 02:00:00,3.41,110.9,0.5196,0.9415,0.056,267.77,264.06,58.1,52.8,82.1,109.1,89.6,99.51,0.12,10.6,A,0
2025-01-16 03:00:00,3.82,96.1,0.4006,0.88,0.0379,250.17,263.03,41.4,54.7,76.0,109.1,101.6,105.73,0.11,10.5,A,0
2025-01-16 04:00:00,4.05,107.1,0.4244,0.88,0.044,340.97,338.95,48.8,58.4,77.8,108.5,95.8,99.21,0.15,13.6,A,0
2025-01-16 05:00:00,3.18,87.5,0.5517,0.8848,0.0557,224.63,231.76,52.4,35.2,83.3,108.6,93.7,102.45,0.1,9.3,B,0
2025-01-16 06:00:00,3.68,130.4,0.4187,0.8809,0.0372,386.09,389.93,59.0,71.5,85.0,109.2,101.3,94.97,0.18,15.6,B,0
2025-01-16 07:00:00,3.51,105.4,0.5431,0.9229,0.0497,274.86,287.01,59.6,45.9,83.8,109.7,96.3,104.11,0.12,11.5,C,0
2025-01-16 08:00:00,3.58,102.7,0.3904,0.88,0.0411,315.61,318.85,42.8,59.9,84.3,110.6,96.7,98.93,0.14,12.8,A,0
2025-01-16 09:00:00,2.88,133.8,0.6412,0.9068,0.0651,285.11,268.07,91.6,42.2,89.8,113.7,94.7,102.47,0.13,10.7,C,0
2025-01-16 10:00:00,3.52,91.4,0.4381,0.88,0.0466,286.88,293.4,42.9,48.4,83.6,108.1,93.4,102.47,0.13,11.7,A,0
2025-01-16 11:00:00,3.9,93.1,0.4821,0.9259,0.0522,282.04,277.31,45.8,47.3,81.2,110.3,97.0,103.2,0.13,11.1,C,0
2025-01-16 12:00:00,4.66,93.6,0.5264,0.9334,0.0601,325.4,311.12,50.0,43.6,81.6,111.5,102.6,102.3,0.15,12.4,C,0
2025-01-16 13:00:00,4.27,109.0,0.4548,0.8916,0.0416,308.21,293.04,53.0,56.0,86.9,108.6,77.9,107.04,0.14,11.7,B,0
2025-01-16 14:00:00,5.22,116.5,0.5115,0.88,0.0543,438.81,409.79,64.5,52.0,78.2,105.5,104.3,101.93,0.2,16.4,A,1
2025-01-16 15:00:00,2.89,121.1,0.546,0.892,0.0583,303.27,289.71,70.8,50.3,85.7,106.2,90.0,108.05,0.14,11.6,C,0
2025-01-16 16:00:00,4.2,148.6,0.5768,0.9,0.0561,423.62,403.13,91.7,56.9,82.0,105.6,96.0,103.21,0.19,16.1,C,0
2025-01-16 17:00:00,3.65,76.3,0.5633,0.88,0.0569,189.37,199.57,46.9,29.3,79.5,113.1,86.4,102.12,0.09,8.0,A,0
2025-01-16 18:00:00,5.25,119.1,0.4863,0.9478,0.0472,380.93,367.36,58.1,61.1,77.6,111.2,102.5,103.97,0.17,14.7,C,0
2025-01-16 19:00:00,2.85,101.6,0.4883,0.88,0.0594,224.03,235.69,53.1,48.5,86.4,111.5,88.1,101.89,0.1,9.4,A,0
2025-01-16 20:00:00,2.83,101.2,0.6879,0.88,0.0693,252.42,251.4,77.2,24.0,79.4,112.0,100.6,102.65,0.11,10.1,C,1
2025-01-16 21:00:00,3.02,100.7,0.576,0.88,0.0599,243.02,238.96,63.4,37.3,82.2,108.8,93.8,102.34,0.11,9.6,B,1
2025-01-16 22:00:00,1.8,96.4,0.4263,0.88,0.0413,178.94,176.84,44.2,52.1,79.1,114.6,94.2,102.04,0.08,7.1,B,0
2025-01-16 23:00:00,3.08,135.3,0.508,0.8959,0.0484,310.28,313.9,73.4,61.9,87.9,110.7,88.7,107.66,0.14,12.6,C,0
2025-01-17 00:00:00,2.89,122.6,0.4732,0.88,0.0408,323.76,316.28,63.2,59.4,82.3,109.9,101.1,108.12,0.15,12.7,B,0
2025-01-17 01:00:00,3.62,110.3,0.4892,0.88,0.0544,306.08,297.87,58.1,52.2,78.0,112.2,94.3,102.28,0.14,11.9,C,0
2025-01-17 02:00:00,3.77,130.3,0.4016,0.8948,0.044,367.05,370.28,54.8,75.5,80.7,111.3,98.6,105.08,0.17,14.8,B,0
2025-01-17 03:00:00,5.0,87.3,0.467,0.88,0.0452,295.75,275.19,44.1,43.2,86.2,112.7,84.7,104.9,0.13,11.0,B,0
2025-01-17 04:00:00,4.26,90.0,0.6449,0.8948,0.06,286.12,283.88,63.1,27.0,79.1,112.8,90.5,104.58,0.13,11.4,A,0
2025-01-17 05:00:00,3.04,77.3,0.5463,0.8881,0.0555,190.91,194.45,45.6,31.7,80.9,109.3,96.3,102.94,0.09,7.8,A,0
2025-01-17 06:00:00,2.78,99.5,0.3007,0.8932,0.0276,244.6,254.73,31.4,68.1,85.6,110.4,87.1,103.29,0.11,10.2,B,0
2025-01-17 07:00:00,3.89,112.4,0.5973,0.88,0.0586,293.54,261.74,73.7,38.7,83.0,108.2,96.8,103.01,0.13,10.5,C,0
2025-01-17 08:00:00,2.44,111.5,0.5872,0.8873,0.0524,256.36,266.67,71.4,40.1,78.3,106.7,91.7,99.14,0.12,10.7,C,0
2025-01-17 09:00:00,4.97,112.2,0.4713,0.8916,0.0482,360.16,357.81,56.3,55.9,82.7,111.7,91.1,101.1,0.16,14.3,A,0
2025-01-17 10:00:00,4.44,88.8,0.5574,0.88,0.0569,314.72,295.16,54.0,34.8,81.5,111.9,97.6,97.71,0.14,11.8,A,0
2025-01-17 11:00:00,3.12,122.0,0.4312,0.8906,0.0486,349.71,338.24,55.5,66.6,82.2,106.0,95.9,103.03,0.16,13.5,B,0
2025-01-17 12:00:00,2.13,113.6,0.4624,0.9552,0.0455,227.77,224.87,52.1,61.5,84.8,108.6,89.4,102.59,0.1,9.0,C,0
2025-01-17 13:00:00,4.58,121.0,0.6199,0.9175,0.0603,432.07,415.11,79.0,42.0,82.7,110.1,100.6,103.4,0.2,16.6,C,0
2025-01-17 14:00:00,3.41,81.6,0.4783,0.934,0.04,243.4,255.37,40.0,41.6,81.7,110.3,97.5,98.98,0.11,10.2,B,1
2025-01-17 15:00:00,4.49,114.7,0.3504,0.8957,0.0405,319.69,298.08,41.6,73.1,81.6,114.1,84.9,104.19,0.15,11.9,A,0
2025-01-17 16:00:00,2.22,92.2,0.4949,0.88,0.054,200.27,199.19,49.2,43.0,85.2,108.7,93.5,102.71,0.09,8.0,C,0
2025-01-17 17:00:00,3.02,104.0,0.4937,0.8889,0.0495,269.63,281.75,55.1,49.0,79.8,109.7,96.9,108.0,0.12,11.3,B,0
2025-01-17 18:00:00,3.5,118.0,0.5959,0.9417,0.0529,331.67,349.28,72.1,45.9,75.5,111.3,94.4,103.72,0.15,14.0,B,0
2025-01-17 19:00:00,3.54,111.4,0.5011,0.88,0.044,307.17,307.55,60.9,50.5,81.3,109.3,78.4,99.51,0.14,12.3,C,0
2025-01-17 20:00:00,3.14,97.2,0.4663,0.88,0.0439,254.58,262.55,49.1,48.1,83.1,109.0,95.3,97.25,0.12,10.5,B,0
2025-01-17 21:00:00,4.0,110.1,0.5836,0.88,0.0632,325.28,311.9,70.1,39.9,80.8,108.8,98.8,101.95,0.15,12.5,B,0
2025-01-17 22:00:00,2.65,87.0,0.5097,0.88,0.0524,210.76,220.76,48.1,38.9,80.4,110.5,94.6,98.21,0.1,8.8,A,0
2025-01-17 23:00:00,3.39,127.3,0.44,0.88,0.0365,294.92,295.08,60.9,66.4,80.9,109.6,95.3,99.1,0.13,11.8,A,0
2025-01-18 00:00:00,3.6,106.9,0.5924,0.9494,0.0613,289.91,284.18,63.9,43.0,81.9,111.4,100.1,98.4,0.13,11.4,A,0
2025-01-18 01:00:00,3.91,126.8,0.5155,0.8884,0.0474,316.1,326.82,70.6,56.2,78.1,110.7,87.1,99.56,0.14,13.1,A,0
2025-01-18 02:00:00,4.07,102.1,0.5002,0.9295,0.0474,295.91,293.75,52.4,49.7,84.0,104.2,98.7,105.67,0.13,11.7,C,0
2025-01-18 03:00:00,2.6,102.1,0.5142,0.8833,0.0563,223.01,232.46,56.6,45.6,74.0,106.5,96.7,98.4,0.1,9.3,A,0
2025-01-18 04:00:00,2.27,98.5,0.4143,0.88,0.0453,200.69,209.2,43.6,55.0,83.6,109.0,86.9,100.03,0.09,8.4,C,0
2025-01-18 05:00:00,4.52,123.1,0.4578,0.88,0.0512,354.24,340.19,60.4,62.7,82.9,112.0,98.5,97.01,0.16,13.6,C,0
2025-01-18 06:00:00,3.77,99.4,0.5003,0.88,0.0499,293.14,304.35,53.9,45.5,83.5,108.7,104.0,96.18,0.13,12.2,C,0
2025-01-18 07:00:00,2.9,119.7,0.4844,0.9155,0.0529,276.0,276.31,59.9,59.8,76.2,110.7,96.7,100.46,0.13,11.1,C,0
2025-01-18 08:00:00,4.74,104.3,0.6018,0.9127,0.0572,336.7,328.62,66.4,37.9,82.9,111.2,97.8,101.92,0.15,13.1,C,0
2025-01-18 09:00:00,3.59,80.4,0.5174,0.9037,0.0505,208.56,218.89,44.0,36.4,80.4,111.1,89.7,97.85,0.09,8.8,A,0
2025-01-18 10:00:00,4.44,101.4,0.5684,0.88,0.0552,317.88,305.27,63.1,38.3,86.8,108.9,91.9,96.74,0.14,12.2,C,0
2025-01-18 11:00:00,3.55,92.3,0.5008,0.88,0.0502,284.28,264.63,50.1,42.2,83.1,107.7,89.9,95.69,0.13,10.6,C,0
2025-01-18 12:00:00,5.15,110.5,0.5845,0.88,0.052,429.17,433.48,71.1,39.4,78.5,107.4,97.0,101.74,0.2,17.3,B,0
2025-01-18 13:00:00,4.9,92.1,0.5318,0.899,0.0521,332.18,337.44,52.2,39.9,76.9,115.9,92.4,104.1,0.15,13.5,A,0
2025-01-18 14:00:00,3.3,123.9,0.5011,0.9277,0.0574,308.55,318.65,63.2,60.7,80.2,110.9,92.1,97.02,0.14,12.7,B,0
2025-01-18 15:00:00,4.28,108.6,0.4989,0.88,0.0444,352.67,323.69,59.1,49.5,84.4,113.7,98.5,99.36,0.16,12.9,A,0
2025-01-18 16:00:00,4.02,107.3,0.4236,0.899,0.0357,301.25,314.56,48.2,59.1,85.5,108.3,103.3,104.55,0.14,12.6,A,0
2025-01-18 17:00:00,4.59,119.8,0.5406,0.9423,0.0478,375.21,390.29,66.0,53.8,82.5,112.5,94.6,100.66,0.17,15.6,C,0
2025-01-18 18:00:00,2.73,124.5,0.4968,0.9197,0.063,264.77,276.81,63.0,61.4,82.2,109.0,87.1,101.0,0.12,11.1,B,0
2025-01-18 19:00:00,4.05,109.7,0.4598,0.88,0.0483,352.08,363.93,54.3,55.4,81.0,109.9,95.2,102.44,0.16,14.6,B,0
2025-01-18 20:00:00,4.35,98.4,0.5885,0.88,0.0575,333.67,334.93,63.5,34.9,81.9,109.4,96.0,99.97,0.15,13.4,C,0
2025-01-18 21:00:00,2.09,83.4,0.4,0.8836,0.0403,178.52,185.32,35.6,47.8,85.6,108.2,99.2,98.97,0.08,7.4,B,0
2025-01-18 22:00:00,2.55,99.7,0.4662,0.88,0.0478,257.82,264.71,50.1,49.6,81.0,108.3,93.4,102.22,0.12,10.6,A,0
2025-01-18 23:00:00,1.87,100.7,0.5822,0.8931,0.055,200.46,201.69,63.4,37.4,84.0,109.9,99.4,97.16,0.09,8.1,A,0
2025-01-19 00:00:00,3.28,111.6,0.5252,0.88,0.0499,297.6,285.41,63.9,47.7,80.4,108.8,98.6,96.46,0.14,11.4,A,0
2025-01-19 01:00:00,4.07,104.8,0.4962,0.88,0.0488,322.56,318.51,56.4,48.4,85.0,110.3,93.5,99.22,0.15,12.7,A,0
2025-01-19 02:00:00,4.7,120.3,0.5201,0.8899,0.0484,349.72,339.97,67.4,52.9,83.7,108.3,99.1,103.44,0.16,13.6,C,0
2025-01-19 03:00:00,3.56,100.8,0.5144,0.8879,0.0495,259.25,265.46,55.9,44.9,84.9,111.4,99.7,104.79,0.12,10.6,C,0
2025-01-19 04:00:00,4.8,109.1,0.3787,0.88,0.0396,364.95,322.41,44.0,65.1,87.6,109.1,89.5,99.88,0.17,12.9,C,0
2025-01-19 05:00:00,2.4,127.8,0.4721,0.88,0.0422,265.92,264.29,65.5,62.2,74.3,113.3,99.8,103.79,0.12,10.6,B,0
2025-01-19 06:00:00,2.14,115.1,0.6293,0.88,0.076,241.24,250.69,79.2,35.9,84.3,109.9,94.4,105.45,0.11,10.0,B,0
2025-01-19 07:00:00,3.46,109.1,0.4473,0.88,0.0485,276.82,284.1,52.3,56.8,83.4,109.8,93.8,101.41,0.13,11.4,B,0
2025-01-19 08:00:00,3.81,101.0,0.4745,0.8934,0.0411,294.41,300.43,51.3,49.6,83.3,113.2,94.5,103.21,0.13,12.0,B,0
2025-01-19 09:00:00,3.47,100.5,0.4567,0.9383,0.0333,276.81,278.24,47.0,53.5,82.7,109.0,101.2,106.9,0.13,11.1,C,0
2025-01-19 10:00:00,1.85,97.2,0.493,0.9058,0.0459,190.15,198.56,50.6,46.7,82.7,109.2,101.2,99.19,0.09,7.9,B,0
2025-01-19 11:00:00,3.43,101.9,0.4534,0.88,0.0488,275.98,280.46,49.6,52.3,83.0,108.6,97.4,100.58,0.13,11.2,B,0
2025-01-19 12:00:00,2.46,121.3,0.5389,0.88,0.0563,230.26,232.78,71.1,50.2,84.7,110.4,96.3,106.1,0.1,9.3,B,1
2025-01-19 13:00:00,4.04,106.7,0.5158,0.9035,0.051,257.85,269.05,58.2,48.5,84.5,108.5,94.5,98.48,0.12,10.8,A,0
2025-01-19 14:00:00,3.79,89.8,0.5619,0.88,0.0532,244.85,252.57,55.2,34.5,81.9,111.6,108.5,101.77,0.11,10.1,C,0
2025-01-19 15:00:00,2.75,136.5,0.4159,0.88,0.0371,292.26,287.66,61.4,75.2,81.4,109.9,91.6,99.42,0.13,11.5,C,0
2025-01-19 16:00:00,3.09,114.8,0.4728,0.8888,0.0453,257.04,250.09,58.2,56.6,82.1,111.7,92.8,105.39,0.12,10.0,C,0
2025-01-19 17:00:00,2.65,88.9,0.4819,0.8988,0.0431,211.45,229.79,45.6,43.3,80.8,111.5,96.5,97.75,0.1,9.2,A,0
2025-01-19 18:00:00,3.45,103.4,0.5365,0.8946,0.0517,305.07,306.56,59.4,43.9,87.3,109.0,90.5,101.1,0.14,12.3,C,0
2025-01-19 19:00:00,4.26,111.7,0.4365,0.9058,0.0503,365.24,383.1,50.4,61.2,78.2,108.5,100.2,98.16,0.17,15.3,C,0
2025-01-19 20:00:00,2.71,135.6,0.5733,0.88,0.0535,313.31,313.32,85.3,50.3,84.2,109.3,87.6,96.9,0.14,12.5,C,0
2025-01-19 21:00:00,3.9,93.4,0.5949,0.88,0.0625,301.48,304.08,60.8,32.6,84.2,110.0,91.4,95.61,0.14,12.2,B,0
2025-01-19 22:00:00,3.08,124.6,0.4209,0.8961,0.0459,280.52,260.97,55.0,69.7,80.4,110.7,93.0,100.81,0.13,10.4,B,0
2025-01-19 23:00:00,2.87,131.0,0.4607,0.9377,0.0407,291.62,291.73,61.3,69.7,82.9,110.9,90.0,102.75,0.13,11.7,C,0
2025-01-20 00:00:00,3.41,100.6,0.4574,0.88,0.0415,285.63,278.94,49.9,50.7,85.8,109.9,100.2,101.35,0.13,11.2,A,0
2025-01-20 01:00:00,2.67,105.8,0.7106,0.88,0.0764,235.09,248.08,83.5,22.3,81.0,108.6,88.4,102.0,0.11,9.9,B,0
2025-01-20 02:00:00,3.06,94.5,0.4656,0.88,0.0419,233.56,241.85,47.8,46.7,85.9,108.8,90.2,100.0,0.11,9.7,A,0
2025-01-20 03:00:00,2.54,106.9,0.6342,0.88,0.0631,274.66,284.96,74.8,32.2,85.4,111.0,91.6,104.25,0.12,11.4,A,0
2025-01-20 04:00:00,5.07,109.5,0.3987,0.9003,0.0501,385.45,402.57,44.9,64.6,79.9,108.7,99.2,103.48,0.18,16.1,A,0
2025-01-20 05:00:00,3.53,119.9,0.4208,0.88,0.047,369.33,341.4,53.8,66.1,78.7,111.1,102.3,101.68,0.17,13.7,C,0
2025-01-20 06:00:00,2.94,126.4,0.4451,0.8959,0.0449,253.54,265.71,59.4,66.9,82.5,111.2,97.6,101.92,0.12,10.6,B,0
2025-01-20 07:00:00,3.67,98.8,0.4323,0.9284,0.0474,266.15,273.96,43.2,55.6,78.3,113.1,88.4,99.9,0.12,11.0,C,0
2025-01-20 08:00:00,3.41,80.5,0.4786,0.88,0.0476,234.74,259.28,41.7,38.8,73.3,109.0,91.9,107.14,0.11,10.4,C,0
2025-01-20 09:00:00,3.32,109.7,0.4433,0.88,0.0494,289.31,294.59,52.0,57.7,80.5,109.3,102.9,103.72,0.13,11.8,B,0
2025-01-20 10:00:00,3.99,114.4,0.4345,0.895,0.0332,276.82,282.38,53.3,61.1,88.5,105.4,95.1,100.99,0.13,11.3,A,0
2025-01-20 11:00:00,4.11,113.7,0.5927,0.8899,0.0586,333.72,335.73,73.1,40.7,80.7,108.1,87.8,100.78,0.15,13.4,C,0
2025-01-20 12:00:00,3.08,105.1,0.5979,0.8948,0.0494,317.14,321.98,68.2,36.9,83.1,108.1,106.0,100.13,0.14,12.9,A,0
2025-01-20 13:00:00,3.04,111.9,0.5759,0.88,0.0584,281.52,296.69,70.5,41.4,84.1,111.0,92.2,100.4,0.13,11.9,A,0
2025-01-20 14:00:00,3.28,132.7,0.5419,0.9279,0.053,351.21,326.3,74.2,58.6,81.9,113.6,94.6,102.04,0.16,13.1,A,0
2025-01-20 15:00:00,1.66,115.7,0.5074,0.88,0.0575,193.92,201.6,63.3,52.4,81.0,111.2,91.6,96.18,0.09,8.1,B,0
2025-01-20 16:00:00,2.29,104.4,0.4602,0.88,0.0496,225.8,248.58,51.6,52.8,85.7,112.0,90.2,100.55,0.1,9.9,A,0
2025-01-20 17:00:00,4.59,102.5,0.4237,0.88,0.0397,336.31,297.86,46.8,55.7,82.1,108.6,101.5,100.91,0.15,11.9,B,0
2025-01-20 18:00:00,4.82,107.5,0.529,0.9024,0.0509,397.43,376.38,60.3,47.1,81.7,107.6,96.0,101.28,0.18,15.1,B,0
2025-01-20 19:00:00,3.3,134.6,0.4061,0.8883,0.0425,370.79,357.53,57.8,76.7,84.4,109.5,96.6,101.82,0.17,14.3,C,0
2025-01-20 20:00:00,3.96,107.3,0.4205,0.918,0.0392,326.89,315.4,46.5,60.7,78.9,108.8,88.6,101.4,0.15,12.6,A,0
2025-01-20 21:00:00,3.75,109.7,0.5922,0.8968,0.0591,312.34,326.47,69.8,39.9,78.2,108.3,93.5,102.52,0.14,13.1,C,1
2025-01-20 22:00:00,5.96,102.8,0.6521,0.88,0.0718,347.71,342.58,73.8,29.0,77.1,110.4,91.9,100.9,0.16,13.7,C,0
2025-01-20 23:00:00,4.4,126.5,0.5315,0.88,0.049,332.75,317.36,73.4,53.1,83.7,107.6,90.9,104.26,0.15,12.7,B,0
2025-01-21 00:00:00,3.4,139.4,0.5885,0.88,0.0566,359.02,335.49,90.1,49.3,81.5,111.7,97.3,103.27,0.16,13.4,C,0
2025-01-21 01:00:00,2.74,116.8,0.4803,0.88,0.0465,287.16,287.52,60.8,56.0,84.5,109.2,93.3,108.04,0.13,11.5,A,0
2025-01-21 02:00:00,2.21,111.2,0.393,0.88,0.0551,252.63,267.25,45.6,65.7,82.2,109.9,98.5,103.41,0.11,10.7,A,0
2025-01-21 03:00:00,3.66,110.6,0.549,0.9133,0.0579,284.81,283.76,63.5,47.1,77.9,110.2,98.6,99.06,0.13,11.4,B,0
2025-01-21 04:00:00,2.89,74.2,0.5455,0.9273,0.0602,172.75,185.85,41.5,32.7,80.9,109.1,92.8,100.83,0.08,7.4,A,0
2025-01-21 05:00:00,2.36,121.2,0.5057,0.8835,0.0544,272.72,263.75,66.0,55.2,84.7,112.5,97.3,99.78,0.12,10.6,B,0
2025-01-21 06:00:00,2.98,112.0,0.4806,0.88,0.0522,254.89,260.7,58.0,54.0,81.2,106.8,92.7,101.32,0.12,10.4,B,0
2025-01-21 07:00:00,2.63,116.4,0.577,0.8969,0.0601,228.22,237.08,71.9,44.5,85.6,112.6,91.1,104.59,0.1,9.5,B,0
2025-01-21 08:00:00,4.85,99.3,0.4211,0.9116,0.0439,326.18,307.21,43.2,56.1,80.6,109.3,89.7,100.33,0.15,12.3,A,0
2025-01-21 09:00:00,4.21,104.2,0.4381,0.9072,0.0366,307.42,314.72,48.1,56.2,84.2,111.8,95.4,99.59,0.14,12.6,C,0
2025-01-21 10:00:00,3.49,103.8,0.4194,0.9086,0.0437,314.1,329.76,45.1,58.7,76.7,110.4,91.3,102.85,0.14,13.2,B,0
2025-01-21 11:00:00,4.68,125.3,0.5068,0.9344,0.0501,437.0,412.36,64.7,60.6,81.3,111.7,101.9,98.85,0.2,16.5,B,1
2025-01-21 12:00:00,3.56,104.3,0.413,0.88,0.044,270.4,273.31,46.0,58.3,80.8,109.8,103.1,98.68,0.12,10.9,C,0
2025-01-21 13:00:00,2.81,141.2,0.4453,0.88,0.0442,356.75,326.49,67.8,73.5,77.8,110.5,97.4,102.45,0.16,13.1,B,0
2025-01-21 14:00:00,4.72,116.5,0.4435,0.919,0.0482,387.16,381.22,52.9,63.6,85.3,112.2,96.2,95.93,0.18,15.2,C,0
2025-01-21 15:00:00,3.93,90.9,0.4792,0.88,0.0526,297.8,299.0,46.8,44.0,80.1,110.2,95.1,99.85,0.14,12.0,B,0
2025-01-21 16:00:00,2.67,108.1,0.381,0.9232,0.0235,274.64,269.64,42.9,65.1,79.8,112.7,106.9,103.87,0.12,10.8,C,0
2025-01-21 17:00:00,3.35,100.2,0.507,0.8823,0.0485,262.15,254.55,55.1,45.1,85.9,110.7,104.8,95.8,0.12,10.2,B,0
2025-01-21 18:00:00,2.8,77.1,0.5998,0.8982,0.0507,204.81,230.17,49.9,27.1,82.5,108.5,94.0,96.02,0.09,9.2,B,0
2025-01-21 19:00:00,2.39,134.0,0.5108,0.88,0.0523,268.12,272.26,74.2,59.8,84.3,109.3,94.0,97.0,0.12,10.9,B,0
2025-01-21 20:00:00,4.24,120.5,0.6233,0.88,0.0608,395.27,360.56,82.8,37.8,76.9,111.8,96.6,93.11,0.18,14.4,B,0
2025-01-21 21:00:00,5.03,118.0,0.6067,0.9335,0.0675,408.83,402.37,73.5,44.5,79.6,107.5,89.1,106.99,0.19,16.1,A,0
2025-01-21 22:00:00,2.38,112.5,0.5622,0.9223,0.0573,258.42,262.18,65.7,46.8,88.3,111.6,86.0,101.66,0.12,10.5,A,0
2025-01-21 23:00:00,3.95,89.3,0.506,0.9023,0.0482,304.65,299.72,47.8,41.4,84.6,109.3,88.3,99.29,0.14,12.0,B,0
2025-01-22 00:00:00,2.98,102.7,0.5018,0.88,0.0549,265.63,276.83,55.7,47.1,78.8,107.4,93.5,97.43,0.12,11.1,C,1
2025-01-22 01:00:00,3.11,122.6,0.5611,0.88,0.0545,299.66,261.44,75.3,47.4,82.7,110.4,90.3,107.9,0.14,10.5,B,0
2025-01-22 02:00:00,3.03,94.2,0.4687,0.9049,0.0444,238.24,224.2,46.5,47.8,79.0,108.6,102.3,103.27,0.11,9.0,C,0
2025-01-22 03:00:00,2.81,72.0,0.3494,0.9503,0.0369,146.6,173.21,24.6,47.4,86.2,108.9,87.7,100.91,0.07,6.9,C,0
2025-01-22 04:00:00,3.54,106.6,0.5394,0.88,0.062,274.66,271.96,62.2,44.4,75.2,108.7,88.3,104.96,0.12,10.9,A,0
2025-01-22 05:00:00,2.84,107.9,0.4095,0.88,0.0452,276.15,269.72,47.1,60.8,82.8,110.2,85.8,102.47,0.13,10.8,C,0
2025-01-22 06:00:00,3.72,112.0,0.423,0.917,0.0451,339.82,309.53,48.6,63.5,82.8,109.2,91.8,99.79,0.15,12.4,B,0
2025-01-22 07:00:00,3.46,120.9,0.5,0.8894,0.0638,299.85,297.34,63.9,57.0,78.7,110.8,93.0,99.48,0.14,11.9,A,0
2025-01-22 08:00:00,3.31,119.6,0.4924,0.9196,0.0456,311.83,309.26,61.1,58.4,81.2,112.0,94.6,99.53,0.14,12.4,A,0
2025-01-22 09:00:00,2.77,113.9,0.387,0.8968,0.0349,260.82,277.67,46.5,67.4,83.1,111.1,94.8,98.25,0.12,11.1,A,0
2025-01-22 10:00:00,3.04,127.9,0.5132,0.88,0.0521,326.15,322.39,71.3,56.7,76.7,113.6,91.9,104.63,0.15,12.9,B,0
2025-01-22 11:00:00,4.1,87.2,0.5773,0.8882,0.0653,321.75,309.35,54.3,33.0,78.2,114.1,89.7,99.75,0.15,12.4,C,0
2025-01-22 12:00:00,3.9,117.6,0.4097,0.9321,0.0363,358.5,350.9,49.0,68.6,81.5,109.4,97.1,105.36,0.16,14.0,C,0
2025-01-22 13:00:00,2.72,119.4,0.6018,0.8814,0.069,257.08,270.64,78.3,41.1,79.5,107.7,90.5,98.81,0.12,10.8,B,0
2025-01-22 14:00:00,3.58,91.4,0.3752,0.88,0.0303,257.66,268.77,37.1,54.3,80.6,109.4,98.9,99.5,0.12,10.8,B,0
2025-01-22 15:00:00,4.1,87.5,0.6694,0.88,0.0663,304.34,306.72,64.8,22.6,81.9,110.2,87.6,99.94,0.14,12.3,A,0
2025-01-22 16:00:00,2.16,98.8,0.4671,0.88,0.0476,184.32,198.82,49.8,49.0,79.3,114.5,91.3,98.6,0.08,8.0,B,0
2025-01-22 17:00:00,3.93,100.1,0.5116,0.88,0.0468,281.74,272.52,55.8,44.2,81.9,109.3,105.2,99.54,0.13,10.9,C,0
2025-01-22 18:00:00,2.97,121.3,0.3486,0.88,0.0318,307.87,288.18,45.3,76.0,82.9,110.6,105.9,102.95,0.14,11.5,B,0
2025-01-22 19:00:00,3.96,100.8,0.495,0.88,0.0535,332.09,305.47,53.8,46.9,84.3,108.6,88.2,104.91,0.15,12.2,C,0
2025-01-22 20:00:00,2.89,97.2,0.5183,0.9267,0.059,250.44,257.07,51.4,45.7,78.3,109.3,101.0,102.2,0.11,10.3,B,0
2025-01-22 21:00:00,2.06,100.8,0.4931,0.88,0.0387,194.72,209.63,54.5,46.4,80.1,107.6,103.1,97.73,0.09,8.4,C,0
2025-01-22 22:00:00,2.2,126.8,0.455,0.9603,0.0464,263.59,276.31,56.7,70.1,83.8,107.1,100.3,99.5,0.12,11.1,B,0
2025-01-22 23:00:00,3.54,110.2,0.4243,0.9187,0.0419,310.42,311.27,48.1,62.1,77.6,112.7,94.7,99.56,0.14,12.5,B,0
2025-01-23 00:00:00,3.71,107.3,0.5904,0.8836,0.0596,311.46,318.65,69.1,38.2,82.3,112.1,85.4,106.4,0.14,12.7,A,0
2025-01-23 01:00:00,2.78,108.3,0.5025,0.88,0.0487,252.61,253.32,59.1,49.2,82.1,109.3,95.4,104.26,0.11,10.1,A,0
2025-01-23 02:00:00,4.01,129.4,0.6233,0.8957,0.0559,375.87,371.81,87.4,42.0,74.2,112.1,97.1,104.94,0.17,14.9,B,0
2025-01-23 03:00:00,2.17,98.8,0.4579,0.8836,0.0535,192.37,195.32,48.1,50.7,80.5,107.4,96.2,99.17,0.09,7.8,C,0
2025-01-23 04:00:00,3.45,129.7,0.4652,0.88,0.0523,410.02,387.46,64.7,65.0,83.0,109.7,97.4,97.48,0.19,15.5,C,0
2025-01-23 05:00:00,2.53,113.2,0.5652,0.8865,0.056,252.93,235.3,69.4,43.8,81.4,110.3,90.9,103.02,0.11,9.4,B,0
2025-01-23 06:00:00,2.98,107.6,0.3702,0.88,0.0346,275.77,274.78,42.7,64.9,80.6,112.5,92.6,99.92,0.13,11.0,A,0
2025-01-23 07:00:00,3.54,147.5,0.4029,0.88,0.0372,377.41,380.44,64.0,83.5,82.5,110.4,83.0,102.17,0.17,15.2,C,0
2025-01-23 08:00:00,2.81,94.2,0.5878,0.88,0.0459,244.63,248.67,61.2,33.0,85.0,111.1,99.5,102.54,0.11,9.9,A,0
2025-01-23 09:00:00,3.19,104.7,0.4062,0.88,0.0424,240.96,252.21,45.5,59.2,83.6,109.1,90.5,100.11,0.11,10.1,A,0
2025-01-23 10:00:00,4.31,91.5,0.3545,0.9495,0.0393,250.37,255.72,31.7,59.8,79.7,110.5,93.8,104.31,0.11,10.2,A,0
2025-01-23 11:00:00,3.04,124.3,0.6495,0.88,0.0656,300.2,287.89,89.1,35.2,77.6,112.5,96.3,96.92,0.14,11.5,B,0
2025-01-23 12:00:00,4.17,135.3,0.3885,0.8861,0.0384,471.59,437.11,55.9,79.4,83.6,106.8,92.2,101.63,0.21,17.5,C,0
2025-01-23 13:00:00,2.6,135.0,0.5147,0.88,0.0521,322.18,330.0,75.5,59.6,78.5,112.3,89.6,103.34,0.15,13.2,B,0
2025-01-23 14:00:00,3.92,128.4,0.5055,0.8969,0.0463,340.46,339.76,69.3,59.1,80.4,109.6,96.3,106.41,0.15,13.6,A,1
2025-01-23 15:00:00,4.65,107.0,0.2751,0.9126,0.025,368.16,343.28,30.2,76.9,82.6,107.2,86.1,101.7,0.17,13.7,C,0
2025-01-23 16:00:00,1.52,104.5,0.4786,0.8813,0.047,173.45,177.21,54.1,50.4,85.4,109.5,98.8,105.07,0.08,7.1,C,0
2025-01-23 17:00:00,2.86,84.9,0.5359,0.904,0.0571,221.02,229.81,48.0,36.9,85.9,112.6,98.3,104.88,0.1,9.2,B,0
2025-01-23 18:00:00,3.96,140.5,0.5283,0.9111,0.0597,416.24,383.51,77.4,63.2,82.2,109.0,92.3,108.31,0.19,15.3,C,0
2025-01-23 19:00:00,3.34,117.0,0.5723,0.8908,0.0561,327.34,315.77,72.4,44.7,80.5,110.6,92.5,102.27,0.15,12.6,C,0
2025-01-23 20:00:00,3.8,102.6,0.469,0.88,0.0417,257.6,243.03,52.3,50.3,78.4,106.8,90.1,107.46,0.12,9.7,B,0
2025-01-23 21:00:00,3.02,129.9,0.557,0.88,0.0559,277.91,288.52,79.0,50.9,87.9,106.3,93.1,103.73,0.13,11.5,A,0
2025-01-23 22:00:00,3.57,95.4,0.4449,0.88,0.0545,266.33,265.28,45.1,50.3,81.1,107.8,94.0,96.7,0.12,10.6,A,0
2025-01-23 23:00:00,3.38,116.1,0.3872,0.8839,0.0339,277.77,276.75,48.2,67.8,84.0,112.0,93.4,101.39,0.13,11.1,C,0
2025-01-24 00:00:00,4.43,107.4,0.3962,0.88,0.044,309.46,292.09,45.2,62.2,82.6,109.9,102.2,98.55,0.14,11.7,A,0
2025-01-24 01:00:00,3.7,119.6,0.383,0.8933,0.045,338.87,324.04,47.7,71.9,80.5,112.2,86.3,105.89,0.15,13.0,A,0
2025-01-24 02:00:00,3.77,109.0,0.5808,0.8948,0.0563,286.26,284.81,68.2,40.8,80.4,112.3,90.5,101.81,0.13,11.4,B,0
2025-01-24 03:00:00,3.17,88.2,0.3788,0.88,0.0344,275.53,267.02,35.9,52.3,77.9,108.5,98.7,97.34,0.13,10.7,A,1
2025-01-24 04:00:00,3.11,111.1,0.5219,0.88,0.0551,266.2,263.83,62.9,48.2,85.4,113.1,105.3,103.95,0.12,10.6,B,0
2025-01-24 05:00:00,3.15,125.7,0.4787,0.9056,0.0496,304.09,316.39,63.0,62.7,81.6,108.9,90.7,105.26,0.14,12.7,B,0
2025-01-24 06:00:00,3.82,109.6,0.4918,0.88,0.0527,321.65,289.48,58.2,51.4,86.3,112.0,100.1,100.09,0.15,11.6,A,0
2025-01-24 07:00:00,3.16,121.6,0.6091,0.891,0.0713,265.0,267.33,79.8,41.8,80.7,111.9,89.2,99.96,0.12,10.7,B,0
2025-01-24 08:00:00,3.73,94.3,0.4649,0.8848,0.0473,284.49,272.32,47.0,47.3,81.1,110.1,93.1,101.91,0.13,10.9,C,0
2025-01-24 09:00:00,5.16,109.6,0.5489,0.88,0.0489,399.13,401.93,65.9,43.7,78.6,110.1,95.1,95.87,0.18,16.1,B,0
2025-01-24 10:00:00,4.2,100.6,0.503,0.9333,0.0506,302.35,294.68,51.6,49.1,81.1,110.6,91.5,103.43,0.14,11.8,B,0
2025-01-24 11:00:00,3.24,121.2,0.4878,0.88,0.05,313.94,292.88,63.9,57.3,78.3,110.2,92.9,106.37,0.14,11.7,B,0
2025-01-24 12:00:00,4.46,110.5,0.684,0.9703,0.0747,364.56,346.54,75.2,35.3,83.2,109.2,88.2,99.35,0.17,13.9,A,0
2025-01-24 13:00:00,3.17,120.4,0.3847,0.8949,0.0375,337.19,331.62,48.7,71.6,82.3,109.0,98.4,106.83,0.15,13.3,B,0
2025-01-24 14:00:00,1.87,126.3,0.6031,0.8958,0.0583,276.54,307.68,82.2,44.1,86.4,109.2,90.5,104.28,0.13,12.3,C,0
2025-01-24 15:00:00,2.69,120.4,0.5525,0.8946,0.0484,248.71,229.1,71.7,48.7,77.6,112.4,91.7,101.07,0.11,9.2,A,0
2025-01-24 16:00:00,2.0,114.1,0.4616,0.88,0.0489,199.11,199.1,56.7,57.4,85.6,106.8,91.1,103.2,0.09,8.0,A,0
2025-01-24 17:00:00,3.22,95.0,0.6303,0.88,0.0798,252.51,268.64,65.4,29.6,79.1,109.0,91.4,106.09,0.11,10.7,A,0
2025-01-24 18:00:00,3.51,110.0,0.3522,0.88,0.0341,246.61,233.81,41.3,68.6,83.0,109.3,95.7,101.73,0.11,9.4,C,0
2025-01-24 19:00:00,4.84,102.0,0.4583,0.8813,0.0481,367.26,352.32,50.2,51.8,78.6,109.5,95.3,102.48,0.17,14.1,B,0
2025-01-24 20:00:00,3.76,104.8,0.4033,0.88,0.0376,302.42,290.84,45.5,59.3,82.6,110.6,107.6,99.69,0.14,11.6,B,0
2025-01-24 21:00:00,3.32,104.4,0.533,0.9078,0.0469,284.0,273.67,58.9,45.4,74.5,107.3,93.8,100.94,0.13,10.9,C,0
2025-01-24 22:00:00,4.16,95.3,0.411,0.88,0.0433,288.58,283.18,41.9,53.4,80.0,112.1,94.5,103.4,0.13,11.3,C,0
2025-01-24 23:00:00,1.73,80.6,0.5346,0.9035,0.0536,162.93,176.18,45.6,35.0,82.3,111.8,101.7,100.76,0.07,7.0,A,0
2025-01-25 00:00:00,3.69,100.0,0.4851,0.9288,0.0366,295.44,304.4,50.3,49.7,87.3,111.3,96.1,99.79,0.13,12.2,C,0
2025-01-25 01:00:00,4.12,112.9,0.4617,0.9308,0.0542,344.62,352.38,52.5,60.4,75.6,109.6,94.5,104.75,0.16,14.1,B,0
2025-01-25 02:00:00,2.32,89.8,0.5311,0.9336,0.0552,178.87,195.28,48.6,41.1,82.0,108.5,94.3,102.75,0.08,7.8,A,0
2025-01-25 03:00:00,4.42,110.2,0.4785,0.88,0.0482,353.6,337.01,57.0,53.2,80.4,109.3,96.0,99.86,0.16,13.5,C,0
2025-01-25 04:00:00,3.77,138.5,0.4129,0.88,0.0392,441.64,420.25,61.6,76.9,76.3,110.1,99.9,106.56,0.2,16.8,A,0
2025-01-25 05:00:00,3.17,125.3,0.7241,0.88,0.0744,317.5,320.74,101.1,24.3,78.6,111.3,101.7,107.64,0.14,12.8,C,0
2025-01-25 06:00:00,4.01,134.7,0.461,0.8847,0.0484,391.67,389.6,66.4,68.2,80.6,109.8,100.2,104.34,0.18,15.6,B,0
2025-01-25 07:00:00,5.32,115.9,0.3226,0.88,0.0343,473.03,449.51,39.5,76.4,83.4,110.7,97.3,97.72,0.22,18.0,C,0
2025-01-25 08:00:00,3.65,127.5,0.4326,0.88,0.0486,324.1,336.52,58.9,68.6,82.3,109.1,96.1,102.52,0.15,13.5,B,0
2025-01-25 09:00:00,3.7,99.1,0.3986,0.9274,0.0463,303.63,290.13,39.6,59.5,78.1,110.6,105.2,103.07,0.14,11.6,C,0
2025-01-25 10:00:00,3.13,100.3,0.5661,0.88,0.0666,246.33,261.31,61.6,38.7,76.5,109.5,92.6,96.55,0.11,10.5,C,0
2025-01-25 11:00:00,2.82,68.9,0.5257,0.9368,0.0484,195.93,212.41,37.0,31.9,83.3,110.5,98.5,104.88,0.09,8.5,A,0
2025-01-25 12:00:00,4.16,127.8,0.5319,0.9361,0.0503,406.31,374.83,69.5,58.3,81.4,106.5,100.9,101.93,0.18,15.0,B,0
2025-01-25 13:00:00,2.82,133.1,0.4704,0.8919,0.0488,293.44,292.32,66.6,66.6,86.8,111.0,100.2,104.67,0.13,11.7,C,0
2025-01-25 14:00:00,3.56,101.7,0.4777,0.88,0.0439,275.58,277.77,52.8,48.9,80.9,111.1,91.2,100.38,0.13,11.1,C,0
2025-01-25 15:00:00,3.12,106.2,0.4703,0.88,0.0439,290.02,284.77,54.2,52.0,85.4,111.1,109.1,102.75,0.13,11.4,C,0
2025-01-25 16:00:00,3.88,98.7,0.4935,0.88,0.0517,246.26,247.72,52.6,46.1,83.6,108.0,103.4,102.9,0.11,9.9,A,0
2025-01-25 17:00:00,3.77,115.7,0.5668,0.9091,0.0612,313.67,286.29,69.0,46.7,84.5,108.6,100.3,101.87,0.14,11.5,B,0
2025-01-25 18:00:00,4.33,126.9,0.5269,0.9041,0.0591,409.1,375.75,70.2,56.6,83.3,108.3,90.0,102.77,0.19,15.0,A,0
2025-01-25 19:00:00,3.09,83.9,0.54,0.88,0.053,216.29,221.65,49.4,34.5,83.4,110.7,99.9,100.89,0.1,8.9,A,0
2025-01-25 20:00:00,3.28,116.1,0.54,0.899,0.0563,302.14,289.46,66.7,49.5,75.1,111.3,83.4,97.75,0.14,11.6,A,0
2025-01-25 21:00:00,2.72,105.8,0.5708,0.928,0.0583,206.57,208.07,62.4,43.5,81.3,108.6,93.8,95.17,0.09,8.3,C,0
2025-01-25 22:00:00,3.14,111.7,0.5231,0.88,0.0524,261.7,274.24,63.5,48.2,80.0,112.6,95.5,99.45,0.12,11.0,A,0
2025-01-25 23:00:00,3.8,116.9,0.5287,0.893,0.0488,349.7,335.7,66.4,50.4,85.8,112.6,92.8,103.67,0.16,13.4,B,0
2025-01-26 00:00:00,4.11,107.2,0.5951,0.88,0.0548,303.05,325.5,70.2,37.0,79.0,110.3,102.9,98.18,0.14,13.0,B,0
2025-01-26 01:00:00,2.76,108.4,0.4468,0.88,0.048,227.43,235.47,52.0,56.5,81.2,110.7,95.5,104.48,0.1,9.4,B,0
2025-01-26 02:00:00,4.2,106.8,0.4315,0.914,0.039,356.88,359.12,47.9,58.9,84.4,106.6,90.2,105.47,0.16,14.4,B,0
2025-01-26 03:00:00,4.58,124.6,0.4051,0.9136,0.0316,415.72,389.69,52.7,71.8,82.9,108.9,98.8,102.72,0.19,15.6,A,0
2025-01-26 04:00:00,3.83,116.3,0.5146,0.88,0.0513,300.29,286.8,65.0,51.3,82.5,107.5,97.0,100.8,0.14,11.5,C,0
2025-01-26 05:00:00,5.0,113.3,0.3517,0.8865,0.0424,394.72,379.92,41.5,71.8,85.3,108.2,86.2,104.37,0.18,15.2,C,0
2025-01-26 06:00:00,2.88,90.9,0.537,0.8855,0.0397,207.83,228.1,53.5,37.5,82.8,111.0,101.7,104.77,0.09,9.1,C,0
2025-01-26 07:00:00,2.5,104.3,0.4913,0.8957,0.0477,230.0,234.63,54.6,49.8,80.4,111.5,95.5,100.62,0.1,9.4,B,0
2025-01-26 08:00:00,2.08,123.5,0.5908,0.8848,0.0625,243.32,251.44,79.3,44.2,78.1,111.6,99.9,101.55,0.11,10.1,B,1
2025-01-26 09:00:00,4.7,110.6,0.4462,0.88,0.0355,339.47,332.27,53.8,56.8,83.5,110.5,97.1,98.86,0.15,13.3,A,0
2025-01-26 10:00:00,4.02,119.9,0.4837,0.88,0.0473,373.5,355.92,62.8,57.1,79.7,111.0,93.3,102.16,0.17,14.2,B,0
2025-01-26 11:00:00,3.46,136.5,0.5898,0.8898,0.0533,381.37,363.41,87.5,49.0,81.3,106.8,97.1,95.1,0.17,14.5,A,0
2025-01-26 12:00:00,3.72,125.6,0.6107,0.8801,0.056,354.43,326.23,84.5,41.1,85.2,107.4,94.5,100.42,0.16,13.0,A,0
2025-01-26 13:00:00,2.6,111.4,0.4456,0.88,0.0425,258.79,259.85,53.6,57.8,81.3,109.6,96.5,98.74,0.12,10.4,B,0
2025-01-26 14:00:00,5.46,102.3,0.5145,0.8862,0.0458,332.37,331.74,57.1,45.3,80.7,111.2,98.0,101.04,0.15,13.3,C,0
2025-01-26 15:00:00,3.6,71.7,0.5236,0.88,0.0463,237.5,244.86,41.0,30.7,81.2,109.1,95.7,98.91,0.11,9.8,B,0
2025-01-26 16:00:00,3.59,107.5,0.5299,0.8855,0.0527,294.27,292.43,61.6,45.9,81.2,107.3,97.3,95.56,0.13,11.7,B,0
2025-01-26 17:00:00,4.08,105.1,0.479,0.897,0.059,292.04,297.23,52.7,52.4,79.0,108.6,93.1,99.34,0.13,11.9,B,0
2025-01-26 18:00:00,3.88,115.9,0.6025,0.88,0.064,337.09,329.32,76.5,39.4,87.0,108.1,92.1,99.87,0.15,13.2,C,0
2025-01-26 19:00:00,3.68,107.7,0.3488,0.8941,0.0399,320.73,312.81,38.9,68.7,80.4,106.6,98.9,104.5,0.15,12.5,A,0
2025-01-26 20:00:00,2.87,105.2,0.4663,0.8898,0.0506,263.85,272.51,52.1,53.1,84.4,114.4,102.3,99.38,0.12,10.9,A,0
2025-01-26 21:00:00,3.88,83.3,0.5358,0.9376,0.0501,231.12,237.79,45.6,37.7,78.9,112.5,92.4,98.76,0.11,9.5,A,0
2025-01-26 22:00:00,5.01,95.9,0.5366,0.88,0.0552,359.79,342.2,56.0,39.9,83.6,106.0,96.6,97.72,0.16,13.7,C,0
2025-01-26 23:00:00,4.58,117.1,0.6082,0.88,0.0663,374.65,365.91,78.0,39.1,82.5,106.2,88.0,104.73,0.17,14.6,C,0
2025-01-27 00:00:00,4.77,135.7,0.5959,0.88,0.0637,461.56,431.63,88.5,47.3,82.1,108.4,104.0,100.63,0.21,17.3,C,0
2025-01-27 01:00:00,3.09,108.5,0.4772,0.9101,0.0487,254.22,253.04,54.0,54.6,82.5,107.0,100.7,102.12,0.12,10.1,A,0
2025-01-27 02:00:00,2.71,114.9,0.604,0.88,0.063,285.36,284.44,76.1,38.8,83.2,114.8,92.1,96.67,0.13,11.4,A,0
2025-01-27 03:00:00,3.4,124.3,0.4429,0.88,0.0566,328.39,321.46,58.3,66.0,81.3,108.4,93.2,96.04,0.15,12.9,C,0
2025-01-27 04:00:00,3.54,97.8,0.5745,0.8952,0.0616,298.74,279.92,60.2,37.6,81.5,110.7,101.0,98.59,0.14,11.2,A,0
2025-01-27 05:00:00,4.38,115.5,0.6448,0.88,0.0629,312.79,310.3,82.3,33.2,83.7,109.0,95.9,106.17,0.14,12.4,C,0
2025-01-27 06:00:00,2.15,98.9,0.5972,0.9422,0.0593,183.76,210.62,60.2,38.6,78.6,107.7,98.2,98.03,0.08,8.4,A,0
2025-01-27 07:00:00,4.72,123.0,0.5085,0.88,0.0456,393.48,358.07,68.2,54.8,78.1,112.1,90.1,99.42,0.18,14.3,B,0
2025-01-27 08:00:00,3.37,112.3,0.4735,0.88,0.0591,331.55,314.73,56.7,55.6,82.5,111.3,97.9,101.34,0.15,12.6,C,1
2025-01-27 09:00:00,3.16,114.5,0.3777,0.9051,0.0458,334.75,364.08,44.2,70.3,76.0,109.9,94.3,99.42,0.15,14.6,B,0
2025-01-27 10:00:00,2.69,98.3,0.5248,0.9249,0.0529,215.2,215.4,53.2,45.1,77.0,114.8,96.5,102.74,0.1,8.6,C,0
2025-01-27 11:00:00,2.18,120.6,0.4108,0.8838,0.052,242.54,259.42,52.0,68.6,87.4,110.5,93.0,98.81,0.11,10.4,A,0
2025-01-27 12:00:00,4.16,141.3,0.4365,0.9268,0.0468,420.03,392.94,62.6,78.7,86.6,109.1,93.9,98.0,0.19,15.7,B,0
2025-01-27 13:00:00,3.56,94.9,0.4047,0.9258,0.0383,281.8,280.25,39.2,55.7,80.3,113.8,95.5,109.45,0.13,11.2,A,0
2025-01-27 14:00:00,2.47,104.9,0.4632,0.88,0.0508,248.0,249.42,52.2,52.7,85.0,110.8,92.1,98.49,0.11,10.0,C,0
2025-01-27 15:00:00,2.46,113.5,0.4978,0.9108,0.0518,224.63,235.0,58.9,54.6,85.1,113.3,106.3,103.69,0.1,9.4,A,0
2025-01-27 16:00:00,3.23,121.8,0.5219,0.88,0.0564,309.35,282.18,68.8,53.0,83.4,109.9,89.7,98.47,0.14,11.3,A,0
2025-01-27 17:00:00,4.84,101.6,0.452,0.9157,0.0384,286.91,286.14,47.9,53.7,81.8,104.0,97.5,96.68,0.13,11.4,B,0
2025-01-27 18:00:00,3.29,67.5,0.5855,0.88,0.0545,206.62,212.09,43.4,24.1,83.9,106.9,96.5,101.03,0.09,8.5,A,0
2025-01-27 19:00:00,2.3,130.4,0.4833,0.9039,0.0558,257.7,238.64,65.7,64.7,84.4,112.2,98.8,97.28,0.12,9.5,A,0
2025-01-27 20:00:00,3.3,121.4,0.437,0.9231,0.0522,279.74,291.11,53.6,67.8,83.9,108.8,82.5,100.12,0.13,11.6,C,0
2025-01-27 21:00:00,3.28,83.9,0.5181,0.9226,0.0589,235.5,219.08,44.6,39.3,77.4,110.5,86.6,98.91,0.11,8.8,A,0
2025-01-27 22:00:00,1.5,100.9,0.6571,0.8893,0.0768,171.44,201.38,72.1,28.8,88.1,112.3,92.3,105.06,0.08,8.1,B,0
2025-01-27 23:00:00,3.46,133.5,0.5268,0.933,0.0556,385.06,377.4,71.7,61.8,89.2,110.4,99.6,96.67,0.18,15.1,C,0
2025-01-28 00:00:00,3.32,131.7,0.471,0.88,0.0496,308.83,284.64,66.8,64.9,76.3,108.3,93.7,103.33,0.14,11.4,C,0
2025-01-28 01:00:00,4.06,124.1,0.3778,0.8874,0.0332,433.47,433.1,50.1,74.0,83.5,110.0,93.5,102.16,0.2,17.3,A,0
2025-01-28 02:00:00,4.98,107.4,0.4824,0.9111,0.0453,398.38,365.92,54.2,53.2,88.1,110.2,95.1,100.61,0.18,14.6,B,0
2025-01-28 03:00:00,4.4,111.2,0.5188,0.9409,0.0419,389.12,359.09,59.0,52.2,85.0,109.2,90.8,99.03,0.18,14.4,B,0
2025-01-28 04:00:00,3.28,108.0,0.469,0.8852,0.0453,257.65,239.28,54.5,53.5,85.0,107.2,97.4,101.82,0.12,9.6,A,0
2025-01-28 05:00:00,2.61,126.9,0.3668,0.8843,0.0264,320.43,300.6,50.4,76.6,77.7,109.3,96.0,101.98,0.15,12.0,B,0
2025-01-28 06:00:00,5.56,96.9,0.432,0.8901,0.0486,329.13,309.32,44.1,52.7,84.4,109.8,97.5,102.48,0.15,12.4,A,0
2025-01-28 07:00:00,3.55,97.9,0.6164,0.88,0.0636,267.95,277.08,66.3,31.6,82.7,107.1,102.6,100.49,0.12,11.1,A,0
2025-01-28 08:00:00,3.51,125.2,0.6147,0.88,0.0513,369.12,372.07,85.1,40.1,84.3,108.2,93.8,97.86,0.17,14.9,C,0
2025-01-28 09:00:00,3.48,109.3,0.4291,0.9503,0.042,307.36,285.05,46.6,62.7,78.9,108.6,95.6,103.94,0.14,11.4,A,0
2025-01-28 10:00:00,3.66,130.7,0.5538,0.88,0.0652,316.66,312.8,78.4,52.3,78.8,106.3,90.1,101.29,0.14,12.5,B,0
2025-01-28 11:00:00,3.38,99.9,0.4057,0.9441,0.0399,293.94,266.86,40.4,59.5,81.6,110.3,88.7,99.46,0.13,10.7,C,0
2025-01-28 12:00:00,3.04,109.2,0.6123,0.9221,0.0562,278.1,279.63,70.1,39.1,80.9,110.5,95.0,98.3,0.13,11.2,A,0
2025-01-28 13:00:00,3.06,96.2,0.5196,0.9029,0.043,237.2,263.42,53.3,42.9,81.5,108.9,95.5,104.07,0.11,10.5,B,0
2025-01-28 14:00:00,3.47,110.1,0.576,0.9082,0.0488,258.33,240.04,67.5,42.6,80.6,107.3,98.4,105.45,0.12,9.6,C,0
2025-01-28 15:00:00,3.07,87.8,0.3628,0.88,0.039,236.27,230.64,33.8,54.0,81.4,110.8,97.9,103.03,0.11,9.2,C,0
2025-01-28 16:00:00,2.93,102.7,0.5542,0.88,0.0533,248.47,258.88,62.2,40.5,80.0,111.1,96.3,103.23,0.11,10.4,C,0
2025-01-28 17:00:00,3.59,88.5,0.4994,0.9357,0.0482,255.96,266.76,45.0,43.5,81.9,110.2,103.4,104.82,0.12,10.7,C,0
2025-01-28 18:00:00,3.3,120.4,0.5682,0.88,0.0547,267.64,256.79,74.9,45.5,77.7,110.1,93.4,100.21,0.12,10.3,A,0
2025-01-28 19:00:00,4.7,120.7,0.5732,0.9118,0.0566,379.91,386.72,72.9,47.8,83.5,111.2,94.1,107.7,0.17,15.5,A,0
2025-01-28 20:00:00,1.5,84.0,0.5053,0.88,0.0444,160.1,170.54,46.4,37.7,82.8,109.8,96.4,98.12,0.07,6.8,B,0
2025-01-28 21:00:00,4.37,130.0,0.4519,0.88,0.0468,464.82,468.16,63.2,66.8,78.2,108.2,89.1,100.57,0.21,18.7,B,0
2025-01-28 22:00:00,4.5,147.5,0.5624,0.954,0.0491,446.97,428.83,83.6,63.8,86.0,109.9,98.4,98.99,0.2,17.2,A,0
2025-01-28 23:00:00,1.84,110.7,0.4952,0.892,0.0457,229.95,247.88,58.8,51.9,79.5,109.2,95.4,101.49,0.1,9.9,A,0
2025-01-29 00:00:00,3.23,100.4,0.4302,0.88,0.0481,278.8,281.38,46.1,54.3,85.6,109.9,95.5,106.49,0.13,11.3,C,0
2025-01-29 01:00:00,3.2,152.4,0.4264,0.9155,0.0445,377.67,371.56,66.8,85.6,83.0,111.8,97.7,100.58,0.17,14.9,C,0
2025-01-29 02:00:00,2.37,90.2,0.3818,0.8974,0.0416,186.79,204.41,35.9,54.3,85.0,107.6,96.9,102.56,0.08,8.2,C,0
2025-01-29 03:00:00,2.88,110.3,0.4592,0.9263,0.0567,243.11,258.47,51.1,59.3,82.5,110.4,97.1,92.58,0.11,10.3,C,0
2025-01-29 04:00:00,2.61,112.7,0.5882,0.88,0.0585,266.07,265.79,72.7,40.0,83.7,107.5,93.1,102.58,0.12,10.6,B,0
2025-01-29 05:00:00,4.9,130.2,0.5142,0.88,0.0515,413.92,376.0,72.7,57.5,85.0,108.2,102.8,104.3,0.19,15.0,B,0
2025-01-29 06:00:00,4.25,115.4,0.4576,0.901,0.0444,334.2,322.95,55.7,59.7,87.7,113.1,87.7,101.67,0.15,12.9,B,0
2025-01-29 07:00:00,4.52,102.5,0.5644,0.9189,0.0542,327.71,309.25,60.5,42.0,85.2,110.9,91.6,98.1,0.15,12.4,A,0
2025-01-29 08:00:00,4.08,95.7,0.4334,0.88,0.0383,289.05,278.3,44.9,50.8,83.3,110.3,92.2,97.7,0.13,11.1,C,0
2025-01-29 09:00:00,2.6,104.9,0.5076,0.8871,0.0512,255.59,275.23,57.3,47.6,78.0,106.7,91.4,99.64,0.12,11.0,A,0
2025-01-29 10:00:00,3.08,94.9,0.4856,0.8899,0.0503,233.82,244.93,49.2,45.7,74.8,109.5,86.3,97.67,0.11,9.8,C,0
2025-01-29 11:00:00,3.89,110.7,0.5623,0.9586,0.0583,342.48,339.51,62.0,48.7,81.6,105.9,103.2,106.03,0.16,13.6,A,0
2025-01-29 12:00:00,2.52,101.5,0.3738,0.9063,0.0377,236.68,251.97,39.3,62.2,79.9,110.1,98.2,102.7,0.11,10.1,C,0
2025-01-29 13:00:00,4.07,87.6,0.432,0.88,0.0478,234.88,245.82,40.4,47.2,80.0,107.5,91.8,105.63,0.11,9.8,A,0
2025-01-29 14:00:00,3.31,128.8,0.3689,0.88,0.037,335.65,351.94,50.7,78.1,81.8,111.1,98.5,100.43,0.15,14.1,B,0
2025-01-29 15:00:00,3.2,102.5,0.4792,0.88,0.0459,207.89,198.2,53.3,49.3,84.0,110.3,94.2,99.01,0.09,7.9,A,0
2025-01-29 16:00:00,4.07,91.0,0.5969,0.9106,0.0551,259.93,249.92,57.6,33.4,80.1,107.6,93.5,99.19,0.12,10.0,A,0
2025-01-29 17:00:00,3.86,107.5,0.4596,0.912,0.0382,323.0,304.93,51.8,55.6,84.7,110.8,90.2,99.91,0.15,12.2,A,0
2025-01-29 18:00:00,3.21,111.0,0.4591,0.8951,0.0532,283.53,264.42,53.5,57.5,82.1,114.2,95.1,99.82,0.13,10.6,A,0
2025-01-29 19:00:00,4.43,83.8,0.5697,0.8948,0.0535,237.21,242.77,51.4,32.4,82.1,109.6,91.8,104.97,0.11,9.7,A,0
2025-01-29 20:00:00,2.64,115.0,0.5855,0.8816,0.0539,235.59,241.85,73.8,41.1,87.6,111.8,90.1,104.04,0.11,9.7,B,0
2025-01-29 21:00:00,3.99,94.3,0.4929,0.8968,0.0472,223.98,249.19,49.5,44.8,82.5,105.8,99.8,102.11,0.1,10.0,B,0
2025-01-29 22:00:00,3.97,135.7,0.5548,0.88,0.0541,342.13,343.95,82.2,53.4,81.8,110.9,90.9,96.32,0.16,13.8,B,0
2025-01-29 23:00:00,3.25,117.9,0.4138,0.88,0.0496,315.1,301.04,51.7,66.2,83.6,108.9,102.0,102.19,0.14,12.0,C,0
2025-01-30 00:00:00,3.76,104.0,0.6102,0.88,0.0594,283.77,287.17,69.8,34.2,87.4,109.5,91.4,100.37,0.13,11.5,A,0
2025-01-30 01:00:00,2.5,98.8,0.6719,0.9178,0.08,225.83,214.42,69.8,29.0,81.9,111.2,87.5,105.52,0.1,8.6,C,0
2025-01-30 02:00:00,4.24,108.4,0.5417,0.8931,0.0545,334.42,326.28,63.0,45.4,83.3,109.5,97.6,103.99,0.15,13.1,C,0
2025-01-30 03:00:00,3.35,119.2,0.3333,0.8871,0.0436,310.21,304.85,40.9,78.3,81.7,106.8,92.8,101.73,0.14,12.2,C,0
2025-01-30 04:00:00,3.08,109.6,0.4553,0.9276,0.05,296.61,280.75,50.6,59.0,81.7,113.1,87.1,95.01,0.13,11.2,B,0
2025-01-30 05:00:00,4.34,106.7,0.549,0.88,0.0567,329.18,316.99,63.8,42.9,80.5,107.1,96.3,100.89,0.15,12.7,A,0
2025-01-30 06:00:00,2.94,110.9,0.4663,0.88,0.0545,288.11,276.41,55.3,55.6,80.3,108.3,88.5,99.34,0.13,11.1,B,0
2025-01-30 07:00:00,2.37,100.9,0.6018,0.8929,0.0658,178.07,184.3,65.4,35.5,87.1,110.3,85.1,102.52,0.08,7.4,C,0
2025-01-30 08:00:00,2.25,104.9,0.5471,0.88,0.0579,239.59,250.52,62.4,42.5,80.3,110.3,98.4,97.87,0.11,10.0,A,0
2025-01-30 09:00:00,3.98,78.7,0.4435,0.88,0.0559,220.88,237.45,37.0,41.7,77.4,110.9,102.4,102.09,0.1,9.5,C,0
2025-01-30 10:00:00,2.48,124.6,0.5026,0.88,0.0478,243.31,252.09,68.1,56.5,82.4,110.3,93.0,94.65,0.11,10.1,C,0
2025-01-30 11:00:00,4.9,114.5,0.4285,0.8927,0.0379,364.13,342.73,52.3,62.2,85.1,112.3,101.1,97.14,0.17,13.7,B,0
2025-01-30 12:00:00,1.83,98.4,0.4854,0.88,0.0452,204.57,208.12,51.9,46.5,85.7,111.0,99.0,98.66,0.09,8.3,B,0
2025-01-30 13:00:00,4.86,138.5,0.4556,0.88,0.0543,419.49,389.31,67.3,71.2,78.4,107.6,98.3,99.66,0.19,15.6,B,0
2025-01-30 14:00:00,3.67,111.3,0.594,0.88,0.0667,292.79,286.13,72.2,39.1,85.3,104.8,94.2,102.47,0.13,11.4,B,0
2025-01-30 15:00:00,3.42,94.5,0.6693,0.88,0.0643,238.79,234.12,70.1,24.4,88.2,110.3,92.0,96.33,0.11,9.4,A,0
2025-01-30 16:00:00,3.06,122.9,0.3855,0.88,0.0268,306.01,313.82,51.7,71.2,79.9,112.9,96.7,99.38,0.14,12.6,C,0
2025-01-30 17:00:00,3.82,116.0,0.3461,0.9102,0.0336,350.23,334.68,41.3,74.6,81.5,107.5,98.2,99.45,0.16,13.4,A,0
2025-01-30 18:00:00,3.47,115.9,0.4804,0.8848,0.043,353.23,351.72,60.2,55.7,78.3,107.9,88.7,103.36,0.16,14.1,A,0
2025-01-30 19:00:00,4.38,103.6,0.3785,0.8866,0.0354,395.78,352.86,41.8,61.8,87.6,110.7,93.4,100.72,0.18,14.1,C,0
2025-01-30 20:00:00,3.59,116.8,0.5037,0.88,0.0451,335.47,315.33,64.1,52.6,77.5,111.0,94.1,98.4,0.15,12.6,C,0
2025-01-30 21:00:00,3.62,106.1,0.5599,0.88,0.0479,304.0,309.51,65.3,40.8,80.8,112.2,93.6,98.06,0.14,12.4,A,0
2025-01-30 22:00:00,3.21,118.3,0.6195,0.8978,0.0714,268.73,278.4,78.5,39.8,84.4,113.3,91.6,99.64,0.12,11.1,C,0
2025-01-30 23:00:00,3.45,81.4,0.5161,0.894,0.0482,265.98,252.49,45.0,36.4,79.9,110.5,88.3,96.35,0.12,10.1,A,0
2025-01-31 00:00:00,3.75,103.5,0.4845,0.9197,0.0555,300.89,299.63,51.4,52.1,79.0,108.1,93.5,106.18,0.14,12.0,C,0
2025-01-31 01:00:00,2.13,135.8,0.3417,0.88,0.0331,256.56,261.66,49.5,86.3,81.8,108.2,93.6,101.29,0.12,10.5,C,0
2025-01-31 02:00:00,2.42,98.5,0.5021,0.8852,0.0446,225.03,224.5,53.6,44.9,89.2,108.9,92.6,98.56,0.1,9.0,B,0
2025-01-31 03:00:00,4.09,100.9,0.5057,0.88,0.0531,290.77,291.57,55.2,45.7,81.2,112.1,98.2,98.14,0.13,11.7,C,0
2025-01-31 04:00:00,3.64,103.3,0.5511,0.88,0.0532,233.47,222.77,62.2,41.1,81.4,109.0,88.2,97.68,0.11,8.9,A,0
2025-01-31 05:00:00,3.35,91.8,0.4433,0.9099,0.0433,261.17,251.7,42.4,49.4,78.7,111.9,96.4,102.41,0.12,10.1,C,0
2025-01-31 06:00:00,3.51,76.9,0.4652,0.9273,0.0472,246.83,256.09,36.5,40.4,83.2,107.0,86.0,96.34,0.11,10.2,C,0
2025-01-31 07:00:00,3.78,106.5,0.3818,0.8938,0.0341,318.71,311.3,43.1,63.5,84.7,110.6,94.7,100.77,0.14,12.5,B,0
2025-01-31 08:00:00,3.07,112.0,0.3167,0.9343,0.0236,277.73,277.04,36.1,76.0,80.2,108.5,83.7,103.02,0.13,11.1,C,0
2025-01-31 09:00:00,2.88,109.2,0.4113,0.906,0.0409,262.01,260.76,46.8,62.4,83.6,111.0,90.6,99.54,0.12,10.4,C,1
2025-01-31 10:00:00,3.66,107.8,0.3744,0.88,0.0423,305.38,306.54,42.7,65.1,80.2,109.5,94.9,98.26,0.14,12.3,B,0
2025-01-31 11:00:00,2.72,110.6,0.5269,0.8939,0.0482,258.56,266.21,62.6,48.0,76.3,111.6,87.9,103.81,0.12,10.6,B,0
2025-01-31 12:00:00,3.83,125.3,0.4585,0.88,0.0466,350.65,349.85,62.0,63.4,83.4,109.1,87.9,97.9,0.16,14.0,B,0
2025-01-31 13:00:00,2.14,107.1,0.4569,0.9362,0.0532,218.53,226.92,49.0,58.2,88.2,109.9,99.9,100.47,0.1,9.1,B,0
2025-01-31 14:00:00,4.32,101.4,0.4212,0.9259,0.0417,361.83,341.58,43.5,57.9,78.4,111.6,87.0,101.65,0.16,13.7,C,0
2025-01-31 15:00:00,3.88,105.8,0.2414,0.8943,0.0246,320.19,304.59,26.4,79.4,82.5,109.8,94.4,99.49,0.15,12.2,B,0
2025-01-31 16:00:00,3.7,118.7,0.6207,0.9091,0.0623,332.14,307.4,78.3,40.4,85.9,110.1,102.4,97.7,0.15,12.3,A,0
2025-01-31 17:00:00,4.29,131.2,0.42,0.88,0.0386,419.58,389.46,59.5,71.7,81.7,111.5,95.7,99.62,0.19,15.6,B,0
2025-01-31 18:00:00,4.83,100.6,0.467,0.9011,0.0417,362.64,338.9,49.8,50.8,77.7,109.8,95.1,102.32,0.16,13.6,A,0
2025-01-31 19:00:00,4.31,111.5,0.3836,0.88,0.0334,374.08,383.43,46.1,65.4,82.1,106.8,91.4,99.11,0.17,15.3,C,0
2025-01-31 20:00:00,2.03,115.1,0.5778,0.88,0.0596,211.0,209.96,72.7,42.4,86.5,108.9,91.4,102.66,0.1,8.4,C,0
2025-01-31 21:00:00,2.48,95.1,0.5115,0.8949,0.0549,207.38,225.41,51.7,43.4,80.5,106.2,94.2,100.53,0.09,9.0,B,0
2025-01-31 22:00:00,3.0,110.3,0.4339,0.9184,0.0474,252.67,251.9,48.9,61.4,82.7,109.5,85.0,99.48,0.11,10.1,C,0
2025-01-31 23:00:00,3.52,88.0,0.4686,0.9055,0.045,264.21,262.26,43.3,44.7,78.8,110.9,100.1,99.12,0.12,10.5,A,0
2025-02-01 00:00:00,3.91,83.5,0.6343,0.88,0.0689,269.8,273.93,58.2,25.3,81.7,110.2,96.0,102.0,0.12,11.0,B,0
2025-02-01 01:00:00,2.92,115.5,0.4942,0.88,0.051,247.53,235.48,61.7,53.8,83.2,112.8,86.3,104.68,0.11,9.4,A,0
2025-02-01 02:00:00,3.65,104.2,0.4855,0.88,0.0489,301.8,286.27,54.8,49.5,82.4,112.6,100.1,101.67,0.14,11.5,A,0
2025-02-01 03:00:00,2.9,113.0,0.4247,0.88,0.0258,300.39,279.48,52.8,60.2,80.7,110.5,98.4,98.41,0.14,11.2,B,0
2025-02-01 04:00:00,3.01,109.7,0.3484,0.8876,0.0308,264.88,260.86,40.7,69.0,83.3,105.2,97.2,104.58,0.12,10.4,B,0
2025-02-01 05:00:00,2.37,95.4,0.4872,0.9042,0.0411,215.95,215.21,49.3,46.1,84.0,111.3,106.2,98.64,0.1,8.6,A,0
2025-02-01 06:00:00,2.76,109.3,0.526,0.9232,0.0557,270.62,285.18,59.3,50.1,84.2,108.5,95.5,106.49,0.12,11.4,B,0
2025-02-01 07:00:00,2.42,91.5,0.588,0.88,0.0593,185.75,193.29,58.9,32.6,81.1,111.8,102.7,100.82,0.08,7.7,B,0
2025-02-01 08:00:00,2.72,130.9,0.3201,0.88,0.0267,297.06,262.47,45.0,85.9,80.1,110.6,95.1,98.66,0.14,10.5,C,0
2025-02-01 09:00:00,4.34,89.7,0.41,0.88,0.0425,319.99,307.45,39.3,50.3,87.9,111.3,97.3,102.98,0.15,12.3,C,0
2025-02-01 10:00:00,2.74,107.1,0.4535,0.88,0.0382,238.36,250.78,52.8,54.2,82.4,111.0,92.2,100.37,0.11,10.0,B,1
2025-02-01 11:00:00,5.61,94.4,0.4997,0.8895,0.0448,387.63,396.35,50.8,43.5,81.2,114.8,85.6,102.63,0.18,15.9,A,0
2025-02-01 12:00:00,3.89,118.6,0.4884,0.88,0.0453,340.93,326.47,62.9,55.6,77.6,111.0,85.9,101.58,0.15,13.1,B,0
2025-02-01 13:00:00,3.65,105.0,0.4903,0.8952,0.0517,277.62,269.87,54.6,50.4,79.2,107.4,94.6,97.16,0.13,10.8,C,0
2025-02-01 14:00:00,2.81,102.2,0.5326,0.9111,0.0603,243.02,246.42,56.8,45.5,80.1,112.1,93.8,101.09,0.11,9.9,B,0
2025-02-01 15:00:00,4.06,122.8,0.4277,0.8955,0.0398,344.35,338.77,55.7,67.1,83.3,109.1,89.1,102.8,0.16,13.6,C,0
2025-02-01 16:00:00,3.04,110.4,0.5747,0.88,0.0641,253.25,243.11,69.1,41.3,80.9,112.7,93.6,101.64,0.12,9.7,C,0
2025-02-01 17:00:00,3.6,117.7,0.5347,0.9005,0.0537,313.8,303.47,66.9,50.9,82.0,113.1,97.3,105.07,0.14,12.1,A,0
2025-02-01 18:00:00,5.55,95.3,0.4744,0.9449,0.0486,364.08,348.71,45.3,50.0,77.7,111.2,101.5,102.24,0.17,13.9,B,0
2025-02-01 19:00:00,3.42,88.9,0.6281,0.8998,0.0625,243.4,247.37,60.1,28.9,86.2,107.4,91.5,100.57,0.11,9.9,C,0
2025-02-01 20:00:00,4.42,111.6,0.6245,0.9231,0.0615,344.4,330.62,72.9,38.7,79.8,109.1,97.0,101.93,0.16,13.2,B,0
2025-02-01 21:00:00,2.94,105.2,0.5746,0.8875,0.0597,261.83,252.14,65.5,39.8,82.7,112.7,103.7,99.82,0.12,10.1,A,0
2025-02-01 22:00:00,3.47,119.4,0.2585,0.88,0.0296,331.16,326.25,32.1,87.3,80.4,114.0,98.8,102.38,0.15,13.1,A,0
2025-02-01 23:00:00,4.92,108.8,0.6263,0.893,0.0582,335.04,324.15,74.0,34.8,81.0,110.1,91.2,102.38,0.15,13.0,A,0
2025-02-02 00:00:00,3.0,113.1,0.5636,0.88,0.0554,270.36,269.26,69.7,43.4,79.6,109.5,95.5,97.58,0.12,10.8,A,0
2025-02-02 01:00:00,4.95,85.6,0.6605,0.8867,0.0744,254.52,244.63,61.8,23.9,82.9,107.6,95.9,103.62,0.12,9.8,B,0
2025-02-02 02:00:00,4.07,138.3,0.599,0.9462,0.0608,394.71,386.24,84.1,54.2,79.1,107.7,98.2,108.0,0.18,15.4,C,0
2025-02-02 03:00:00,3.05,107.5,0.6263,0.9503,0.0641,271.04,259.46,68.2,39.3,82.9,110.5,95.2,102.94,0.12,10.4,B,0
2025-02-02 04:00:00,4.01,120.5,0.5703,0.9254,0.0629,368.7,378.72,70.9,49.6,81.6,111.4,97.4,95.21,0.17,15.1,B,0
2025-02-02 05:00:00,4.28,97.5,0.6079,0.88,0.0583,311.16,288.89,65.2,32.3,83.9,107.0,100.1,100.02,0.14,11.6,C,0
2025-02-02 06:00:00,4.0,114.6,0.6595,0.88,0.0658,352.1,350.69,83.6,31.0,84.2,111.7,89.7,97.46,0.16,14.0,A,0
2025-02-02 07:00:00,2.24,90.5,0.5173,0.88,0.0558,197.67,191.99,50.7,39.8,81.0,112.7,88.4,100.42,0.09,7.7,B,0
2025-02-02 08:00:00,2.92,116.8,0.3742,0.8866,0.0436,263.34,238.56,45.8,71.0,83.1,111.3,98.0,103.36,0.12,9.5,A,0
2025-02-02 09:00:00,3.3,104.7,0.4754,0.88,0.0357,250.0,246.61,54.5,50.2,80.7,113.3,94.2,99.15,0.11,9.9,C,0
2025-02-02 10:00:00,3.44,110.4,0.5312,0.8907,0.0494,288.75,257.71,63.2,47.2,85.9,110.7,99.3,106.95,0.13,10.3,C,1
2025-02-02 11:00:00,4.0,120.5,0.506,0.9271,0.0456,327.9,328.89,62.9,57.5,80.9,110.7,100.4,92.66,0.15,13.2,C,0
2025-02-02 12:00:00,3.64,91.5,0.4003,0.906,0.0394,259.86,260.64,38.1,53.4,81.4,110.7,85.7,100.56,0.12,10.4,A,0
2025-02-02 13:00:00,2.43,99.7,0.3695,0.88,0.0323,212.71,233.47,39.7,60.1,80.6,112.7,90.8,102.44,0.1,9.3,A,0
2025-02-02 14:00:00,3.8,116.9,0.4407,0.88,0.0474,342.47,328.67,55.2,61.7,79.8,111.1,94.4,97.64,0.16,13.1,C,0
2025-02-02 15:00:00,3.99,141.5,0.5646,0.915,0.0573,404.6,388.09,83.7,57.8,88.1,108.9,89.9,98.04,0.18,15.5,A,0
2025-02-02 16:00:00,3.95,107.9,0.6264,0.915,0.0671,328.96,315.86,71.2,36.7,83.5,110.8,92.6,103.57,0.15,12.6,A,0
2025-02-02 17:00:00,4.36,118.9,0.5733,0.88,0.0621,382.94,351.28,74.3,44.6,82.2,110.9,88.6,107.09,0.17,14.1,C,0
2025-02-02 18:00:00,4.17,108.4,0.5846,0.8949,0.0619,325.02,310.64,68.0,40.4,80.6,109.6,92.8,107.44,0.15,12.4,A,0
2025-02-02 19:00:00,3.87,139.1,0.4935,0.8824,0.0477,384.6,347.23,74.3,64.8,85.3,112.0,90.2,100.26,0.17,13.9,B,0
2025-02-02 20:00:00,3.44,83.8,0.3606,0.88,0.0366,245.52,252.73,32.2,51.6,80.4,110.2,96.7,105.35,0.11,10.1,C,0
2025-02-02 21:00:00,2.17,111.4,0.4636,0.88,0.0441,269.88,265.87,55.9,55.5,82.4,111.4,99.5,101.09,0.12,10.6,C,0
2025-02-02 22:00:00,3.84,85.6,0.4793,0.8886,0.0411,236.84,240.31,44.3,41.3,88.6,111.0,97.0,104.05,0.11,9.6,C,0
2025-02-02 23:00:00,3.67,72.4,0.4602,0.88,0.0508,219.62,253.04,35.8,36.7,79.1,108.5,108.0,100.67,0.1,10.1,A,1
2025-02-03 00:00:00,3.72,114.5,0.5044,0.8929,0.05,287.69,279.61,61.7,52.8,83.6,108.0,99.7,97.9,0.13,11.2,C,0
2025-02-03 01:00:00,2.48,112.1,0.5353,0.8916,0.046,244.55,251.13,64.9,47.2,82.9,108.6,99.5,106.11,0.11,10.0,A,0
2025-02-03 02:00:00,2.64,105.7,0.5682,0.8913,0.0595,229.21,234.3,64.7,41.1,83.6,109.8,94.6,106.89,0.1,9.4,A,0
2025-02-03 03:00:00,4.34,108.4,0.4778,0.88,0.0467,336.11,342.23,56.1,52.3,81.1,113.2,93.5,100.04,0.15,13.7,B,0
2025-02-03 04:00:00,3.47,156.5,0.3477,0.88,0.0245,405.02,388.37,59.1,97.4,80.2,109.9,101.4,104.11,0.18,15.5,A,0
2025-02-03 05:00:00,4.05,106.1,0.4614,0.8986,0.0393,304.62,295.41,52.1,54.0,82.7,110.7,93.7,100.86,0.14,11.8,B,0
2025-02-03 06:00:00,3.52,117.7,0.5035,0.88,0.0468,268.59,294.47,64.5,53.2,80.6,111.7,95.2,107.84,0.12,11.8,B,0
2025-02-03 07:00:00,3.52,100.3,0.5978,0.88,0.0608,309.11,291.45,65.7,34.5,75.0,109.3,94.1,96.82,0.14,11.7,B,1
2025-02-03 08:00:00,4.25,114.4,0.4546,0.88,0.0494,375.62,356.19,55.8,58.6,79.5,109.2,97.7,100.77,0.17,14.2,B,0
2025-02-03 09:00:00,3.09,106.4,0.541,0.8881,0.0579,264.65,275.26,61.9,44.5,81.0,112.1,99.5,96.96,0.12,11.0,B,0
2025-02-03 10:00:00,3.58,103.8,0.5232,0.9449,0.0553,266.38,257.16,54.6,49.2,78.8,111.1,100.3,96.54,0.12,10.3,A,0
2025-02-03 11:00:00,3.13,137.3,0.5035,0.88,0.0502,335.91,336.46,75.0,62.3,82.5,108.9,93.5,100.95,0.15,13.5,A,0
2025-02-03 12:00:00,3.15,127.7,0.5744,0.88,0.0661,324.61,309.3,79.7,47.9,79.7,109.2,95.9,99.95,0.15,12.4,B,0
2025-02-03 13:00:00,3.25,112.1,0.4471,0.9017,0.0482,306.6,313.69,52.4,59.7,81.9,110.2,96.7,98.27,0.14,12.5,A,0
2025-02-03 14:00:00,3.68,75.4,0.454,0.8945,0.0465,241.65,255.44,36.2,39.2,88.5,110.7,102.3,103.81,0.11,10.2,A,0
2025-02-03 15:00:00,3.12,104.6,0.499,0.88,0.0527,287.91,283.62,56.4,48.2,85.7,112.5,86.1,105.2,0.13,11.3,B,0
2025-02-03 16:00:00,4.5,150.5,0.4488,0.9091,0.0429,392.21,356.71,70.5,80.0,83.8,111.1,95.1,102.84,0.18,14.3,C,0
2025-02-03 17:00:00,2.78,106.5,0.5406,0.9445,0.0538,245.45,244.55,58.2,48.3,87.4,108.0,91.8,95.67,0.11,9.8,A,0
2025-02-03 18:00:00,3.35,126.5,0.4429,0.88,0.0339,352.61,339.5,61.2,65.4,81.8,108.4,92.3,102.32,0.16,13.6,A,0
2025-02-03 19:00:00,3.15,131.6,0.5181,0.88,0.0499,297.8,304.37,74.2,57.4,81.8,110.6,90.7,102.29,0.14,12.2,C,0
2025-02-03 20:00:00,4.66,113.3,0.492,0.88,0.058,409.53,393.68,59.8,53.5,78.8,110.3,97.7,98.77,0.19,15.7,A,0
2025-02-03 21:00:00,3.66,97.4,0.5172,0.8829,0.0525,317.79,317.39,54.5,42.9,85.8,108.3,82.7,102.34,0.14,12.7,A,0
2025-02-03 22:00:00,4.33,73.5,0.4632,0.9081,0.0469,268.94,272.59,35.5,38.0,87.9,112.1,94.3,99.78,0.12,10.9,C,0
2025-02-03 23:00:00,2.31,120.3,0.4729,0.9029,0.0523,262.3,272.39,59.5,60.8,84.7,105.5,85.9,98.84,0.12,10.9,B,0
2025-02-04 00:00:00,3.71,97.8,0.5077,0.9359,0.0526,270.13,267.31,50.4,47.4,86.3,110.7,91.5,97.75,0.12,10.7,B,0
2025-02-04 01:00:00,4.21,112.6,0.5162,0.8982,0.0477,351.8,341.49,62.0,50.6,73.8,106.9,93.9,103.8,0.16,13.7,A,0
2025-02-04 02:00:00,3.57,91.3,0.4997,0.9268,0.0501,230.28,236.02,46.8,44.5,89.0,111.8,93.0,105.18,0.1,9.4,A,0
2025-02-04 03:00:00,4.35,106.0,0.6364,0.9154,0.058,311.57,299.04,71.5,34.5,81.7,109.5,98.4,100.88,0.14,12.0,B,0
2025-02-04 04:00:00,3.09,110.5,0.4207,0.88,0.043,259.72,271.93,49.9,60.6,89.1,111.5,101.2,104.25,0.12,10.9,B,0
2025-02-04 05:00:00,4.63,114.0,0.4949,0.9131,0.0453,372.84,372.61,59.1,55.0,87.2,109.2,104.8,105.88,0.17,14.9,A,0
2025-02-04 06:00:00,5.34,93.3,0.3741,0.88,0.0421,334.05,341.07,37.0,56.3,84.3,112.7,95.0,101.69,0.15,13.6,C,0
2025-02-04 07:00:00,3.21,128.0,0.5298,0.8876,0.0504,326.37,306.82,73.3,54.7,81.0,106.3,100.8,101.07,0.15,12.3,C,0
2025-02-04 08:00:00,3.14,101.0,0.4108,0.8905,0.037,277.73,280.21,44.3,56.8,82.5,111.8,102.3,102.71,0.13,11.2,B,0
2025-02-04 09:00:00,4.66,84.9,0.4777,0.88,0.0472,273.28,284.97,43.9,41.0,76.3,108.8,92.6,98.79,0.12,11.4,B,0
2025-02-04 10:00:00,4.76,108.4,0.4702,0.9188,0.0489,366.93,375.33,52.5,55.9,84.8,110.8,101.2,102.94,0.17,15.0,A,0
2025-02-04 11:00:00,3.08,110.5,0.5225,0.88,0.0462,266.16,249.17,63.1,47.4,74.3,110.8,84.1,101.75,0.12,10.0,C,0
2025-02-04 12:00:00,3.16,112.4,0.4558,0.88,0.043,288.48,285.17,55.4,57.0,81.1,107.2,96.5,97.38,0.13,11.4,C,0
2025-02-04 13:00:00,3.27,130.4,0.4524,0.88,0.0458,347.9,332.92,63.6,66.9,86.6,112.0,103.0,97.42,0.16,13.3,A,0
2025-02-04 14:00:00,2.42,106.5,0.6149,0.8867,0.0682,249.06,268.54,71.1,35.4,84.2,110.8,95.5,98.34,0.11,10.7,C,0
2025-02-04 15:00:00,2.77,108.2,0.5228,0.88,0.0396,267.36,242.15,62.2,46.0,77.4,110.2,94.0,102.84,0.12,9.7,C,0
2025-02-04 16:00:00,2.7,93.5,0.4551,0.88,0.0486,229.88,225.17,45.7,47.8,78.0,110.8,94.0,100.29,0.1,9.0,C,0
2025-02-04 17:00:00,2.89,122.3,0.4799,0.9095,0.0461,253.88,271.26,61.5,60.8,80.2,110.3,102.3,101.22,0.12,10.9,C,0
2025-02-04 18:00:00,3.47,112.8,0.6316,0.9001,0.0607,274.89,268.17,76.7,36.1,82.2,111.7,87.0,105.4,0.12,10.7,C,0
2025-02-04 19:00:00,3.69,103.7,0.4812,0.881,0.0447,273.01,256.96,54.1,49.6,84.6,109.1,93.0,102.63,0.12,10.3,B,0
2025-02-04 20:00:00,4.74,81.4,0.4449,0.88,0.0427,292.1,307.06,39.1,42.3,83.8,111.7,99.2,99.37,0.13,12.3,A,0
2025-02-04 21:00:00,2.7,131.7,0.4452,0.8886,0.0476,262.21,246.92,62.2,69.4,78.8,111.1,96.6,98.34,0.12,9.9,B,0
2025-02-04 22:00:00,4.29,91.6,0.4561,0.88,0.0429,300.3,308.3,45.2,46.4,83.9,109.7,100.9,102.22,0.14,12.3,B,0
2025-02-04 23:00:00,3.33,101.1,0.4524,0.88,0.0535,274.68,255.26,48.8,52.3,84.2,113.7,98.4,98.39,0.12,10.2,C,0
2025-02-05 00:00:00,3.46,115.4,0.3976,0.88,0.0429,257.5,243.09,48.9,66.5,83.5,110.9,92.6,105.06,0.12,9.7,A,0
2025-02-05 01:00:00,4.04,92.1,0.4101,0.895,0.042,256.74,260.41,39.7,52.3,89.4,110.4,97.9,102.04,0.12,10.4,B,0
2025-02-05 02:00:00,2.6,87.6,0.4337,0.8965,0.0425,224.22,222.51,40.1,47.5,84.2,111.1,88.4,101.69,0.1,8.9,C,0
2025-02-05 03:00:00,3.81,78.1,0.5473,0.9522,0.0607,250.86,256.14,42.7,35.5,84.9,109.8,84.9,98.44,0.11,10.2,C,0
2025-02-05 04:00:00,3.63,120.8,0.4695,0.9455,0.0536,306.08,323.61,56.3,64.5,87.6,112.4,91.9,103.16,0.14,12.9,C,0
2025-02-05 05:00:00,3.89,101.8,0.4834,0.9031,0.0425,273.37,270.57,52.2,49.7,84.6,110.0,95.4,104.69,0.12,10.8,A,0
2025-02-05 06:00:00,3.73,153.9,0.6016,0.9395,0.0567,324.88,338.62,95.0,58.9,80.3,111.6,90.9,100.89,0.15,13.5,B,0
2025-02-05 07:00:00,5.46,95.1,0.6036,0.88,0.0635,402.54,387.71,62.9,32.2,85.7,107.9,95.9,104.08,0.18,15.5,B,0
2025-02-05 08:00:00,2.99,96.2,0.4774,0.88,0.0524,242.65,256.11,49.4,46.8,80.8,106.4,95.3,100.09,0.11,10.2,A,0
2025-02-05 09:00:00,3.08,101.5,0.4495,0.9106,0.0435,295.82,261.86,47.5,54.0,79.1,110.8,85.7,101.11,0.13,10.5,A,0
2025-02-05 10:00:00,3.0,113.6,0.4308,0.88,0.0394,273.02,279.45,52.9,60.7,79.3,109.2,92.3,107.56,0.12,11.2,C,1
2025-02-05 11:00:00,3.06,102.9,0.5554,0.88,0.0559,264.66,270.39,62.4,40.5,85.7,109.6,99.7,100.19,0.12,10.8,C,0
2025-02-05 12:00:00,2.99,119.2,0.4836,0.8962,0.0557,308.97,297.9,60.7,58.5,83.9,105.3,97.4,102.92,0.14,11.9,B,0
2025-02-05 13:00:00,4.45,95.3,0.4691,0.9321,0.0471,352.39,367.92,45.4,49.9,85.2,113.4,91.5,100.13,0.16,14.7,C,0
2025-02-05 14:00:00,4.64,89.3,0.4349,0.88,0.0372,314.2,300.49,42.1,47.1,83.9,110.2,98.1,102.14,0.14,12.0,C,0
2025-02-05 15:00:00,3.04,83.0,0.4384,0.88,0.0444,217.9,210.31,39.2,43.9,82.6,112.7,103.8,103.39,0.1,8.4,A,0
2025-02-05 16:00:00,2.83,76.6,0.5256,0.8905,0.0565,197.35,214.3,43.1,33.5,83.0,107.2,92.9,98.6,0.09,8.6,B,0
2025-02-05 17:00:00,3.88,102.2,0.3948,0.88,0.039,273.22,255.71,43.2,59.0,83.8,110.2,98.7,99.18,0.12,10.2,C,0
2025-02-05 18:00:00,3.06,105.5,0.5796,0.8946,0.0642,255.87,258.32,65.5,40.0,80.2,110.8,97.9,103.0,0.12,10.3,C,0
2025-02-05 19:00:00,4.01,100.5,0.4573,0.88,0.0501,302.93,314.74,49.3,51.2,78.1,110.3,92.6,101.78,0.14,12.6,C,0
2025-02-05 20:00:00,3.66,128.7,0.488,0.9065,0.0485,391.35,380.94,65.9,62.7,80.5,110.5,89.3,104.82,0.18,15.2,A,0
2025-02-05 21:00:00,2.29,128.4,0.393,0.88,0.0395,252.01,251.56,54.0,74.4,83.6,107.2,103.3,102.11,0.11,10.1,B,0
2025-02-05 22:00:00,4.74,105.0,0.499,0.88,0.0407,383.19,359.99,57.3,47.7,80.1,110.6,100.4,106.88,0.17,14.4,A,0
2025-02-05 23:00:00,4.94,83.1,0.4737,0.88,0.0534,294.63,306.28,42.3,40.8,88.4,108.3,93.6,103.39,0.13,12.3,C,0
2025-02-06 00:00:00,3.01,101.5,0.496,0.88,0.048,278.8,262.53,54.7,46.8,83.3,108.8,101.1,106.94,0.13,10.5,B,0
2025-02-06 01:00:00,3.19,101.0,0.6177,0.88,0.0598,275.91,283.61,68.7,32.3,82.4,110.0,97.8,106.37,0.13,11.3,C,0
2025-02-06 02:00:00,3.73,100.1,0.5142,0.901,0.0487,301.2,324.1,54.7,45.4,80.2,109.3,101.0,99.37,0.14,13.0,B,0
2025-02-06 03:00:00,3.77,99.5,0.4364,0.92,0.0459,310.49,311.09,44.5,55.1,84.7,109.4,86.0,105.74,0.14,12.4,A,0
2025-02-06 04:00:00,4.03,100.2,0.4431,0.915,0.0387,322.82,311.13,46.2,54.0,78.4,112.2,93.0,104.12,0.15,12.4,A,0
2025-02-06 05:00:00,5.11,104.2,0.5476,0.8926,0.0498,402.1,379.05,61.5,42.7,82.9,109.7,102.9,103.91,0.18,15.2,C,0
2025-02-06 06:00:00,3.36,100.5,0.6039,0.88,0.0601,315.61,301.83,66.6,33.8,80.7,109.2,108.3,104.86,0.14,12.1,C,0
2025-02-06 07:00:00,2.86,113.1,0.5226,0.8966,0.0491,303.72,289.76,63.2,49.9,82.4,109.8,93.1,100.37,0.14,11.6,C,0
2025-02-06 08:00:00,2.4,115.4,0.5551,0.9036,0.0572,255.13,258.14,67.9,47.5,83.5,107.8,93.0,102.29,0.12,10.3,A,0
2025-02-06 09:00:00,2.92,96.3,0.5488,0.8882,0.0519,230.27,242.38,57.2,39.1,78.6,110.3,98.4,100.04,0.1,9.7,A,0
2025-02-06 10:00:00,3.47,129.1,0.6135,0.9334,0.0693,349.27,360.79,81.3,47.8,77.0,111.4,96.7,108.23,0.16,14.4,B,0
2025-02-06 11:00:00,4.94,95.3,0.344,0.88,0.0379,278.35,253.45,34.6,60.7,79.2,110.6,97.7,99.04,0.13,10.1,B,0
2025-02-06 12:00:00,3.09,85.7,0.5534,0.8805,0.0587,239.67,218.87,51.6,34.1,84.6,110.1,84.2,97.46,0.11,8.8,B,0
2025-02-06 13:00:00,3.68,115.7,0.5787,0.88,0.0548,292.01,308.44,73.5,42.3,83.1,111.2,93.8,98.85,0.13,12.3,A,0
2025-02-06 14:00:00,3.49,97.7,0.3929,0.88,0.0513,293.88,290.51,40.3,57.5,80.8,108.9,99.0,101.14,0.13,11.6,B,0
2025-02-06 15:00:00,4.45,114.8,0.4291,0.9235,0.0407,424.89,403.14,50.5,64.3,87.9,110.1,83.2,101.11,0.19,16.1,C,0
2025-02-06 16:00:00,5.52,73.9,0.4319,0.8867,0.0396,256.13,263.17,34.2,39.7,85.9,112.8,86.9,103.97,0.12,10.5,C,0
2025-02-06 17:00:00,3.08,130.9,0.4417,0.9014,0.0477,315.36,305.55,60.4,70.5,85.1,109.4,86.1,101.39,0.14,12.2,A,0
2025-02-06 18:00:00,3.11,120.1,0.4615,0.9362,0.0471,270.42,292.56,56.0,64.1,79.8,111.2,98.3,99.82,0.12,11.7,A,0
2025-02-06 19:00:00,4.34,87.5,0.5194,0.8886,0.0478,243.06,251.68,49.1,38.4,85.1,111.3,90.4,102.75,0.11,10.1,B,0
2025-02-06 20:00:00,4.05,87.8,0.5693,0.88,0.0679,269.19,263.69,54.2,33.6,83.0,108.5,89.0,104.79,0.12,10.5,A,0
2025-02-06 21:00:00,4.98,135.1,0.5865,0.9067,0.0635,479.37,440.16,83.8,51.3,79.8,111.4,95.3,101.92,0.22,17.6,A,0
2025-02-06 22:00:00,3.97,98.9,0.433,0.9192,0.0433,314.26,305.2,44.0,54.9,81.7,108.8,88.8,103.91,0.14,12.2,C,0
2025-02-06 23:00:00,3.21,97.5,0.4324,0.88,0.0552,258.5,251.18,44.6,52.9,78.9,110.9,97.3,101.55,0.12,10.0,B,0
2025-02-07 00:00:00,3.97,76.0,0.6053,0.9199,0.0646,207.53,231.3,48.1,28.0,79.9,108.8,107.1,100.52,0.09,9.3,A,0
2025-02-07 01:00:00,4.39,104.7,0.5517,0.9041,0.0551,335.59,327.02,61.3,43.5,78.6,110.6,93.2,103.4,0.15,13.1,B,0
2025-02-07 02:00:00,4.16,106.6,0.5066,0.88,0.0621,283.78,267.1,57.9,48.7,84.9,110.3,85.3,101.99,0.13,10.7,A,0
2025-02-07 03:00:00,3.91,120.7,0.5379,0.8945,0.0571,303.89,303.54,69.3,51.4,81.8,110.2,92.7,104.31,0.14,12.1,B,0
2025-02-07 04:00:00,4.35,89.0,0.4976,0.9159,0.0528,264.51,281.01,45.9,43.1,79.2,110.5,97.4,105.93,0.12,11.2,C,0
2025-02-07 05:00:00,4.44,87.2,0.542,0.88,0.0523,311.85,319.13,51.6,35.6,83.6,108.9,97.0,100.96,0.14,12.8,C,0
2025-02-07 06:00:00,4.61,116.8,0.4731,0.8948,0.0476,395.12,363.09,58.6,58.1,82.0,107.7,99.2,103.24,0.18,14.5,C,0
2025-02-07 07:00:00,4.02,125.1,0.5215,0.88,0.0501,374.07,340.32,71.1,54.0,85.2,110.2,92.0,104.5,0.17,13.6,C,0
2025-02-07 08:00:00,3.37,86.4,0.3792,0.88,0.0451,222.42,242.55,34.6,51.9,82.4,112.2,93.6,102.53,0.1,9.7,C,0
2025-02-07 09:00:00,3.62,126.2,0.445,0.888,0.0365,330.11,297.8,60.6,65.7,77.7,111.2,82.7,102.83,0.15,11.9,B,0
2025-02-07 10:00:00,4.47,110.6,0.4458,0.9096,0.0514,310.73,309.02,50.8,59.7,80.5,110.9,98.1,101.73,0.14,12.4,A,0
2025-02-07 11:00:00,2.85,126.4,0.47,0.88,0.0426,326.21,309.4,64.5,61.9,78.5,109.0,88.4,102.07,0.15,12.4,C,0
2025-02-07 12:00:00,3.79,108.9,0.4259,0.8856,0.0423,368.59,373.88,49.6,59.4,83.7,110.4,96.0,102.87,0.17,15.0,A,0
2025-02-07 13:00:00,3.19,72.2,0.4573,0.88,0.0443,209.42,208.62,35.7,36.5,85.3,108.3,90.6,99.48,0.1,8.3,B,0
2025-02-07 14:00:00,3.52,107.7,0.3788,0.9104,0.0353,311.44,294.18,42.3,65.4,77.4,109.2,94.6,96.2,0.14,11.8,A,0
2025-02-07 15:00:00,4.52,125.9,0.5439,0.88,0.0578,392.14,383.6,74.4,51.5,81.6,110.7,99.8,101.04,0.18,15.3,A,0
2025-02-07 16:00:00,3.65,96.6,0.4934,0.8836,0.0493,238.33,250.64,51.4,45.2,85.5,106.4,92.8,100.79,0.11,10.0,A,0
2025-02-07 17:00:00,3.54,104.2,0.3636,0.88,0.033,266.39,281.83,40.7,63.5,77.3,113.5,91.3,106.16,0.12,11.3,A,0
2025-02-07 18:00:00,2.41,107.4,0.4332,0.9036,0.0441,224.63,235.45,48.6,58.8,80.7,107.3,95.0,102.19,0.1,9.4,C,0
2025-02-07 19:00:00,4.1,66.5,0.5269,0.8845,0.0492,212.96,224.18,38.0,28.5,82.0,113.8,91.8,102.99,0.1,9.0,C,0
2025-02-07 20:00:00,4.02,135.1,0.4566,0.88,0.043,367.93,369.15,66.7,68.3,85.2,108.3,90.3,100.07,0.17,14.8,A,0
2025-02-07 21:00:00,5.23,96.5,0.4442,0.8923,0.0369,352.0,318.69,45.9,50.5,83.6,108.3,104.3,99.51,0.16,12.7,A,0
2025-02-07 22:00:00,3.25,117.6,0.494,0.8836,0.0472,278.83,266.58,62.8,54.8,84.2,109.2,85.7,98.8,0.13,10.7,B,0
2025-02-07 23:00:00,3.68,108.7,0.5275,0.88,0.0552,359.18,325.66,62.2,46.5,83.8,109.1,98.3,97.52,0.16,13.0,B,0
2025-02-08 00:00:00,3.7,128.9,0.3851,0.88,0.0387,311.46,269.19,53.1,75.8,80.9,108.8,94.3,103.48,0.14,10.8,A,0
2025-02-08 01:00:00,4.76,116.1,0.544,0.894,0.0635,414.13,406.83,67.2,48.9,86.9,109.3,90.9,102.22,0.19,16.3,C,0
2025-02-08 02:00:00,3.42,106.5,0.436,0.8871,0.0567,279.35,294.42,48.6,57.8,80.0,110.2,96.7,105.73,0.13,11.8,C,0
2025-02-08 03:00:00,3.72,96.6,0.4986,0.88,0.0475,288.68,292.2,52.3,44.3,73.7,108.2,95.2,102.95,0.13,11.7,C,0
2025-02-08 04:00:00,3.99,122.0,0.4972,0.88,0.0456,369.54,360.07,66.0,56.0,76.6,111.7,101.6,102.03,0.17,14.4,C,1
2025-02-08 05:00:00,3.65,81.9,0.4578,0.88,0.0514,243.37,247.75,40.2,41.7,81.6,112.8,89.3,95.36,0.11,9.9,A,0
2025-02-08 06:00:00,3.14,119.7,0.4181,0.88,0.0435,269.83,269.98,53.6,66.1,81.0,106.1,92.4,107.02,0.12,10.8,C,0
2025-02-08 07:00:00,3.66,93.5,0.4771,0.88,0.0534,260.44,280.14,47.9,45.6,80.4,113.7,100.1,101.42,0.12,11.2,B,0
2025-02-08 08:00:00,4.36,128.8,0.63,0.9185,0.065,400.91,407.17,85.3,43.5,82.5,111.5,94.0,95.05,0.18,16.3,C,0
2025-02-08 09:00:00,2.68,112.4,0.3911,0.91,0.0381,258.98,253.7,45.5,66.9,85.6,110.5,97.7,101.98,0.12,10.1,A,0
2025-02-08 10:00:00,3.61,119.7,0.6354,0.88,0.0626,297.41,306.81,83.9,35.8,83.4,108.9,101.1,98.87,0.14,12.3,B,0
2025-02-08 11:00:00,2.94,111.2,0.4792,0.9118,0.0501,297.41,308.34,55.4,55.8,83.9,110.3,97.8,98.76,0.14,12.3,B,0
2025-02-08 12:00:00,4.46,83.7,0.5028,0.9172,0.0492,221.43,234.33,43.7,40.0,78.8,111.8,91.9,102.1,0.1,9.4,B,0
2025-02-08 13:00:00,2.28,97.1,0.4131,0.88,0.0474,205.31,217.9,42.6,54.4,80.4,115.2,93.2,99.54,0.09,8.7,A,0
2025-02-08 14:00:00,3.05,120.1,0.4383,0.88,0.0373,270.93,274.35,57.1,62.9,84.1,114.4,101.1,104.38,0.12,11.0,C,0
2025-02-08 15:00:00,3.8,112.5,0.4598,0.88,0.052,325.02,295.79,55.4,57.1,82.3,106.9,95.8,100.95,0.15,11.8,B,0
2025-02-08 16:00:00,4.75,127.7,0.4163,0.9252,0.0323,454.68,396.13,54.9,72.8,83.4,109.6,94.0,102.5,0.21,15.8,A,0
2025-02-08 17:00:00,3.45,116.0,0.4833,0.9106,0.0491,271.75,280.03,58.5,57.6,83.8,110.2,96.9,103.0,0.12,11.2,C,0
2025-02-08 18:00:00,3.06,95.5,0.4674,0.88,0.0451,289.25,272.33,48.3,47.2,82.5,112.7,88.6,102.06,0.13,10.9,B,0
2025-02-08 19:00:00,5.0,98.1,0.6481,0.9041,0.0572,350.36,317.12,68.4,29.6,86.7,109.8,93.8,101.94,0.16,12.7,C,0
2025-02-08 20:00:00,2.34,111.5,0.4067,0.88,0.0304,243.48,225.48,49.4,62.1,80.4,108.5,94.6,101.72,0.11,9.0,A,0
2025-02-08 21:00:00,1.74,75.3,0.5082,0.9087,0.0453,138.33,154.78,40.4,34.9,79.5,110.1,94.5,105.78,0.06,6.2,A,0
2025-02-08 22:00:00,3.85,135.1,0.5198,0.8945,0.0522,376.23,365.78,75.0,60.1,76.7,109.2,93.0,103.83,0.17,14.6,A,0
2025-02-08 23:00:00,3.1,116.6,0.4144,0.9057,0.0384,312.21,311.41,50.6,66.1,84.2,112.0,93.5,99.23,0.14,12.5,B,0
2025-02-09 00:00:00,2.68,128.4,0.5549,0.88,0.0503,291.42,298.24,78.1,50.3,80.3,114.8,94.4,97.97,0.13,11.9,A,0
2025-02-09 01:00:00,4.07,86.3,0.4681,0.9404,0.0536,271.67,266.4,40.3,46.0,85.8,111.8,102.3,98.92,0.12,10.7,C,0
2025-02-09 02:00:00,3.7,128.7,0.3006,0.88,0.0239,350.49,339.51,41.6,87.1,82.7,111.9,84.0,102.58,0.16,13.6,B,0
2025-02-09 03:00:00,3.05,143.5,0.5528,0.9272,0.0587,300.42,306.15,81.6,61.8,81.0,112.5,98.5,97.99,0.14,12.2,C,0
2025-02-09 04:00:00,2.48,90.2,0.4106,0.8869,0.0366,185.05,200.94,39.7,50.5,78.8,110.9,94.6,99.34,0.08,8.0,A,0
2025-02-09 05:00:00,4.2,121.6,0.4162,0.9085,0.036,402.91,372.46,53.0,68.6,84.5,109.2,94.7,97.27,0.18,14.9,A,0
2025-02-09 06:00:00,4.02,110.0,0.555,0.88,0.0525,350.52,342.4,66.8,43.2,81.8,109.4,93.0,104.09,0.16,13.7,C,0
2025-02-09 07:00:00,3.42,86.8,0.4722,0.88,0.0503,261.7,240.38,44.2,42.7,82.8,112.2,97.5,103.29,0.12,9.6,B,0
2025-02-09 08:00:00,4.98,117.4,0.5734,0.925,0.0505,371.98,356.18,70.2,47.2,83.8,110.6,99.8,103.94,0.17,14.2,A,0
2025-02-09 09:00:00,2.64,122.5,0.5968,0.8929,0.0611,269.68,262.14,78.9,43.6,82.8,108.0,85.5,99.88,0.12,10.5,B,0
2025-02-09 10:00:00,2.28,101.0,0.4484,0.9283,0.04,235.99,255.82,46.4,54.6,79.5,112.6,105.5,96.02,0.11,10.2,A,0
2025-02-09 11:00:00,2.95,127.5,0.5635,0.88,0.0524,270.66,258.82,78.7,48.8,83.6,108.5,95.7,98.8,0.12,10.4,C,0
2025-02-09 12:00:00,3.46,85.0,0.4396,0.88,0.046,261.13,263.26,40.1,44.9,84.5,107.7,95.5,97.26,0.12,10.5,C,0
2025-02-09 13:00:00,3.69,87.6,0.6786,0.9472,0.0787,243.52,242.55,60.5,27.1,83.1,108.2,88.0,97.23,0.11,9.7,B,0
2025-02-09 14:00:00,3.31,112.0,0.4446,0.9316,0.0399,270.66,263.64,50.8,61.2,83.9,110.6,92.1,104.71,0.12,10.5,B,0
2025-02-09 15:00:00,3.78,110.4,0.5821,0.8905,0.0618,313.06,311.12,69.3,41.1,84.2,111.9,101.8,100.56,0.14,12.4,B,0
2025-02-09 16:00:00,2.5,99.3,0.5675,0.88,0.0552,204.23,209.97,61.6,37.6,80.8,110.5,95.3,102.17,0.09,8.4,A,0
2025-02-09 17:00:00,4.66,122.1,0.5253,0.9043,0.0502,329.85,346.34,67.9,54.2,80.7,108.9,97.1,104.61,0.15,13.9,C,1
2025-02-09 18:00:00,3.43,118.0,0.4464,0.8883,0.05,313.53,280.19,55.8,62.2,88.7,108.4,92.7,98.24,0.14,11.2,A,0
2025-02-09 19:00:00,4.39,122.9,0.4879,0.9057,0.0446,399.08,389.92,63.3,59.6,86.0,111.5,104.9,103.14,0.18,15.6,B,0
2025-02-09 20:00:00,3.77,108.2,0.3277,0.8916,0.027,339.55,327.39,37.6,70.5,81.9,109.8,94.2,96.94,0.15,13.1,A,0
2025-02-09 21:00:00,3.87,119.0,0.518,0.942,0.0541,357.16,342.82,62.2,56.8,84.0,110.7,100.7,102.06,0.16,13.7,B,0
2025-02-09 22:00:00,3.96,103.3,0.528,0.88,0.0608,356.32,347.45,58.9,44.4,79.2,109.7,94.2,104.5,0.16,13.9,A,0
2025-02-09 23:00:00,3.86,140.8,0.5107,0.889,0.0548,438.59,431.4,76.9,63.9,80.2,110.6,96.7,97.88,0.2,17.3,A,0
2025-02-10 00:00:00,4.01,97.8,0.2621,0.88,0.0192,313.32,309.85,27.6,70.2,78.3,110.8,96.8,103.79,0.14,12.4,B,0
2025-02-10 01:00:00,4.56,141.6,0.3987,0.88,0.0368,462.28,452.61,60.8,80.8,82.9,114.9,99.6,101.97,0.21,18.1,A,0
2025-02-10 02:00:00,3.66,110.5,0.4402,0.88,0.0489,339.02,328.84,52.0,58.5,82.9,110.8,98.7,99.94,0.15,13.2,B,0
2025-02-10 03:00:00,4.07,89.4,0.5233,0.9182,0.0602,226.31,222.42,48.2,41.1,85.3,109.2,92.6,97.7,0.1,8.9,C,0
2025-02-10 04:00:00,3.43,130.5,0.5231,0.9215,0.0535,325.11,315.12,70.6,59.9,81.4,110.4,100.8,102.03,0.15,12.6,B,0
2025-02-10 05:00:00,4.65,111.9,0.4864,0.9133,0.0457,307.44,316.39,56.8,55.1,85.2,108.1,90.0,102.78,0.14,12.7,B,0
2025-02-10 06:00:00,2.96,122.8,0.5508,0.88,0.0633,309.12,297.36,73.3,49.5,84.0,108.1,89.1,100.35,0.14,11.9,C,0
2025-02-10 07:00:00,4.94,128.4,0.4179,0.8993,0.0414,402.95,363.97,56.3,72.0,89.4,112.5,93.5,98.36,0.18,14.6,A,0
2025-02-10 08:00:00,3.47,115.1,0.5488,0.8937,0.0519,384.68,377.11,67.9,47.1,87.0,110.6,97.0,103.59,0.17,15.1,B,0
2025-02-10 09:00:00,2.36,101.1,0.538,0.928,0.0499,210.86,222.24,56.2,44.9,86.5,112.2,89.9,104.85,0.1,8.9,A,0
2025-02-10 10:00:00,3.6,124.6,0.5302,0.88,0.047,339.87,317.75,72.3,52.3,84.5,106.8,94.6,104.16,0.15,12.7,A,0
2025-02-10 11:00:00,2.96,110.0,0.4854,0.88,0.0627,258.8,257.42,56.9,53.1,79.3,108.0,88.1,106.07,0.12,10.3,B,0
2025-02-10 12:00:00,4.17,120.3,0.6465,0.8873,0.0718,345.89,331.33,84.8,35.5,82.9,110.6,93.7,99.35,0.16,13.3,B,0
2025-02-10 13:00:00,2.98,77.7,0.5395,0.9156,0.0507,185.27,197.53,43.9,33.8,88.7,108.4,99.9,97.05,0.08,7.9,B,0
2025-02-10 14:00:00,3.14,116.7,0.4225,0.8815,0.0509,260.81,268.85,52.2,64.5,83.5,107.2,90.8,102.53,0.12,10.8,B,0
2025-02-10 15:00:00,1.99,100.4,0.5199,0.8898,0.0547,167.34,179.36,55.9,44.5,79.5,107.8,88.9,100.09,0.08,7.2,C,0
2025-02-10 16:00:00,3.14,134.8,0.5602,0.88,0.0584,344.12,342.72,82.3,52.5,83.0,109.4,96.9,104.26,0.16,13.7,B,0
2025-02-10 17:00:00,1.56,119.3,0.453,0.88,0.0417,196.33,202.43,58.5,60.8,79.0,110.8,91.1,98.19,0.09,8.1,C,0
2025-02-10 18:00:00,2.23,113.6,0.5871,0.8853,0.0561,269.13,287.82,72.7,40.9,79.4,113.4,107.1,98.41,0.12,11.5,B,0
2025-02-10 19:00:00,4.11,117.3,0.5306,0.88,0.0528,312.32,327.87,67.7,49.6,83.2,107.9,96.0,101.5,0.14,13.1,A,0
2025-02-10 20:00:00,4.13,95.0,0.3126,0.9289,0.0214,329.64,308.2,30.5,64.5,84.2,108.0,100.1,101.82,0.15,12.3,B,0
2025-02-10 21:00:00,3.84,134.3,0.524,0.9345,0.05,426.27,380.13,72.0,62.4,79.6,107.1,88.4,103.32,0.19,15.2,A,0
2025-02-10 22:00:00,2.73,139.9,0.4675,0.88,0.0468,343.89,346.6,70.6,69.2,80.3,111.1,97.3,101.0,0.16,13.9,C,0
2025-02-10 23:00:00,3.46,115.9,0.543,0.88,0.0608,314.62,310.88,68.2,47.7,77.7,110.2,90.0,95.55,0.14,12.4,A,0
2025-02-11 00:00:00,3.5,133.9,0.5755,0.8916,0.0545,340.8,337.67,83.3,50.5,81.6,108.1,94.1,111.66,0.15,13.5,C,0
2025-02-11 01:00:00,2.57,101.5,0.5156,0.9022,0.0556,254.41,249.17,55.1,46.3,76.2,108.3,91.2,101.4,0.12,10.0,B,0
2025-02-11 02:00:00,4.7,98.0,0.6332,0.9218,0.053,307.43,299.59,65.5,32.6,81.1,109.8,100.2,109.97,0.14,12.0,B,0
2025-02-11 03:00:00,4.2,110.6,0.4857,0.9276,0.0544,345.49,328.6,54.6,56.0,82.2,109.9,96.6,100.92,0.16,13.1,A,1
2025-02-11 04:00:00,3.32,116.5,0.55,0.88,0.0505,300.78,299.55,70.2,46.4,76.7,107.9,95.6,98.14,0.14,12.0,A,0
2025-02-11 05:00:00,3.52,104.1,0.5644,0.9039,0.0571,264.35,250.7,62.4,41.7,79.0,110.4,101.8,100.35,0.12,10.0,A,0
2025-02-11 06:00:00,3.67,118.1,0.4922,0.88,0.0513,333.15,321.77,62.8,55.2,81.8,107.2,95.1,104.6,0.15,12.9,A,0
2025-02-11 07:00:00,1.87,114.6,0.5623,0.88,0.0573,226.44,220.39,70.3,44.3,81.4,110.1,100.2,103.16,0.1,8.8,C,0
2025-02-11 08:00:00,3.3,95.0,0.4524,0.8999,0.0447,235.38,234.92,45.3,49.7,81.5,109.6,104.0,102.22,0.11,9.4,C,0
2025-02-11 09:00:00,2.95,117.8,0.4662,0.8997,0.0404,293.59,288.34,58.4,59.4,82.9,110.8,95.7,101.12,0.13,11.5,A,0
2025-02-11 10:00:00,2.7,123.0,0.395,0.88,0.0351,226.7,237.58,52.4,70.6,77.0,112.4,96.3,101.69,0.1,9.5,B,0
2025-02-11 11:00:00,3.28,112.6,0.5193,0.88,0.0569,265.38,272.23,63.2,49.3,84.1,109.3,99.8,100.85,0.12,10.9,A,0
2025-02-11 12:00:00,4.94,127.3,0.526,0.9425,0.0496,410.65,402.33,67.9,59.4,81.0,110.0,102.2,104.89,0.19,16.1,C,0
2025-02-11 13:00:00,4.01,91.7,0.5943,0.9338,0.0589,288.14,266.76,56.1,35.6,80.2,106.0,95.6,104.05,0.13,10.7,C,0
2025-02-11 14:00:00,3.04,117.0,0.5633,0.88,0.0489,307.12,317.55,72.4,44.6,76.4,113.9,91.8,98.47,0.14,12.7,B,0
2025-02-11 15:00:00,3.96,92.4,0.4772,0.88,0.052,281.07,271.21,47.5,45.0,81.2,106.3,99.3,96.87,0.13,10.8,C,0
2025-02-11 16:00:00,4.62,93.3,0.4057,0.9638,0.034,326.97,309.98,37.3,56.0,83.5,109.8,97.9,97.62,0.15,12.4,A,0
2025-02-11 17:00:00,4.24,100.5,0.5346,0.88,0.058,309.16,306.32,58.3,42.2,82.4,104.9,99.3,100.23,0.14,12.3,C,0
2025-02-11 18:00:00,3.55,95.9,0.5889,0.88,0.0536,276.82,271.33,62.1,33.8,82.5,108.3,98.5,101.96,0.13,10.9,A,0
2025-02-11 19:00:00,2.98,101.8,0.5604,0.88,0.0611,259.8,264.82,62.1,39.7,81.0,113.5,96.0,101.14,0.12,10.6,B,0
2025-02-11 20:00:00,4.06,106.8,0.5868,0.9079,0.0587,306.35,307.52,66.4,40.4,81.8,112.3,96.3,103.19,0.14,12.3,C,0
2025-02-11 21:00:00,3.81,122.6,0.483,0.9051,0.0455,334.56,313.52,62.4,60.2,78.7,112.0,98.5,101.26,0.15,12.5,B,0
2025-02-11 22:00:00,4.22,105.2,0.4627,0.9053,0.0543,340.79,327.01,50.5,54.7,82.0,109.6,87.8,106.09,0.15,13.1,A,0
2025-02-11 23:00:00,4.01,86.2,0.441,0.8826,0.0438,305.01,297.26,40.8,45.4,80.5,113.3,101.6,102.83,0.14,11.9,B,1
2025-02-12 00:00:00,4.34,127.1,0.4955,0.8868,0.0477,430.29,423.27,67.8,59.3,78.6,110.5,97.2,101.35,0.2,16.9,A,0
2025-02-12 01:00:00,3.07,97.4,0.4937,0.9516,0.0539,225.99,227.62,47.7,49.7,84.3,111.4,90.8,96.77,0.1,9.1,A,0
2025-02-12 02:00:00,4.55,109.1,0.5165,0.9104,0.0443,318.91,304.18,59.5,49.6,77.3,115.3,95.9,102.35,0.14,12.2,C,0
2025-02-12 03:00:00,3.66,116.7,0.4897,0.8874,0.0363,307.24,287.81,62.2,54.5,83.6,112.2,101.6,102.8,0.14,11.5,C,0
2025-02-12 04:00:00,5.16,113.0,0.4893,0.88,0.0547,401.48,365.74,59.5,53.5,83.8,109.9,96.5,99.16,0.18,14.6,C,0
2025-02-12 05:00:00,2.95,126.4,0.4379,0.8957,0.0396,300.78,278.4,58.8,67.6,80.4,111.0,91.3,97.83,0.14,11.1,A,0
2025-02-12 06:00:00,4.89,117.2,0.5753,0.925,0.0619,437.83,399.07,69.7,47.5,85.1,112.8,88.6,104.58,0.2,16.0,A,0
2025-02-12 07:00:00,3.66,97.1,0.5061,0.9206,0.0508,305.4,320.27,50.8,46.3,80.4,111.2,107.3,98.39,0.14,12.8,A,0
2025-02-12 08:00:00,2.98,142.7,0.486,0.8867,0.0428,334.01,333.72,74.9,67.7,80.2,111.6,86.3,101.8,0.15,13.3,B,0
2025-02-12 09:00:00,3.11,112.9,0.4402,0.9054,0.0471,276.92,290.41,51.7,61.2,78.4,112.6,96.7,101.39,0.13,11.6,A,0
2025-02-12 10:00:00,3.24,107.8,0.3934,0.942,0.0373,290.53,275.22,42.4,65.4,82.0,115.1,92.1,102.64,0.13,11.0,C,0
2025-02-12 11:00:00,3.84,124.5,0.6046,0.9301,0.0551,383.17,333.97,78.2,46.3,79.1,108.1,100.2,98.42,0.17,13.4,C,0
2025-02-12 12:00:00,3.92,113.7,0.5444,0.88,0.0492,345.16,338.03,67.8,45.9,79.6,111.4,88.9,100.94,0.16,13.5,B,0
2025-02-12 13:00:00,3.04,116.0,0.3701,0.88,0.0283,274.24,294.71,46.5,69.4,81.8,110.9,103.0,98.4,0.12,11.8,C,1
2025-02-12 14:00:00,3.48,147.4,0.5611,0.913,0.0581,359.96,338.54,86.7,60.7,81.9,109.2,94.4,101.52,0.16,13.5,A,0
2025-02-12 15:00:00,5.21,105.9,0.5738,0.9124,0.0527,342.41,332.53,64.2,41.7,85.8,108.7,93.9,102.81,0.16,13.3,A,0
2025-02-12 16:00:00,4.88,105.2,0.51,0.88,0.0508,365.48,326.28,58.3,47.0,84.8,113.3,93.4,103.99,0.17,13.1,C,0
2025-02-12 17:00:00,3.85,111.7,0.6278,0.891,0.0619,337.82,327.55,76.3,35.5,83.7,108.0,92.0,105.78,0.15,13.1,C,0
2025-02-12 18:00:00,3.53,126.1,0.5173,0.8877,0.047,356.57,341.19,70.5,55.5,81.6,107.2,93.2,100.51,0.16,13.6,A,0
2025-02-12 19:00:00,3.6,87.4,0.3867,0.899,0.0311,273.98,248.51,35.8,51.6,80.8,108.9,98.6,100.46,0.12,9.9,A,0
2025-02-12 20:00:00,3.99,80.5,0.5292,0.8847,0.0656,280.66,266.19,45.6,34.9,81.9,106.4,86.4,105.12,0.13,10.6,A,0
2025-02-12 21:00:00,2.68,101.2,0.5196,0.9372,0.0517,210.67,209.07,53.5,47.7,80.3,108.3,91.3,103.03,0.1,8.4,C,0
2025-02-12 22:00:00,3.29,85.5,0.4517,0.8883,0.0543,240.98,228.66,40.7,44.8,79.9,107.9,102.5,105.01,0.11,9.1,C,0
2025-02-12 23:00:00,2.17,103.6,0.5459,0.88,0.0604,221.2,221.21,61.4,42.2,81.8,110.2,94.5,107.16,0.1,8.8,A,0
2025-02-13 00:00:00,3.82,117.5,0.3666,0.9151,0.0351,331.13,328.62,44.3,73.3,79.4,112.9,92.1,98.77,0.15,13.1,C,0
2025-02-13 01:00:00,4.02,96.6,0.5792,0.88,0.0588,272.37,264.19,61.2,35.4,79.5,108.8,88.6,103.73,0.12,10.6,B,0
2025-02-13 02:00:00,3.11,88.6,0.4298,0.9297,0.0437,258.55,272.38,38.6,50.0,84.9,111.7,89.1,99.5,0.12,10.9,C,0
2025-02-13 03:00:00,4.76,111.0,0.4212,0.9471,0.0513,350.93,332.88,45.9,65.2,77.9,111.5,99.9,105.99,0.16,13.3,C,0
2025-02-13 04:00:00,2.52,122.9,0.4909,0.9142,0.0532,218.9,229.1,62.5,60.4,78.9,105.6,90.9,97.74,0.1,9.2,A,0
2025-02-13 05:00:00,2.33,84.6,0.5346,0.88,0.0494,191.04,206.42,49.4,35.2,85.8,108.9,99.0,104.05,0.09,8.3,C,0
2025-02-13 06:00:00,3.68,122.3,0.5131,0.8972,0.0531,329.36,341.42,66.7,55.7,80.8,109.2,90.1,99.64,0.15,13.7,A,0
2025-02-13 07:00:00,4.34,122.3,0.4406,0.8942,0.0481,436.91,398.07,56.7,65.5,86.1,110.8,94.4,102.96,0.2,15.9,C,0
2025-02-13 08:00:00,4.85,124.3,0.4595,0.8892,0.0401,431.23,414.65,61.4,62.9,78.5,111.1,94.7,105.1,0.2,16.6,C,0
2025-02-13 09:00:00,3.13,128.3,0.4094,0.88,0.0434,306.99,288.59,56.1,72.2,82.2,110.7,91.2,99.37,0.14,11.5,C,0
2025-02-13 10:00:00,4.36,143.0,0.482,0.8806,0.0549,425.98,433.26,74.0,69.0,84.3,108.2,95.4,96.89,0.19,17.3,A,0
2025-02-13 11:00:00,3.47,104.7,0.586,0.9037,0.0543,279.0,264.82,65.5,39.1,79.3,108.7,84.4,100.52,0.13,10.6,C,0
2025-02-13 12:00:00,3.36,111.6,0.4997,0.88,0.0464,347.47,341.02,60.7,50.9,87.0,107.0,94.6,100.14,0.16,13.6,C,0
2025-02-13 13:00:00,4.21,103.8,0.5688,0.9114,0.0627,338.36,350.04,61.9,41.9,80.8,110.1,97.2,97.45,0.15,14.0,B,0
2025-02-13 14:00:00,4.02,110.0,0.6164,0.883,0.0599,287.4,269.68,74.4,35.6,83.5,109.3,90.8,95.27,0.13,10.8,A,0
2025-02-13 15:00:00,2.24,133.0,0.453,0.88,0.0404,260.11,267.67,65.4,67.6,80.0,111.1,96.1,104.95,0.12,10.7,A,0
2025-02-13 16:00:00,4.68,89.8,0.4851,0.88,0.0529,304.55,286.02,46.9,42.9,86.5,111.4,95.8,105.77,0.14,11.4,C,0
2025-02-13 17:00:00,4.6,97.1,0.6737,0.88,0.0703,291.9,317.0,72.3,24.7,82.9,109.3,96.0,99.49,0.13,12.7,C,0
2025-02-13 18:00:00,3.0,130.7,0.6155,0.9575,0.062,264.7,243.72,80.8,49.9,88.3,110.6,88.3,100.42,0.12,9.7,B,0
2025-02-13 19:00:00,3.82,125.3,0.3662,0.8908,0.0422,369.74,330.43,47.8,77.5,85.5,109.6,95.5,103.72,0.17,13.2,A,0
2025-02-13 20:00:00,3.9,104.6,0.531,0.8935,0.0591,285.31,268.92,59.1,45.4,84.5,107.8,86.4,103.77,0.13,10.8,B,0
2025-02-13 21:00:00,3.71,122.8,0.5,0.8822,0.0496,375.25,341.59,66.4,56.4,79.1,108.4,91.9,106.64,0.17,13.7,A,0
2025-02-13 22:00:00,3.06,115.1,0.5661,0.88,0.0665,283.87,287.57,70.7,44.4,82.3,105.5,95.0,103.16,0.13,11.5,B,0
2025-02-13 23:00:00,2.96,132.5,0.4404,0.9346,0.052,300.09,318.03,58.3,74.2,81.0,109.2,96.0,98.22,0.14,12.7,C,0
2025-02-14 00:00:00,3.48,111.1,0.4328,0.892,0.0334,238.73,254.64,51.7,59.4,82.1,108.8,89.0,103.67,0.11,10.2,A,0
2025-02-14 01:00:00,4.44,125.4,0.4459,0.88,0.0394,432.6,412.01,60.6,64.8,82.4,107.8,93.6,99.21,0.2,16.5,A,0
2025-02-14 02:00:00,3.93,149.6,0.4542,0.8881,0.0341,430.04,405.71,73.6,76.0,79.3,111.6,99.0,101.1,0.2,16.2,C,0
2025-02-14 03:00:00,3.2,119.0,0.5652,0.88,0.0549,288.84,278.07,73.6,45.4,81.5,111.1,90.1,104.64,0.13,11.1,A,0
2025-02-14 04:00:00,4.12,110.7,0.4055,0.929,0.0345,308.12,307.02,45.9,64.8,81.7,111.1,84.2,98.58,0.14,12.3,C,0
2025-02-14 05:00:00,1.5,120.8,0.4502,0.88,0.0409,225.2,229.42,58.9,61.9,79.0,111.4,97.6,101.08,0.1,9.2,C,0
2025-02-14 06:00:00,4.42,104.5,0.3569,0.88,0.0411,303.06,300.04,39.3,65.2,84.4,110.0,90.3,97.62,0.14,12.0,B,0
2025-02-14 07:00:00,2.11,145.8,0.5806,0.88,0.0493,268.27,259.58,93.3,52.6,82.7,110.0,91.8,98.33,0.12,10.4,C,0
2025-02-14 08:00:00,3.21,112.7,0.6017,0.88,0.0608,300.75,280.28,74.4,38.3,84.4,111.7,95.7,99.66,0.14,11.2,A,0
2025-02-14 09:00:00,2.6,105.9,0.4738,0.9252,0.048,268.55,268.55,51.4,54.5,83.5,111.3,95.4,106.19,0.12,10.7,A,0
2025-02-14 10:00:00,2.46,97.5,0.4762,0.944,0.0472,215.17,222.92,46.6,50.8,76.9,112.1,100.1,101.4,0.1,8.9,A,0
2025-02-14 11:00:00,4.43,126.5,0.5363,0.88,0.0543,368.03,343.5,73.8,52.6,79.5,109.9,93.8,109.23,0.17,13.7,C,0
2025-02-14 12:00:00,3.13,123.0,0.618,0.903,0.0506,301.05,286.08,81.9,41.1,87.0,108.0,95.3,104.16,0.14,11.4,C,0
2025-02-14 13:00:00,3.78,102.5,0.5327,0.88,0.0492,317.08,317.04,59.7,42.9,84.4,110.5,86.5,104.25,0.14,12.7,A,1
2025-02-14 14:00:00,3.46,118.6,0.4442,0.88,0.0521,344.63,339.6,56.2,62.5,77.1,108.8,98.1,98.02,0.16,13.6,B,0
2025-02-14 15:00:00,3.88,87.4,0.3705,0.9438,0.0311,233.93,257.5,32.5,54.9,83.4,111.3,91.5,100.84,0.11,10.3,C,0
2025-02-14 16:00:00,3.56,112.8,0.4108,0.9241,0.0494,310.16,321.84,46.6,66.2,79.5,110.6,111.2,97.87,0.14,12.9,A,0
2025-02-14 17:00:00,2.47,116.8,0.5059,0.8934,0.0436,223.75,218.84,63.5,53.3,75.7,110.1,93.9,100.37,0.1,8.8,A,0
2025-02-14 18:00:00,4.3,135.6,0.4476,0.9567,0.0371,440.92,411.21,60.5,75.1,87.0,109.2,97.1,99.93,0.2,16.4,A,0
2025-02-14 19:00:00,3.1,98.4,0.5156,0.917,0.0468,260.58,246.38,53.0,45.4,82.2,112.0,98.2,101.17,0.12,9.9,A,0
2025-02-14 20:00:00,2.25,90.8,0.4558,0.88,0.0512,184.19,182.16,44.3,46.5,82.7,111.8,94.6,103.78,0.08,7.3,A,0
2025-02-14 21:00:00,3.16,96.6,0.4153,0.909,0.0388,281.54,305.58,41.8,54.8,78.2,108.9,97.2,100.51,0.13,12.2,A,0
2025-02-14 22:00:00,4.7,90.0,0.4058,0.9179,0.0423,314.98,327.55,37.3,52.6,78.5,107.5,106.3,103.83,0.14,13.1,A,0
2025-02-14 23:00:00,4.18,130.0,0.625,0.88,0.0629,394.43,364.7,89.5,40.6,77.2,110.4,91.2,96.9,0.18,14.6,B,0
2025-02-15 00:00:00,3.22,133.2,0.5711,0.9272,0.0568,326.15,334.46,78.7,54.5,86.3,112.4,83.8,102.64,0.15,13.4,A,0
2025-02-15 01:00:00,3.22,114.8,0.6384,0.88,0.0702,292.07,305.54,80.6,34.2,77.1,107.5,88.5,99.99,0.13,12.2,A,0
2025-02-15 02:00:00,3.24,128.3,0.5432,0.9304,0.0582,311.83,279.6,71.4,57.0,86.9,110.9,100.0,102.06,0.14,11.2,C,0
2025-02-15 03:00:00,5.16,112.0,0.4656,0.9015,0.0408,369.49,367.42,55.3,56.7,79.0,108.4,92.6,103.89,0.17,14.7,A,0
2025-02-15 04:00:00,3.81,108.6,0.6059,0.8855,0.0592,342.94,324.34,71.8,36.7,78.3,108.0,106.7,96.98,0.16,13.0,A,0
2025-02-15 05:00:00,3.84,105.0,0.4974,0.8966,0.0585,291.79,292.77,55.0,50.0,81.8,111.9,98.6,105.71,0.13,11.7,B,0
2025-02-15 06:00:00,4.32,105.3,0.5177,0.8817,0.0534,315.68,348.71,59.0,46.3,79.9,111.3,91.7,100.72,0.14,13.9,B,0
2025-02-15 07:00:00,3.69,86.8,0.4966,0.88,0.0421,250.92,270.19,47.1,39.7,82.3,109.7,91.1,106.89,0.11,10.8,B,0
2025-02-15 08:00:00,3.29,114.0,0.2642,0.903,0.0192,329.46,318.24,31.6,82.4,79.4,111.6,92.8,101.51,0.15,12.7,B,0
2025-02-15 09:00:00,3.34,109.4,0.6284,0.88,0.0673,314.42,326.25,75.5,33.9,81.1,111.4,84.7,105.26,0.14,13.1,A,0
2025-02-15 10:00:00,3.44,121.2,0.5393,0.88,0.0574,308.56,277.07,71.0,50.2,79.7,107.0,96.4,101.48,0.14,11.1,B,0
2025-02-15 11:00:00,3.47,111.4,0.5264,0.88,0.048,329.54,327.17,64.1,47.3,84.6,110.2,98.5,102.1,0.15,13.1,A,0
2025-02-15 12:00:00,4.08,107.6,0.4951,0.88,0.0532,326.27,324.64,57.5,50.1,83.5,112.8,90.2,101.65,0.15,13.0,A,0
2025-02-15 13:00:00,3.54,96.9,0.5131,0.9305,0.0593,251.55,261.36,50.5,46.4,82.7,110.9,87.2,100.64,0.11,10.5,B,0
2025-02-15 14:00:00,4.09,111.1,0.4522,0.9386,0.0525,319.04,304.29,50.1,61.0,85.2,104.8,90.4,100.53,0.15,12.2,B,0
2025-02-15 15:00:00,3.44,121.1,0.5493,0.913,0.063,355.38,347.84,69.3,51.8,82.8,107.9,100.0,101.98,0.16,13.9,B,0
2025-02-15 16:00:00,3.56,92.8,0.3954,0.88,0.0423,305.95,311.19,39.1,53.7,82.5,112.0,99.0,102.95,0.14,12.4,A,0
2025-02-15 17:00:00,1.9,111.3,0.5149,0.9298,0.0506,216.65,202.76,58.8,52.5,81.6,108.9,96.1,102.0,0.1,8.1,A,0
2025-02-15 18:00:00,4.23,113.5,0.5449,0.88,0.0525,330.14,316.18,67.5,46.0,79.9,112.2,103.2,102.86,0.15,12.6,C,0
2025-02-15 19:00:00,3.78,99.2,0.4841,0.9395,0.0483,284.06,270.54,48.5,50.7,79.9,114.1,86.6,96.75,0.13,10.8,A,0
2025-02-15 20:00:00,4.3,101.2,0.5297,0.88,0.0486,297.61,301.35,58.5,42.6,82.4,109.5,94.0,104.01,0.14,12.1,B,0
2025-02-15 21:00:00,1.5,113.5,0.4207,0.88,0.0403,183.08,206.34,51.4,62.1,85.1,108.8,97.8,99.07,0.08,8.3,A,0
2025-02-15 22:00:00,5.17,93.0,0.4227,0.8904,0.0486,316.42,300.73,41.3,51.7,83.7,108.0,98.9,96.36,0.14,12.0,B,0
2025-02-15 23:00:00,3.39,115.2,0.5189,0.88,0.0438,300.87,281.82,65.5,49.8,83.7,111.5,99.0,106.84,0.14,11.3,B,0
2025-02-16 00:00:00,4.39,96.6,0.5543,0.9524,0.0477,313.23,307.8,54.1,42.5,78.7,108.8,98.6,105.53,0.14,12.3,B,0
2025-02-16 01:00:00,2.67,125.9,0.35,0.9237,0.0392,277.56,262.32,44.3,81.7,83.6,109.2,101.6,101.27,0.13,10.5,C,0
2025-02-16 02:00:00,3.99,145.1,0.5418,0.9163,0.0524,403.95,379.47,82.2,62.9,80.8,107.8,98.8,104.51,0.18,15.2,A,0
2025-02-16 03:00:00,2.66,97.1,0.4565,0.88,0.036,241.04,241.49,48.4,48.7,82.5,109.1,89.2,100.31,0.11,9.7,C,0
2025-02-16 04:00:00,3.0,118.0,0.4846,0.88,0.0482,280.67,285.49,61.9,56.1,83.7,108.6,92.7,99.89,0.13,11.4,B,0
2025-02-16 05:00:00,5.03,99.1,0.3928,0.9159,0.0383,343.91,336.93,40.0,59.1,78.5,106.0,86.5,99.52,0.16,13.5,C,0
2025-02-16 06:00:00,3.35,125.6,0.4319,0.892,0.041,318.23,312.68,57.7,67.9,82.5,108.3,100.0,99.38,0.14,12.5,C,0
2025-02-16 07:00:00,3.67,91.0,0.5773,0.88,0.0612,295.54,311.77,57.4,33.6,82.7,111.5,101.0,100.52,0.13,12.5,C,0
2025-02-16 08:00:00,4.2,117.2,0.5026,0.9317,0.0436,339.55,332.51,60.6,56.6,85.0,112.7,88.9,99.16,0.15,13.3,A,0
2025-02-16 09:00:00,3.9,96.9,0.4694,0.8988,0.047,301.4,290.84,48.1,48.9,80.4,109.8,93.1,92.75,0.14,11.6,B,0
2025-02-16 10:00:00,3.62,106.9,0.4907,0.88,0.048,278.47,273.2,56.9,50.0,81.8,110.1,86.2,100.75,0.13,10.9,C,0
2025-02-16 11:00:00,3.79,94.5,0.5391,0.88,0.0541,284.43,272.53,55.5,39.0,82.5,110.6,94.4,98.39,0.13,10.9,C,0
2025-02-16 12:00:00,5.42,122.3,0.5352,0.9098,0.0449,464.32,414.57,69.4,53.0,80.4,113.9,90.9,102.19,0.21,16.6,B,0
2025-02-16 13:00:00,3.45,97.4,0.494,0.9376,0.0468,290.54,269.8,48.9,48.5,80.4,108.0,89.2,100.58,0.13,10.8,A,0
2025-02-16 14:00:00,3.66,118.3,0.5874,0.88,0.0588,315.05,322.98,76.1,42.1,80.3,107.5,94.9,103.2,0.14,12.9,B,0
2025-02-16 15:00:00,4.34,104.8,0.5776,0.906,0.0605,298.76,284.83,64.1,40.7,81.6,109.9,104.4,101.34,0.14,11.4,B,0
2025-02-16 16:00:00,4.38,108.3,0.5331,0.9173,0.0625,318.67,315.14,59.6,48.7,87.2,110.8,99.0,97.5,0.14,12.6,A,0
2025-02-16 17:00:00,4.45,112.2,0.5044,0.88,0.0545,385.26,362.56,61.2,51.1,81.7,109.9,93.7,97.5,0.18,14.5,B,0
2025-02-16 18:00:00,4.01,98.6,0.5526,0.8911,0.0576,348.39,335.7,58.5,40.0,83.5,107.3,94.8,97.58,0.16,13.4,C,0
2025-02-16 19:00:00,2.59,113.2,0.5251,0.88,0.0589,269.79,282.55,64.3,48.9,82.1,111.8,104.4,98.71,0.12,11.3,A,0
2025-02-16 20:00:00,4.81,133.0,0.5849,0.9164,0.057,387.3,372.11,81.7,51.3,81.1,109.7,101.3,99.19,0.18,14.9,B,0
2025-02-16 21:00:00,2.58,98.3,0.572,0.909,0.065,240.26,234.8,59.1,39.3,81.9,111.1,93.4,104.06,0.11,9.4,A,0
2025-02-16 22:00:00,3.74,127.6,0.4185,0.8844,0.0475,323.94,307.59,56.6,71.0,84.3,113.1,97.5,101.86,0.15,12.3,C,0
2025-02-16 23:00:00,2.9,132.5,0.4131,0.88,0.0391,299.08,305.15,58.9,73.5,81.8,107.1,90.0,95.72,0.14,12.2,C,0
2025-02-17 00:00:00,3.45,97.8,0.4439,0.88,0.054,271.52,276.37,46.1,51.6,81.5,106.6,95.1,98.67,0.12,11.1,A,0
2025-02-17 01:00:00,3.76,88.2,0.5781,0.88,0.06,267.45,277.82,55.7,32.5,81.3,111.1,98.8,101.19,0.12,11.1,A,0
2025-02-17 02:00:00,3.76,114.5,0.3739,0.88,0.0484,324.2,312.28,44.8,69.7,79.0,105.9,100.1,98.29,0.15,12.5,A,0
2025-02-17 03:00:00,3.84,101.8,0.5316,0.88,0.0547,281.4,262.5,58.8,43.0,85.1,109.2,91.8,101.54,0.13,10.5,C,0
2025-02-17 04:00:00,4.79,138.0,0.529,0.8928,0.0501,492.02,468.81,78.4,59.6,80.7,108.9,100.0,98.78,0.22,18.8,C,0
2025-02-17 05:00:00,3.86,110.5,0.593,0.8923,0.0555,304.55,302.14,71.0,39.5,86.4,110.7,95.7,100.9,0.14,12.1,C,0
2025-02-17 06:00:00,3.3,98.0,0.5144,0.8849,0.0497,287.31,287.62,54.5,43.5,82.7,108.7,93.6,99.59,0.13,11.5,C,0
2025-02-17 07:00:00,4.27,92.8,0.3925,0.88,0.0364,261.32,246.78,39.2,53.6,86.2,111.0,104.5,101.64,0.12,9.9,B,0
2025-02-17 08:00:00,4.45,126.3,0.4233,0.8857,0.0487,401.82,370.62,56.5,69.8,81.4,107.9,93.2,105.62,0.18,14.8,C,0
2025-02-17 09:00:00,2.52,101.4,0.4054,0.88,0.0404,206.54,207.32,44.1,57.3,79.8,107.5,89.5,103.98,0.09,8.3,A,0
2025-02-17 10:00:00,3.98,110.7,0.457,0.8945,0.0376,302.45,302.22,54.2,56.5,85.1,110.0,91.6,98.06,0.14,12.1,A,0
2025-02-17 11:00:00,4.06,124.3,0.4854,0.88,0.0496,348.49,342.64,65.2,59.1,80.3,110.2,98.6,108.83,0.16,13.7,B,0
2025-02-17 12:00:00,3.26,102.7,0.4068,0.88,0.0413,302.22,296.33,44.8,58.0,85.9,110.6,90.1,104.84,0.14,11.9,B,0
2025-02-17 13:00:00,4.6,109.3,0.6177,0.9199,0.0594,396.14,393.01,70.9,38.4,83.7,113.0,99.1,99.24,0.18,15.7,B,0
2025-02-17 14:00:00,3.38,109.8,0.394,0.88,0.0407,311.37,324.39,46.2,63.6,86.4,112.6,90.7,98.7,0.14,13.0,A,0
2025-02-17 15:00:00,3.6,120.2,0.6077,0.9061,0.0605,327.52,323.31,77.8,42.4,79.1,110.9,94.6,102.32,0.15,12.9,B,0
2025-02-17 16:00:00,3.36,118.9,0.5948,0.9172,0.0627,314.08,315.93,74.0,44.8,84.9,111.6,106.1,103.41,0.14,12.6,B,0
2025-02-17 17:00:00,3.51,106.7,0.5719,0.88,0.0601,321.22,305.65,66.6,40.1,79.8,110.5,90.6,106.6,0.15,12.2,A,0
2025-02-17 18:00:00,2.62,111.0,0.4445,0.8964,0.0463,265.09,257.15,52.0,59.0,74.8,112.4,84.9,102.83,0.12,10.3,A,0
2025-02-17 19:00:00,2.35,104.4,0.5274,0.88,0.0462,225.12,241.01,60.3,44.2,84.7,110.7,101.8,99.31,0.1,9.6,C,0
2025-02-17 20:00:00,4.78,87.8,0.3978,0.9191,0.0504,341.36,317.47,35.1,52.7,82.0,108.9,88.0,99.78,0.16,12.7,B,0
2025-02-17 21:00:00,2.82,113.9,0.5729,0.88,0.0495,285.34,291.0,71.8,42.1,84.9,108.5,90.9,103.18,0.13,11.6,A,0
2025-02-17 22:00:00,2.71,138.4,0.4941,0.88,0.0488,312.7,328.65,74.1,64.2,82.3,112.3,98.6,97.28,0.14,13.1,B,0
2025-02-17 23:00:00,1.78,96.7,0.4673,0.9112,0.0413,178.18,196.4,47.4,49.4,82.1,109.6,98.4,105.78,0.08,7.9,C,0
2025-02-18 00:00:00,2.99,98.4,0.4021,0.88,0.0422,235.48,239.35,42.3,56.1,86.5,113.8,83.1,99.67,0.11,9.6,B,1
2025-02-18 01:00:00,2.44,96.9,0.3018,0.88,0.0309,211.2,207.49,30.9,66.0,82.4,107.8,93.3,104.18,0.1,8.3,B,0
2025-02-18 02:00:00,4.81,120.9,0.4169,0.9271,0.0408,417.4,397.69,51.3,69.6,80.6,112.5,99.3,104.9,0.19,15.9,C,0
2025-02-18 03:00:00,4.31,116.7,0.589,0.9335,0.0665,385.68,384.37,70.3,46.4,81.7,109.1,105.1,110.46,0.18,15.4,B,0
2025-02-18 04:00:00,2.95,107.6,0.4678,0.88,0.0523,231.83,235.29,54.0,53.6,82.5,110.8,88.8,100.38,0.11,9.4,C,0
2025-02-18 05:00:00,5.3,96.2,0.4865,0.88,0.047,294.19,302.84,50.8,45.5,73.5,107.4,100.3,100.47,0.13,12.1,C,1
2025-02-18 06:00:00,4.29,111.4,0.5524,0.88,0.0593,316.35,313.81,66.9,44.5,83.5,106.3,91.7,100.31,0.14,12.6,C,0
2025-02-18 07:00:00,3.24,86.5,0.6445,0.8818,0.0723,225.97,234.87,61.2,25.4,86.1,113.0,100.2,101.82,0.1,9.4,B,0
2025-02-18 08:00:00,1.5,112.2,0.606,0.88,0.0661,206.98,213.15,74.4,37.8,81.9,109.1,89.8,99.37,0.09,8.5,B,0
2025-02-18 09:00:00,5.33,123.1,0.4222,0.88,0.0415,428.77,377.92,55.9,67.2,80.7,112.0,93.8,104.94,0.19,15.1,A,0
2025-02-18 10:00:00,2.39,91.2,0.3446,0.9163,0.0265,208.5,213.46,32.6,58.6,83.2,108.7,96.9,104.32,0.09,8.5,B,0
2025-02-18 11:00:00,2.18,87.0,0.6888,0.88,0.0705,194.3,201.58,66.5,20.6,87.2,112.0,99.8,100.53,0.09,8.1,B,0
2025-02-18 12:00:00,4.32,133.7,0.6815,0.88,0.0715,369.1,362.76,100.9,32.8,83.4,109.1,97.9,99.17,0.17,14.5,C,0
2025-02-18 13:00:00,5.45,100.8,0.5151,0.88,0.0477,422.73,399.05,56.6,44.2,82.6,107.6,92.9,99.99,0.19,16.0,C,0
2025-02-18 14:00:00,4.61,127.0,0.3984,0.9069,0.0399,382.5,382.73,52.5,74.5,80.8,111.3,92.5,99.89,0.17,15.3,B,0
2025-02-18 15:00:00,3.95,107.7,0.5771,0.9135,0.0573,358.18,348.73,65.4,42.3,78.8,111.9,103.9,102.78,0.16,13.9,B,0
2025-02-18 16:00:00,3.98,107.6,0.4914,0.9296,0.0561,314.25,300.38,53.6,54.0,82.1,111.3,96.4,101.88,0.14,12.0,B,0
2025-02-18 17:00:00,4.18,116.6,0.491,0.88,0.0584,341.9,318.77,61.4,55.2,82.1,109.7,92.6,103.77,0.16,12.8,A,0
2025-02-18 18:00:00,4.11,96.7,0.5716,0.9024,0.063,269.59,262.24,58.6,38.1,76.2,106.5,97.7,105.76,0.12,10.5,A,0
2025-02-18 19:00:00,3.72,112.0,0.5267,0.9461,0.0522,319.79,314.0,59.4,52.5,79.8,107.9,98.1,102.2,0.15,12.6,C,0
2025-02-18 20:00:00,3.58,104.3,0.4051,0.8992,0.0463,342.84,325.99,43.9,60.4,85.5,108.6,88.2,103.08,0.16,13.0,B,0
2025-02-18 21:00:00,3.45,90.2,0.474,0.8999,0.0506,258.97,248.28,45.0,45.2,81.2,109.5,97.4,108.67,0.12,9.9,C,0
2025-02-18 22:00:00,2.9,115.1,0.5529,0.8827,0.0549,280.25,290.2,69.2,45.8,74.6,112.3,87.5,103.01,0.13,11.6,A,0
2025-02-18 23:00:00,3.28,106.1,0.5408,0.88,0.0645,261.59,264.05,61.9,44.1,86.8,109.8,91.8,99.83,0.12,10.6,A,0
2025-02-19 00:00:00,2.15,107.6,0.521,0.9242,0.0484,229.33,237.61,58.1,49.6,79.3,105.8,90.1,101.1,0.1,9.5,A,0
2025-02-19 01:00:00,3.42,91.8,0.5747,0.8925,0.0605,256.24,248.85,56.8,35.1,80.6,104.8,94.4,96.3,0.12,10.0,C,0
2025-02-19 02:00:00,2.71,133.9,0.4711,0.88,0.0513,296.71,279.07,67.8,66.1,85.2,108.6,92.8,102.94,0.13,11.2,A,0
2025-02-19 03:00:00,2.62,123.2,0.5143,0.88,0.05,283.75,279.23,68.9,54.3,79.8,109.0,94.0,99.65,0.13,11.2,B,0
2025-02-19 04:00:00,3.64,124.5,0.23,0.9074,0.0258,286.52,258.84,28.8,95.6,76.1,110.7,85.5,98.63,0.13,10.4,C,0
2025-02-19 05:00:00,4.61,105.4,0.464,0.9102,0.0511,342.91,342.84,50.7,54.8,82.7,107.1,94.6,98.7,0.16,13.7,A,0
2025-02-19 06:00:00,4.23,84.1,0.5611,0.9014,0.0573,243.68,239.84,50.2,33.9,84.4,107.2,89.5,104.73,0.11,9.6,C,0
2025-02-19 07:00:00,2.24,139.3,0.4688,0.88,0.0492,276.56,271.93,70.3,69.0,80.6,110.9,106.4,100.52,0.13,10.9,C,0
2025-02-19 08:00:00,2.71,109.1,0.4627,0.9217,0.0468,237.61,246.28,51.9,57.2,81.6,112.7,93.0,103.59,0.11,9.9,C,0
2025-02-19 09:00:00,4.25,98.8,0.4167,0.9327,0.0457,292.38,285.73,41.3,57.5,78.5,106.1,93.7,102.46,0.13,11.4,A,0
2025-02-19 10:00:00,2.71,116.3,0.5803,0.9181,0.0569,237.09,229.76,70.6,45.6,79.0,108.5,98.5,101.9,0.11,9.2,A,0
2025-02-19 11:00:00,3.32,127.5,0.5439,0.9137,0.0528,356.16,365.53,72.7,54.8,81.0,112.2,101.6,100.15,0.16,14.6,B,0
2025-02-19 12:00:00,3.94,109.7,0.566,0.88,0.0567,302.49,277.42,67.8,41.8,83.9,111.9,89.1,102.79,0.14,11.1,B,0
2025-02-19 13:00:00,2.73,129.2,0.3619,0.88,0.0421,275.6,248.06,49.3,79.9,82.3,108.1,97.9,100.02,0.13,9.9,B,0
2025-02-19 14:00:00,3.58,126.2,0.4872,0.8869,0.04,383.66,380.38,66.7,59.6,85.1,112.3,99.8,101.77,0.17,15.2,B,0
2025-02-19 15:00:00,2.43,93.9,0.4776,0.88,0.0432,220.24,213.54,48.7,45.1,87.0,110.1,95.9,104.62,0.1,8.5,B,0
2025-02-19 16:00:00,3.02,99.9,0.4776,0.9162,0.0591,209.89,229.58,48.8,51.1,84.7,111.3,95.8,105.25,0.1,9.2,C,0
2025-02-19 17:00:00,3.76,124.4,0.4507,0.9252,0.0464,386.69,374.88,57.2,67.2,77.2,108.6,92.4,99.99,0.18,15.0,B,0
2025-02-19 18:00:00,2.23,69.3,0.4723,0.9101,0.0452,180.21,195.34,34.2,35.1,81.1,110.6,93.4,102.42,0.08,7.8,A,0
2025-02-19 19:00:00,3.85,107.8,0.568,0.88,0.0608,352.08,330.75,66.7,41.0,84.6,107.7,94.5,103.05,0.16,13.2,C,0
2025-02-19 20:00:00,3.48,88.5,0.347,0.88,0.0308,261.78,253.33,33.0,55.6,81.6,108.9,92.9,102.01,0.12,10.1,B,0
2025-02-19 21:00:00,3.94,102.9,0.6422,0.8947,0.0537,276.15,270.31,72.0,30.9,77.1,109.4,99.4,103.59,0.13,10.8,B,0
2025-02-19 22:00:00,3.68,105.5,0.5387,0.9106,0.0556,295.65,280.28,59.6,45.9,80.3,110.3,90.6,103.62,0.13,11.2,C,0
2025-02-19 23:00:00,4.59,104.6,0.4966,0.88,0.046,300.13,310.52,56.5,48.1,75.2,114.8,99.3,106.81,0.14,12.4,C,0
2025-02-20 00:00:00,3.6,101.7,0.5725,0.9649,0.0578,263.7,255.82,57.7,44.0,81.2,115.1,101.6,107.77,0.12,10.2,C,0
2025-02-20 01:00:00,3.16,93.5,0.3839,0.88,0.04,222.81,234.18,38.3,55.3,79.9,109.2,96.8,100.81,0.1,9.4,C,0
2025-02-20 02:00:00,3.6,144.4,0.4468,0.88,0.0454,361.1,362.36,69.4,74.9,80.9,113.0,86.1,106.28,0.16,14.5,B,0
2025-02-20 03:00:00,3.93,138.0,0.4903,0.88,0.0405,396.1,361.85,73.9,64.1,85.5,107.8,98.1,102.62,0.18,14.5,C,0
2025-02-20 04:00:00,3.54,92.6,0.6092,0.88,0.0611,250.74,257.14,62.0,30.6,78.0,110.8,91.8,100.77,0.11,10.3,C,0
2025-02-20 05:00:00,3.53,133.7,0.4963,0.9124,0.0519,338.28,314.69,69.1,64.7,79.8,108.6,92.4,103.12,0.15,12.6,B,0
2025-02-20 06:00:00,2.94,104.0,0.536,0.88,0.0466,248.86,249.69,61.1,42.9,78.6,109.1,96.8,100.6,0.11,10.0,C,0
2025-02-20 07:00:00,2.97,111.9,0.4528,0.88,0.0377,305.49,293.71,55.2,56.8,85.2,115.3,100.5,101.17,0.14,11.7,A,0
2025-02-20 08:00:00,2.38,109.1,0.5389,0.9094,0.0485,274.03,264.83,62.1,46.9,85.4,109.2,86.7,98.01,0.12,10.6,B,0
2025-02-20 09:00:00,4.9,100.1,0.6342,0.88,0.0672,331.98,324.41,69.8,30.3,83.1,108.7,95.3,101.54,0.15,13.0,B,0
2025-02-20 10:00:00,2.5,124.8,0.5796,0.88,0.048,275.98,260.34,79.7,45.0,82.9,108.0,105.0,104.1,0.13,10.4,C,0
2025-02-20 11:00:00,2.95,111.9,0.4935,0.88,0.0535,252.17,264.3,59.6,52.3,78.4,108.5,89.5,103.46,0.11,10.6,B,0
2025-02-20 12:00:00,2.93,102.9,0.554,0.8963,0.0574,267.36,254.96,60.9,42.0,82.6,107.2,94.0,102.39,0.12,10.2,B,0
2025-02-20 13:00:00,4.22,90.4,0.5462,0.8876,0.0533,274.61,258.63,53.4,37.0,78.6,110.4,91.9,106.51,0.12,10.3,B,0
2025-02-20 14:00:00,3.26,96.6,0.5405,0.9545,0.0466,241.3,242.52,52.5,44.0,82.1,110.4,98.5,107.7,0.11,9.7,A,0
2025-02-20 15:00:00,4.5,85.4,0.589,0.9407,0.0549,331.7,316.69,51.5,33.9,81.0,110.7,88.7,102.79,0.15,12.7,B,0
2025-02-20 16:00:00,2.96,110.2,0.5884,0.9189,0.0627,238.64,246.45,67.6,42.5,80.2,110.0,87.1,106.09,0.11,9.9,A,0
2025-02-20 17:00:00,3.72,92.1,0.4898,0.88,0.0553,214.06,222.73,48.5,43.5,82.1,108.9,99.2,102.35,0.1,8.9,A,0
2025-02-20 18:00:00,2.83,106.0,0.5514,0.88,0.05,268.04,249.29,64.0,42.0,84.0,108.7,96.2,101.56,0.12,10.0,B,0
2025-02-20 19:00:00,5.22,130.6,0.4694,0.8903,0.0526,440.84,433.2,64.9,65.6,87.3,110.3,89.1,104.18,0.2,17.3,B,0
2025-02-20 20:00:00,2.55,128.0,0.4262,0.9101,0.046,262.5,260.03,56.3,71.7,83.7,109.9,94.7,101.09,0.12,10.4,C,0
2025-02-20 21:00:00,3.75,109.5,0.4784,0.8996,0.0478,381.0,367.76,55.4,54.2,88.8,108.7,88.6,94.22,0.17,14.7,A,0
2025-02-20 22:00:00,4.01,108.7,0.4939,0.8803,0.0457,341.99,362.7,58.4,50.3,82.6,109.4,99.6,100.52,0.16,14.5,B,0
2025-02-20 23:00:00,3.83,138.2,0.3671,0.9031,0.0338,381.87,385.47,53.0,85.2,87.4,113.1,96.4,96.78,0.17,15.4,B,0
2025-02-21 00:00:00,3.35,117.8,0.5688,0.88,0.066,288.2,287.55,72.8,45.0,83.3,113.9,91.4,100.14,0.13,11.5,A,0
2025-02-21 01:00:00,3.4,105.1,0.2786,0.88,0.0288,291.28,270.59,30.8,74.2,82.7,109.6,92.1,99.66,0.13,10.8,A,0
2025-02-21 02:00:00,3.54,88.6,0.7172,0.88,0.0784,216.11,211.23,70.6,18.0,81.5,108.5,92.7,99.68,0.1,8.4,B,0
2025-02-21 03:00:00,3.38,115.9,0.6202,0.8916,0.0632,290.87,301.6,77.9,38.0,82.9,109.9,89.6,98.15,0.13,12.1,A,0
2025-02-21 04:00:00,4.27,122.4,0.4791,0.88,0.0456,371.5,349.43,63.6,58.8,83.3,112.3,101.7,97.7,0.17,14.0,B,0
2025-02-21 05:00:00,5.27,100.5,0.5008,0.88,0.053,371.79,353.36,54.4,46.1,77.7,109.9,100.8,99.36,0.17,14.1,B,0
2025-02-21 06:00:00,3.05,114.4,0.5242,0.9185,0.0632,278.52,263.18,61.7,52.7,84.1,110.7,93.0,100.19,0.13,10.5,A,0
2025-02-21 07:00:00,2.4,104.5,0.4529,0.88,0.0421,215.61,227.35,51.3,53.3,77.5,108.7,93.4,100.41,0.1,9.1,B,0
2025-02-21 08:00:00,3.43,107.2,0.5154,0.88,0.0561,309.37,317.97,59.8,47.5,84.1,107.7,89.4,102.08,0.14,12.7,B,1
2025-02-21 09:00:00,5.56,72.7,0.4885,0.891,0.0498,249.14,267.9,37.9,34.8,83.8,111.5,94.2,103.42,0.11,10.7,A,0
2025-02-21 10:00:00,2.86,106.7,0.4925,0.899,0.042,250.01,247.74,56.1,50.6,86.3,110.4,97.4,98.27,0.11,9.9,C,0
2025-02-21 11:00:00,4.81,124.5,0.5145,0.88,0.0441,393.13,384.93,70.1,54.5,79.4,111.3,100.9,98.68,0.18,15.4,B,0
2025-02-21 12:00:00,4.84,100.5,0.3949,0.9173,0.0372,373.37,355.85,40.9,59.7,79.0,106.6,90.5,106.29,0.17,14.2,B,0
2025-02-21 13:00:00,3.06,110.8,0.5032,0.9017,0.0521,264.43,274.66,58.8,52.0,85.3,113.7,86.6,103.57,0.12,11.0,A,0
2025-02-21 14:00:00,3.96,98.7,0.5131,0.9437,0.0557,305.14,299.32,50.8,47.8,78.8,110.5,90.0,98.97,0.14,12.0,A,0
2025-02-21 15:00:00,4.8,115.4,0.5103,0.8886,0.0432,395.99,362.72,63.8,51.6,78.5,106.4,97.8,97.54,0.18,14.5,A,0
2025-02-21 16:00:00,3.2,106.8,0.4827,0.8893,0.0515,232.9,251.03,54.9,51.8,82.6,112.0,94.8,99.8,0.11,10.0,A,0
2025-02-21 17:00:00,3.34,95.9,0.591,0.88,0.0585,256.62,259.21,62.2,33.7,81.9,109.3,100.0,100.54,0.12,10.4,A,0
2025-02-21 18:00:00,3.03,130.0,0.4717,0.8808,0.0472,266.53,262.57,66.2,63.8,82.5,110.1,95.2,103.35,0.12,10.5,C,0
2025-02-21 19:00:00,2.69,123.9,0.5182,0.88,0.0548,286.57,285.75,69.6,54.3,83.6,109.0,103.1,94.39,0.13,11.4,C,0
2025-02-21 20:00:00,2.98,100.9,0.6038,0.88,0.0691,236.2,233.38,66.5,34.4,83.6,109.8,87.1,98.41,0.11,9.3,B,0
2025-02-21 21:00:00,2.52,117.5,0.4936,0.88,0.0509,281.33,284.1,62.7,54.7,81.8,109.9,82.5,106.7,0.13,11.4,B,0
2025-02-21 22:00:00,3.53,118.1,0.5172,0.88,0.0449,312.42,302.95,66.8,51.3,82.1,106.7,101.8,101.35,0.14,12.1,C,0
2025-02-21 23:00:00,2.88,119.6,0.4923,0.8841,0.0483,264.44,255.84,63.6,56.1,81.8,111.7,91.0,101.49,0.12,10.2,C,0
2025-02-22 00:00:00,3.69,84.6,0.599,0.88,0.0642,272.01,298.69,55.5,29.1,82.1,110.2,95.7,99.61,0.12,11.9,A,0
2025-02-22 01:00:00,2.26,125.1,0.4794,0.8996,0.0524,235.86,230.39,63.0,62.0,77.8,110.9,95.7,103.67,0.11,9.2,B,0
2025-02-22 02:00:00,3.76,101.5,0.6027,0.9017,0.0636,313.33,311.03,65.3,36.2,84.3,111.6,96.6,95.89,0.14,12.4,A,0
2025-02-22 03:00:00,4.17,104.6,0.4917,0.88,0.0466,332.95,323.81,55.9,48.8,85.1,110.2,92.6,100.03,0.15,13.0,A,0
2025-02-22 04:00:00,1.91,149.6,0.4312,0.9479,0.0363,259.31,249.11,64.8,84.8,83.9,110.7,90.2,95.06,0.12,10.0,A,0
2025-02-22 05:00:00,3.8,114.5,0.5543,0.9098,0.0584,288.11,280.76,66.7,47.8,83.7,107.1,89.8,101.24,0.13,11.2,B,0
2025-02-22 06:00:00,4.48,104.2,0.4756,0.88,0.0415,371.1,334.26,54.0,50.3,79.0,108.3,98.0,99.96,0.17,13.4,B,0
2025-02-22 07:00:00,2.53,76.9,0.5496,0.8811,0.0584,192.65,220.67,45.9,31.0,77.8,110.2,98.9,96.41,0.09,8.8,A,0
2025-02-22 08:00:00,4.84,130.8,0.2816,0.88,0.0316,402.46,377.51,38.6,92.3,84.5,110.4,93.7,104.33,0.18,15.1,B,0
2025-02-22 09:00:00,3.84,89.8,0.5004,0.8806,0.0477,272.47,269.48,48.8,41.0,82.1,110.8,92.0,103.37,0.12,10.8,C,0
2025-02-22 10:00:00,2.94,94.9,0.4632,0.88,0.0458,255.66,278.45,47.5,47.4,82.5,112.8,97.8,104.39,0.12,11.1,A,0
2025-02-22 11:00:00,3.46,105.0,0.4149,0.88,0.0425,286.59,273.57,46.7,58.3,82.6,109.8,87.6,96.78,0.13,10.9,A,0
2025-02-22 12:00:00,3.95,131.2,0.4557,0.88,0.0425,382.35,386.04,64.8,66.5,82.8,110.7,104.7,98.29,0.17,15.4,A,0
2025-02-22 13:00:00,3.56,121.6,0.4541,0.88,0.0385,355.91,351.49,60.1,61.5,83.9,110.1,97.3,104.91,0.16,14.1,A,0
2025-02-22 14:00:00,3.93,107.6,0.4962,0.88,0.0494,356.16,312.78,57.9,49.7,81.7,109.5,94.2,103.73,0.16,12.5,A,0
2025-02-22 15:00:00,2.76,114.6,0.3906,0.88,0.0394,263.11,259.5,47.9,66.7,76.3,109.6,99.1,105.51,0.12,10.4,C,0
2025-02-22 16:00:00,3.64,101.0,0.5253,0.88,0.0593,252.77,259.55,57.3,43.7,84.1,108.4,98.2,100.58,0.11,10.4,A,0
2025-02-22 17:00:00,2.37,112.1,0.6093,0.9024,0.057,214.23,222.42,73.2,38.9,83.7,109.8,96.2,100.97,0.1,8.9,B,0
2025-02-22 18:00:00,3.41,111.1,0.5225,0.9428,0.0576,278.1,276.84,58.3,52.8,78.1,109.6,85.5,103.15,0.13,11.1,B,0
2025-02-22 19:00:00,2.78,124.5,0.5647,0.8971,0.0507,263.18,256.92,75.6,48.9,78.5,109.7,97.1,97.25,0.12,10.3,C,0
2025-02-22 20:00:00,2.91,124.5,0.5876,0.9343,0.052,252.54,247.01,75.6,48.9,84.6,106.5,102.3,101.89,0.11,9.9,A,0
2025-02-22 21:00:00,4.49,117.4,0.5989,0.9128,0.0584,431.76,401.34,74.3,43.1,85.4,109.8,92.2,108.91,0.2,16.1,C,0
2025-02-22 22:00:00,4.37,104.6,0.6496,0.9269,0.0603,345.75,362.71,71.1,33.5,74.0,108.2,99.8,100.23,0.16,14.5,C,0
2025-02-22 23:00:00,3.99,121.1,0.4601,0.8912,0.0392,336.23,312.82,59.8,61.3,83.3,109.9,99.2,96.49,0.15,12.5,B,0
2025-02-23 00:00:00,2.63,108.6,0.4425,0.8843,0.054,246.3,244.3,50.8,57.8,81.3,107.8,96.5,102.53,0.11,9.8,A,0
2025-02-23 01:00:00,3.25,93.8,0.5627,0.88,0.054,213.55,221.78,57.7,36.0,82.2,110.1,95.9,98.6,0.1,8.9,A,0
2025-02-23 02:00:00,4.47,104.0,0.5567,0.88,0.0672,367.24,329.31,62.6,41.4,82.4,109.4,97.8,100.98,0.17,13.2,A,0
2025-02-23 03:00:00,3.61,111.3,0.5621,0.88,0.0512,256.62,262.84,68.6,42.7,79.7,108.7,97.1,104.56,0.12,10.5,C,1
2025-02-23 04:00:00,5.36,123.7,0.6511,0.9253,0.0566,462.98,408.19,84.6,39.0,84.0,110.6,104.5,102.97,0.21,16.3,A,0
2025-02-23 05:00:00,3.81,107.2,0.5009,0.8978,0.0565,260.71,249.56,56.7,50.6,79.9,110.8,99.8,99.83,0.12,10.0,C,0
2025-02-23 06:00:00,3.65,91.9,0.5341,0.8819,0.0498,254.9,244.36,53.5,38.4,84.2,109.9,98.5,103.82,0.12,9.8,C,0
2025-02-23 07:00:00,3.25,110.9,0.4216,0.8895,0.0429,315.0,285.79,49.6,61.3,84.9,111.1,100.3,96.3,0.14,11.4,B,0
2025-02-23 08:00:00,3.61,111.7,0.6708,0.9113,0.0603,265.25,279.76,80.1,31.6,79.4,109.2,98.5,101.89,0.12,11.2,A,0
2025-02-23 09:00:00,3.38,112.8,0.4731,0.9111,0.0471,293.22,295.74,55.6,57.2,79.5,110.8,84.6,100.15,0.13,11.8,C,0
2025-02-23 10:00:00,4.07,123.8,0.4753,0.88,0.0407,383.3,380.83,64.1,59.7,82.3,109.9,94.4,94.22,0.17,15.2,B,0
2025-02-23 11:00:00,4.27,125.3,0.4723,0.88,0.0469,395.14,389.83,64.0,61.3,86.5,108.0,91.9,97.67,0.18,15.6,B,0
2025-02-23 12:00:00,2.87,101.1,0.4484,0.9176,0.0425,247.04,248.22,46.9,54.2,80.2,108.4,96.6,101.26,0.11,9.9,A,0
2025-02-23 13:00:00,2.44,100.8,0.4416,0.88,0.0453,231.63,236.6,47.8,52.9,80.8,112.3,92.2,103.54,0.11,9.5,B,0
2025-02-23 14:00:00,2.03,94.4,0.4581,0.88,0.0489,184.32,204.61,46.5,47.9,83.0,113.2,98.0,101.37,0.08,8.2,B,0
2025-02-23 15:00:00,3.91,120.5,0.3907,0.88,0.0403,402.69,410.33,50.3,70.2,84.0,111.4,92.9,100.41,0.18,16.4,C,0
2025-02-23 16:00:00,2.62,131.7,0.4372,0.8828,0.046,249.88,239.04,61.6,70.1,83.6,108.8,103.5,103.73,0.11,9.6,B,0
2025-02-23 17:00:00,1.78,105.3,0.6559,0.9092,0.065,213.2,244.05,73.7,31.6,82.1,112.9,103.3,102.12,0.1,9.8,C,0
2025-02-23 18:00:00,3.81,106.4,0.5589,0.88,0.0537,310.74,286.75,65.0,41.3,81.1,111.2,87.8,104.29,0.14,11.5,A,0
2025-02-23 19:00:00,5.49,132.0,0.5741,0.8946,0.0598,505.09,459.41,81.3,50.7,83.0,110.7,96.6,103.02,0.23,18.4,C,0
2025-02-23 20:00:00,3.5,117.6,0.5942,0.899,0.0589,335.28,326.04,74.9,42.7,72.4,113.7,92.7,99.16,0.15,13.0,C,0
2025-02-23 21:00:00,4.17,116.5,0.6467,0.9122,0.0643,368.05,355.44,80.1,36.5,87.6,108.3,96.3,103.31,0.17,14.2,B,0
2025-02-23 22:00:00,3.57,92.1,0.3583,0.88,0.0378,243.26,267.08,35.1,57.1,81.4,111.5,97.9,104.18,0.11,10.7,A,0
2025-02-23 23:00:00,3.42,120.2,0.4016,0.9133,0.035,308.05,315.09,50.2,70.0,82.5,108.4,88.6,105.5,0.14,12.6,B,0
2025-02-24 00:00:00,4.24,96.1,0.4357,0.88,0.0507,264.96,269.86,44.6,51.5,88.3,108.8,90.1,99.72,0.12,10.8,C,0
2025-02-24 01:00:00,3.27,93.0,0.4624,0.88,0.045,242.51,256.8,46.5,46.5,79.8,115.2,90.8,100.21,0.11,10.3,C,0
2025-02-24 02:00:00,3.71,104.8,0.476,0.9455,0.0482,304.97,303.71,50.0,54.8,89.0,111.0,92.2,103.94,0.14,12.1,C,0
2025-02-24 03:00:00,3.76,101.2,0.4642,0.88,0.0462,305.37,290.8,50.7,50.5,84.2,113.7,92.4,103.82,0.14,11.6,A,0
2025-02-24 04:00:00,2.97,106.7,0.5175,0.8857,0.055,269.79,274.89,59.4,47.3,83.3,111.1,99.0,99.77,0.12,11.0,A,0
2025-02-24 05:00:00,4.29,88.4,0.5028,0.9065,0.052,242.88,247.15,46.6,41.8,83.9,110.8,96.1,99.28,0.11,9.9,A,0
2025-02-24 06:00:00,3.36,124.4,0.4422,0.9493,0.044,305.91,289.07,54.7,69.7,79.5,108.7,90.6,100.0,0.14,11.6,B,0
2025-02-24 07:00:00,2.9,126.9,0.326,0.88,0.0398,280.82,293.77,43.2,83.7,77.1,112.0,93.4,101.54,0.13,11.8,B,0
2025-02-24 08:00:00,3.93,80.8,0.4206,0.88,0.026,223.03,229.06,37.3,43.5,78.5,110.1,83.2,98.64,0.1,9.2,B,0
2025-02-24 09:00:00,2.78,124.7,0.4561,0.88,0.0518,266.01,253.44,60.9,63.8,85.3,110.2,105.1,102.56,0.12,10.1,B,0
2025-02-24 10:00:00,3.52,97.8,0.4802,0.9258,0.0526,271.28,259.49,47.9,49.9,79.2,109.5,95.1,96.12,0.12,10.4,A,0
2025-02-24 11:00:00,3.49,122.9,0.4096,0.88,0.0318,364.99,358.54,54.7,68.1,77.0,109.8,100.0,98.8,0.17,14.3,A,0
2025-02-24 12:00:00,4.37,109.0,0.4607,0.9029,0.0507,314.64,321.48,52.4,56.5,81.8,110.0,99.0,101.85,0.14,12.9,C,0
2025-02-24 13:00:00,3.88,110.4,0.4095,0.88,0.0462,289.02,291.59,48.1,62.3,83.7,110.2,94.8,98.54,0.13,11.7,A,0
2025-02-24 14:00:00,3.48,107.2,0.4899,0.88,0.0518,275.78,280.11,56.7,50.5,82.1,109.9,83.1,100.04,0.13,11.2,B,0
2025-02-24 15:00:00,4.15,128.2,0.4142,0.88,0.0336,391.49,359.28,57.6,70.6,83.8,106.9,92.2,100.92,0.18,14.4,B,0
2025-02-24 16:00:00,4.61,91.4,0.4321,0.88,0.0466,337.88,328.53,42.3,49.1,85.5,111.1,96.8,107.66,0.15,13.1,B,0
2025-02-24 17:00:00,3.95,119.1,0.3953,0.88,0.0446,342.04,325.94,50.0,69.1,83.7,109.8,95.3,97.38,0.16,13.0,A,1
2025-02-24 18:00:00,3.51,126.5,0.4877,0.9637,0.0459,293.96,287.43,60.9,65.6,81.5,103.4,100.2,102.01,0.13,11.5,A,0
2025-02-24 19:00:00,2.45,120.7,0.4307,0.9204,0.0453,232.63,236.63,53.2,67.6,80.4,106.8,95.0,98.23,0.11,9.5,A,0
2025-02-24 20:00:00,2.65,144.9,0.5725,0.9187,0.0555,319.21,302.38,86.8,58.1,84.3,109.1,104.2,98.11,0.15,12.1,A,0
2025-02-24 21:00:00,3.26,102.1,0.5325,0.9112,0.0577,288.8,294.71,56.8,45.3,82.8,112.6,89.7,98.67,0.13,11.8,B,0
2025-02-24 22:00:00,3.01,124.4,0.4944,0.88,0.0479,344.79,318.28,66.7,57.6,79.4,111.2,97.6,100.83,0.16,12.7,A,0
2025-02-24 23:00:00,3.35,108.4,0.4362,0.8856,0.0407,257.93,245.0,50.7,57.7,85.9,108.6,89.9,105.6,0.12,9.8,C,0
2025-02-25 00:00:00,3.55,128.5,0.5304,0.9203,0.0528,346.12,322.65,70.7,57.8,82.8,109.6,99.6,104.82,0.16,12.9,C,0
2025-02-25 01:00:00,3.92,109.9,0.5553,0.907,0.0488,292.66,299.75,64.8,45.0,84.0,112.2,91.2,99.93,0.13,12.0,A,0
2025-02-25 02:00:00,3.44,104.2,0.5114,0.8821,0.0504,260.67,265.33,57.7,46.4,80.8,108.8,86.2,100.5,0.12,10.6,C,0
2025-02-25 03:00:00,3.89,129.6,0.6283,0.9067,0.0646,335.65,299.86,86.7,42.8,85.4,107.8,87.6,103.07,0.15,12.0,A,0
2025-02-25 04:00:00,3.55,102.6,0.5368,0.88,0.058,275.75,281.39,59.8,42.9,77.2,111.8,92.6,101.47,0.13,11.3,C,0
2025-02-25 05:00:00,1.92,88.8,0.5731,0.88,0.0586,168.21,182.63,55.6,33.2,87.0,112.2,102.8,99.39,0.08,7.3,A,0
2025-02-25 06:00:00,2.75,102.2,0.5107,0.88,0.0439,289.14,280.64,57.1,45.2,76.2,108.8,98.7,103.28,0.13,11.2,A,0
2025-02-25 07:00:00,3.38,119.3,0.5541,0.88,0.0622,299.5,291.49,71.7,47.5,77.9,111.0,97.2,106.16,0.14,11.7,A,0
2025-02-25 08:00:00,2.53,130.9,0.4363,0.88,0.0508,303.98,281.16,60.8,70.0,82.8,109.9,94.7,104.48,0.14,11.2,B,0
2025-02-25 09:00:00,3.98,111.7,0.4633,0.88,0.0469,309.71,305.53,55.8,55.8,80.4,108.8,89.4,105.37,0.14,12.2,C,0
2025-02-25 10:00:00,4.72,129.8,0.5279,0.945,0.049,504.4,441.57,69.4,60.4,81.0,112.3,90.3,100.88,0.23,17.7,C,0
2025-02-25 11:00:00,4.48,89.6,0.5274,0.88,0.0501,303.67,293.61,51.5,38.1,80.4,108.7,92.2,98.05,0.14,11.7,A,0
2025-02-25 12:00:00,3.33,103.4,0.5406,0.912,0.053,292.44,284.24,58.7,44.7,79.7,111.5,91.8,95.3,0.13,11.4,B,0
2025-02-25 13:00:00,4.69,105.7,0.588,0.88,0.0602,332.99,333.94,68.0,37.6,83.0,110.1,91.7,95.08,0.15,13.4,B,0
2025-02-25 14:00:00,3.62,108.3,0.386,0.88,0.0371,324.49,316.37,44.8,63.5,81.9,109.7,90.2,100.69,0.15,12.7,B,0
2025-02-25 15:00:00,3.23,111.3,0.422,0.88,0.0379,293.22,298.03,50.8,60.5,84.7,108.9,95.0,102.82,0.13,11.9,B,1
2025-02-25 16:00:00,3.01,120.4,0.5184,0.8971,0.057,282.14,265.48,66.1,54.3,82.2,108.0,91.2,103.83,0.13,10.6,C,0
2025-02-25 17:00:00,3.26,103.3,0.4421,0.9371,0.0455,246.23,248.17,46.0,57.4,80.7,109.5,100.7,102.03,0.11,9.9,B,0
2025-02-25 18:00:00,3.19,112.1,0.7702,0.9117,0.0718,279.21,283.62,93.2,18.9,84.3,109.0,100.6,99.14,0.13,11.3,C,0
2025-02-25 19:00:00,3.64,109.3,0.5413,0.922,0.0556,295.24,306.54,61.3,48.0,76.5,110.2,98.0,103.26,0.13,12.3,A,0
2025-02-25 20:00:00,3.63,96.1,0.4937,0.88,0.0502,291.75,273.87,51.4,44.7,74.3,107.6,97.4,97.71,0.13,11.0,A,0
2025-02-25 21:00:00,3.5,108.3,0.4588,0.9334,0.0423,288.13,274.62,50.6,57.7,77.2,109.7,87.2,97.99,0.13,11.0,A,0
2025-02-25 22:00:00,3.85,107.8,0.4616,0.949,0.0521,261.25,267.67,49.2,58.6,81.0,110.8,106.5,103.14,0.12,10.7,B,0
2025-02-25 23:00:00,4.45,107.5,0.5024,0.8912,0.0509,362.08,372.57,57.8,49.7,83.2,108.7,93.6,97.6,0.16,14.9,C,0
2025-02-26 00:00:00,4.26,110.5,0.509,0.88,0.0498,378.1,365.98,61.1,49.4,74.0,111.5,99.0,99.0,0.17,14.6,C,0
2025-02-26 01:00:00,2.31,111.1,0.4635,0.88,0.0459,203.38,203.28,55.6,55.5,82.0,111.7,99.2,98.37,0.09,8.1,B,0
2025-02-26 02:00:00,1.5,103.5,0.4781,0.88,0.05,202.75,202.94,53.4,50.1,80.9,107.6,89.8,101.81,0.09,8.1,C,0
2025-02-26 03:00:00,4.25,129.1,0.6075,0.895,0.0604,436.0,413.1,84.6,44.5,82.4,108.5,91.9,103.06,0.2,16.5,B,0
2025-02-26 04:00:00,2.41,92.5,0.6108,0.9482,0.0607,197.54,210.91,57.3,35.2,76.3,107.3,97.0,103.14,0.09,8.4,B,0
2025-02-26 05:00:00,3.32,99.2,0.5202,0.88,0.0573,240.31,242.01,55.8,43.4,89.8,110.8,87.3,99.56,0.11,9.7,B,0
2025-02-26 06:00:00,2.56,151.7,0.3927,0.88,0.0322,348.79,320.47,64.5,87.2,82.1,110.3,94.6,100.8,0.16,12.8,C,0
2025-02-26 07:00:00,2.06,94.4,0.5431,0.88,0.0481,174.63,196.61,56.2,38.2,78.3,106.8,83.0,103.51,0.08,7.9,B,0
2025-02-26 08:00:00,3.93,89.7,0.6243,0.8816,0.0663,256.45,254.18,61.4,28.3,82.4,108.7,95.1,99.71,0.12,10.2,B,0
2025-02-26 09:00:00,4.11,121.0,0.6096,0.8872,0.073,318.39,317.77,79.7,41.3,86.5,110.6,101.9,98.56,0.14,12.7,A,0
2025-02-26 10:00:00,3.04,78.8,0.5588,0.8897,0.0603,209.31,202.14,47.4,31.5,78.1,110.2,95.0,99.38,0.1,8.1,A,0
2025-02-26 11:00:00,1.5,106.5,0.6138,0.8962,0.0707,202.59,222.54,70.0,36.4,77.5,112.4,87.7,99.48,0.09,8.9,B,0
2025-02-26 12:00:00,3.06,142.2,0.5043,0.9055,0.0483,349.68,327.05,75.6,66.5,81.6,107.7,92.2,101.39,0.16,13.1,B,0
2025-02-26 13:00:00,3.81,86.8,0.5502,0.9081,0.0518,280.24,294.22,50.5,36.3,81.9,110.0,98.1,101.22,0.13,11.8,A,0
2025-02-26 14:00:00,2.32,80.3,0.4455,0.88,0.0468,178.44,196.32,38.4,41.9,84.1,108.0,95.8,100.8,0.08,7.9,A,0
2025-02-26 15:00:00,3.65,87.5,0.5234,0.88,0.0571,255.3,241.5,49.6,37.9,86.4,110.2,97.3,98.9,0.12,9.7,C,0
2025-02-26 16:00:00,3.49,123.5,0.6064,0.88,0.0541,293.08,292.18,82.6,40.9,84.3,109.6,94.1,98.5,0.13,11.7,C,0
2025-02-26 17:00:00,3.96,126.9,0.4528,0.88,0.0442,361.81,373.01,62.0,64.8,77.8,110.5,91.2,103.25,0.16,14.9,A,0
2025-02-26 18:00:00,3.6,102.3,0.4311,0.88,0.043,267.56,260.62,47.4,54.9,78.8,109.2,95.6,102.33,0.12,10.4,C,0
2025-02-26 19:00:00,2.72,120.2,0.5078,0.9056,0.0474,270.17,288.68,64.5,55.7,79.6,111.5,95.3,100.0,0.12,11.5,C,0
2025-02-26 20:00:00,4.46,130.9,0.4819,0.8813,0.0454,398.87,385.58,68.3,62.5,84.3,108.6,100.1,101.13,0.18,15.4,C,0
2025-02-26 21:00:00,3.37,136.8,0.5519,0.8803,0.0594,339.74,348.13,82.1,54.7,83.8,108.0,92.7,104.94,0.15,13.9,B,0
2025-02-26 22:00:00,3.48,106.3,0.4637,0.8856,0.0487,338.19,329.75,52.7,53.6,85.8,110.5,95.2,101.08,0.15,13.2,A,0
2025-02-26 23:00:00,2.75,75.5,0.6375,0.8824,0.0677,216.69,223.04,52.8,22.7,83.7,113.7,94.3,101.28,0.1,8.9,C,0
2025-02-27 00:00:00,3.15,97.7,0.3968,0.9023,0.0414,281.15,300.93,40.3,57.4,80.1,107.0,106.4,105.88,0.13,12.0,A,0
2025-02-27 01:00:00,2.79,103.6,0.6003,0.9506,0.0557,281.69,288.07,63.0,40.5,81.4,107.7,91.2,104.51,0.13,11.5,B,0
2025-02-27 02:00:00,3.36,106.1,0.4388,0.9561,0.046,314.27,303.98,45.8,60.3,77.6,110.5,93.1,99.38,0.14,12.2,C,0
2025-02-27 03:00:00,4.87,107.2,0.3563,0.8829,0.0309,363.84,355.82,40.9,66.2,83.9,112.3,90.2,104.51,0.17,14.2,B,0
2025-02-27 04:00:00,2.4,126.8,0.519,0.9039,0.0503,262.99,257.23,69.6,57.2,80.1,110.6,101.5,100.79,0.12,10.3,B,0
2025-02-27 05:00:00,2.21,129.1,0.4796,0.9417,0.0428,262.05,263.95,62.7,66.4,85.7,108.8,101.9,98.15,0.12,10.6,C,0
2025-02-27 06:00:00,4.68,107.4,0.4112,0.88,0.0381,348.5,353.93,47.6,59.8,83.8,110.8,93.9,105.21,0.16,14.2,B,0
2025-02-27 07:00:00,3.33,126.5,0.3655,0.9073,0.037,295.49,289.13,47.7,78.7,87.8,111.0,100.9,99.17,0.13,11.6,A,1
2025-02-27 08:00:00,2.96,115.4,0.4993,0.88,0.0476,285.48,272.05,62.6,52.8,83.3,108.6,96.6,99.77,0.13,10.9,B,0
2025-02-27 09:00:00,4.33,111.0,0.5781,0.88,0.0534,299.5,282.27,70.4,40.5,83.2,111.6,98.5,100.16,0.14,11.3,B,0
2025-02-27 10:00:00,3.02,123.6,0.5468,0.9114,0.0604,301.57,297.28,70.6,53.0,81.5,109.9,90.0,107.41,0.14,11.9,C,0
2025-02-27 11:00:00,4.96,111.1,0.5045,0.88,0.0499,348.14,323.97,60.8,50.2,80.8,106.5,95.8,98.44,0.16,13.0,A,0
2025-02-27 12:00:00,4.04,140.9,0.5383,0.88,0.0512,402.27,357.44,82.8,58.1,81.2,109.7,104.4,99.49,0.18,14.3,A,0
2025-02-27 13:00:00,3.11,88.4,0.4978,0.88,0.0444,235.17,227.92,48.0,40.4,85.0,108.9,102.4,100.27,0.11,9.1,C,0
2025-02-27 14:00:00,5.23,102.3,0.3856,0.933,0.0292,357.13,361.4,40.3,61.9,78.0,112.6,99.0,102.88,0.16,14.5,C,1
2025-02-27 15:00:00,3.02,108.1,0.3863,0.9029,0.0375,231.43,235.32,43.6,64.5,82.2,107.3,99.8,101.09,0.11,9.4,C,0
2025-02-27 16:00:00,4.09,116.6,0.4837,0.9015,0.0415,311.66,305.68,60.0,56.6,77.0,109.0,107.2,99.3,0.14,12.2,A,0
2025-02-27 17:00:00,3.74,129.0,0.4871,0.88,0.0523,369.75,339.1,67.8,61.2,83.1,110.5,98.9,103.17,0.17,13.6,C,0
2025-02-27 18:00:00,4.54,109.6,0.5681,0.907,0.057,336.83,317.98,65.9,43.7,80.6,114.8,91.7,105.37,0.15,12.7,C,0
2025-02-27 19:00:00,4.75,88.7,0.5606,0.9407,0.0639,319.18,302.97,50.2,38.4,83.5,113.9,101.1,96.43,0.15,12.1,A,0
2025-02-27 20:00:00,3.53,122.6,0.5484,0.88,0.056,327.77,314.75,73.3,49.3,79.8,109.9,94.6,99.26,0.15,12.6,C,0
2025-02-27 21:00:00,2.9,121.3,0.4776,0.8957,0.0441,281.74,259.62,61.8,59.6,81.2,110.7,97.4,102.84,0.13,10.4,C,0
2025-02-27 22:00:00,3.87,80.9,0.3895,0.9154,0.0296,253.68,267.38,32.9,48.0,83.9,111.2,95.6,97.6,0.12,10.7,B,0
2025-02-27 23:00:00,2.96,109.9,0.533,0.9238,0.0573,252.88,254.77,60.4,49.6,82.4,108.0,91.5,100.84,0.11,10.2,B,0
2025-02-28 00:00:00,5.11,86.1,0.542,0.88,0.0477,323.75,317.97,51.2,35.0,86.6,110.0,96.5,105.11,0.15,12.7,A,0
2025-02-28 01:00:00,3.61,100.0,0.3089,0.88,0.0289,270.86,280.76,32.9,67.1,80.6,112.7,99.8,103.17,0.12,11.2,B,0
2025-02-28 02:00:00,3.21,96.5,0.4333,0.88,0.0517,304.41,309.58,44.4,52.0,80.3,110.3,98.7,102.86,0.14,12.4,C,0
2025-02-28 03:00:00,3.65,122.1,0.4447,0.8948,0.0475,301.65,289.03,57.3,64.9,85.7,113.9,97.4,103.54,0.14,11.6,A,0
2025-02-28 04:00:00,2.42,111.8,0.5095,0.88,0.0529,234.39,245.26,61.7,50.1,80.9,109.1,94.0,102.27,0.11,9.8,C,0
2025-02-28 05:00:00,2.72,90.7,0.4357,0.88,0.0483,213.5,226.87,42.3,48.5,80.8,109.8,86.7,100.29,0.1,9.1,B,0
2025-02-28 06:00:00,4.46,123.2,0.4969,0.9591,0.0542,340.89,334.33,60.3,62.9,83.1,109.8,94.8,104.19,0.15,13.4,B,0
2025-02-28 07:00:00,2.97,88.5,0.4832,0.9047,0.0562,238.62,253.59,44.5,44.0,81.5,107.4,97.8,99.87,0.11,10.1,B,0
2025-02-28 08:00:00,2.66,115.0,0.4873,0.8831,0.0457,251.48,262.3,60.6,54.3,81.1,112.2,84.2,100.82,0.11,10.5,C,0
2025-02-28 09:00:00,3.93,97.8,0.4427,0.9232,0.0424,233.66,245.84,44.4,53.3,79.9,109.3,94.7,96.33,0.11,9.8,A,0
2025-02-28 10:00:00,4.45,104.5,0.4489,0.9108,0.0403,354.52,361.91,49.1,55.5,86.1,110.5,94.5,99.87,0.16,14.5,C,0
2025-02-28 11:00:00,4.08,117.6,0.4136,0.9264,0.0412,329.35,320.35,49.5,68.1,81.5,108.8,90.4,101.54,0.15,12.8,B,0
2025-02-28 12:00:00,4.3,117.8,0.5304,0.88,0.0524,358.77,345.83,68.1,49.8,80.3,113.5,98.8,101.38,0.16,13.8,A,0
2025-02-28 13:00:00,2.89,130.1,0.5457,0.8976,0.0458,320.39,323.49,76.3,53.7,81.1,112.5,99.7,104.07,0.15,12.9,C,0
2025-02-28 14:00:00,2.36,108.8,0.4384,0.8851,0.0406,226.2,230.55,51.2,57.5,83.1,110.1,104.1,99.99,0.1,9.2,A,0
2025-02-28 15:00:00,4.7,114.6,0.6217,0.88,0.0694,364.48,357.27,78.1,36.5,86.4,107.6,94.9,100.11,0.17,14.3,C,0
2025-02-28 16:00:00,3.24,103.4,0.4748,0.917,0.0487,323.45,307.23,50.8,52.7,81.5,111.5,101.5,99.68,0.15,12.3,B,0
2025-02-28 17:00:00,3.3,112.7,0.6224,0.8964,0.0658,240.14,220.85,75.5,37.2,79.4,112.2,90.9,102.02,0.11,8.8,A,0
2025-02-28 18:00:00,4.56,116.6,0.4486,0.9251,0.0443,332.57,331.14,53.5,63.1,87.8,108.1,93.1,105.94,0.15,13.2,C,0
2025-02-28 19:00:00,3.94,108.5,0.3379,0.9076,0.0244,289.03,266.65,38.5,70.0,82.4,109.7,98.4,94.37,0.13,10.7,A,0
2025-02-28 20:00:00,3.86,82.9,0.5322,0.9446,0.0526,287.84,276.11,44.6,38.3,81.7,110.2,91.7,99.84,0.13,11.0,C,0
2025-02-28 21:00:00,5.23,115.0,0.5199,0.88,0.0572,385.16,380.81,64.7,50.3,82.2,112.2,94.2,100.25,0.18,15.2,C,0
2025-02-28 22:00:00,2.99,115.5,0.5028,0.88,0.0443,285.61,292.86,63.3,52.1,78.3,109.7,99.2,94.91,0.13,11.7,A,0
2025-02-28 23:00:00,4.24,99.8,0.4486,0.88,0.0486,299.18,309.25,48.0,51.8,81.9,111.9,95.0,100.93,0.14,12.4,C,0
2025-03-01 00:00:00,3.55,90.7,0.4972,0.881,0.0412,268.66,245.3,49.3,41.5,84.3,108.5,90.4,100.24,0.12,9.8,A,0
2025-03-01 01:00:00,3.71,132.1,0.4591,0.9195,0.046,361.11,351.49,62.5,69.6,85.7,107.9,92.1,99.98,0.16,14.1,B,0
2025-03-01 02:00:00,4.72,117.4,0.4758,0.9355,0.0503,394.35,370.88,56.4,61.0,80.9,113.7,93.6,97.99,0.18,14.8,C,0
2025-03-01 03:00:00,3.91,106.6,0.5673,0.88,0.0552,345.07,347.8,66.2,40.4,82.6,107.4,97.9,101.04,0.16,13.9,C,0
2025-03-01 04:00:00,3.93,92.9,0.5147,0.8917,0.0638,289.23,303.99,50.6,42.3,85.7,108.5,93.4,97.8,0.13,12.2,B,0
2025-03-01 05:00:00,4.36,97.7,0.5488,0.88,0.0524,292.43,272.3,58.6,39.1,82.1,111.6,82.8,98.77,0.13,10.9,A,0
2025-03-01 06:00:00,3.21,129.5,0.4815,0.9045,0.0453,331.06,321.62,65.8,63.8,84.2,108.9,98.9,100.7,0.15,12.9,C,0
2025-03-01 07:00:00,2.83,112.1,0.4726,0.9053,0.0483,316.41,320.15,55.5,56.6,83.3,108.9,98.2,104.36,0.14,12.8,A,0
2025-03-01 08:00:00,2.66,101.7,0.4077,0.88,0.037,246.93,246.34,44.7,57.0,80.0,109.6,89.7,102.53,0.11,9.9,A,0
2025-03-01 09:00:00,1.93,117.6,0.4704,0.8943,0.0398,224.78,247.74,59.3,58.4,79.3,105.7,89.3,103.14,0.1,9.9,C,0
2025-03-01 10:00:00,5.14,97.8,0.2343,0.88,0.0179,309.26,297.6,24.5,73.2,85.2,112.2,101.8,107.18,0.14,11.9,C,0
2025-03-01 11:00:00,2.62,132.5,0.4528,0.88,0.0491,307.04,297.07,64.4,68.1,74.0,110.4,93.8,102.62,0.14,11.9,B,0
2025-03-01 12:00:00,3.32,130.3,0.4935,0.8864,0.0478,356.19,326.51,69.2,61.1,80.0,108.4,98.8,98.16,0.16,13.1,A,0
2025-03-01 13:00:00,3.28,103.0,0.5451,0.88,0.063,277.24,277.47,60.8,42.2,77.8,106.6,91.5,99.61,0.13,11.1,B,0
2025-03-01 14:00:00,3.75,100.6,0.4785,0.9332,0.0456,291.37,250.29,49.0,51.5,85.2,107.3,98.3,98.73,0.13,10.0,B,0
2025-03-01 15:00:00,4.15,70.7,0.5278,0.88,0.0563,283.83,278.27,40.5,30.2,86.1,106.8,90.4,100.89,0.13,11.1,B,0
2025-03-01 16:00:00,4.19,87.8,0.3256,0.88,0.0351,297.19,308.64,30.2,57.6,79.8,110.5,97.1,100.07,0.14,12.3,A,0
2025-03-01 17:00:00,3.03,89.9,0.4955,0.88,0.0473,253.81,240.67,48.4,41.5,90.3,110.5,96.8,98.47,0.12,9.6,A,0
2025-03-01 18:00:00,3.37,112.0,0.3656,0.88,0.0322,296.21,271.41,44.1,68.0,86.1,111.2,84.7,104.07,0.13,10.9,B,0
2025-03-01 19:00:00,3.73,105.1,0.4033,0.914,0.0317,295.1,304.84,44.3,60.8,82.6,111.5,95.6,104.29,0.13,12.2,B,0
2025-03-01 20:00:00,3.3,89.8,0.485,0.8827,0.0513,255.37,270.65,46.9,43.0,86.5,111.3,91.4,101.84,0.12,10.8,B,0
2025-03-01 21:00:00,4.79,105.8,0.6021,0.8946,0.0662,351.97,318.89,68.4,37.4,80.1,113.1,100.5,98.29,0.16,12.8,A,0
2025-03-01 22:00:00,3.89,117.6,0.5297,0.9378,0.045,336.2,350.52,63.8,53.7,81.2,112.4,96.2,101.66,0.15,14.0,B,0
2025-03-01 23:00:00,4.09,117.9,0.5015,0.88,0.0483,363.87,355.98,64.2,53.7,83.4,111.9,93.8,99.46,0.17,14.2,C,0
2025-03-02 00:00:00,4.03,81.5,0.4984,0.88,0.0465,244.48,258.71,44.2,37.3,79.9,110.5,102.6,105.16,0.11,10.3,C,0
2025-03-02 01:00:00,4.44,108.1,0.4429,0.88,0.047,350.38,326.03,51.4,56.7,78.1,111.4,85.5,97.71,0.16,13.0,B,0
2025-03-02 02:00:00,3.64,89.2,0.4565,0.8839,0.044,258.93,276.48,43.8,45.4,79.2,109.2,104.6,103.27,0.12,11.1,A,0
2025-03-02 03:00:00,2.46,123.5,0.5342,0.9515,0.06,284.54,278.62,65.7,57.8,81.4,109.6,104.4,103.21,0.13,11.1,B,0
2025-03-02 04:00:00,3.82,121.8,0.3892,0.9144,0.037,325.49,312.35,48.9,72.9,83.4,113.4,93.1,103.99,0.15,12.5,C,0
2025-03-02 05:00:00,2.98,96.5,0.5474,0.8843,0.0486,203.63,217.26,57.6,38.9,81.0,108.9,99.4,101.89,0.09,8.7,B,0
2025-03-02 06:00:00,3.08,98.5,0.4689,0.9257,0.0445,244.58,243.82,47.4,51.1,77.1,108.7,97.4,100.31,0.11,9.8,B,0
2025-03-02 07:00:00,3.97,103.1,0.566,0.88,0.0548,316.28,288.4,63.9,39.2,83.4,109.3,82.6,108.48,0.14,11.5,C,0
2025-03-02 08:00:00,4.49,76.2,0.5769,0.8997,0.0603,279.39,279.04,46.9,29.3,85.8,108.9,94.4,98.67,0.13,11.2,A,0
2025-03-02 09:00:00,3.52,115.0,0.3662,0.88,0.0347,291.82,284.1,45.1,69.9,80.0,109.1,88.7,103.45,0.13,11.4,C,0
2025-03-02 10:00:00,3.75,105.9,0.4535,0.88,0.0475,315.0,297.47,51.6,54.3,87.0,110.5,88.2,101.36,0.14,11.9,B,0
2025-03-02 11:00:00,4.86,124.6,0.4316,0.9291,0.0392,456.49,452.08,54.9,69.6,84.6,110.6,93.6,102.33,0.21,18.1,A,0
2025-03-02 12:00:00,3.69,93.5,0.355,0.9071,0.034,285.92,312.1,34.4,59.1,78.8,111.8,93.7,102.31,0.13,12.5,A,0
2025-03-02 13:00:00,5.58,100.7,0.4174,0.8993,0.0378,355.21,328.05,44.4,56.3,80.1,114.4,101.1,98.05,0.16,13.1,A,0
2025-03-02 14:00:00,3.95,87.4,0.6953,0.8898,0.0653,251.64,256.0,66.8,20.6,81.1,109.3,91.2,97.27,0.11,10.2,C,0
2025-03-02 15:00:00,2.09,94.9,0.5488,0.88,0.0613,203.12,209.22,56.5,38.4,81.4,109.9,93.0,97.47,0.09,8.4,A,0
2025-03-02 16:00:00,4.1,92.3,0.6534,0.88,0.0618,323.68,346.6,66.7,25.6,74.7,106.3,101.8,99.96,0.15,13.9,A,0
2025-03-02 17:00:00,3.8,124.9,0.5663,0.9012,0.0549,350.59,345.33,75.5,49.4,79.7,107.4,94.1,102.04,0.16,13.8,C,0
2025-03-02 18:00:00,4.53,99.5,0.4407,0.8919,0.0493,320.73,325.25,46.2,53.3,80.3,109.7,92.4,99.24,0.15,13.0,A,0
2025-03-02 19:00:00,4.04,111.9,0.4695,0.8874,0.0507,293.21,303.96,56.0,55.9,87.7,110.9,99.3,96.99,0.13,12.2,C,0
2025-03-02 20:00:00,3.39,104.3,0.5471,0.88,0.0629,270.54,271.45,61.8,42.5,82.7,111.0,97.7,104.06,0.12,10.9,C,0
2025-03-02 21:00:00,2.52,91.0,0.535,0.88,0.0559,198.66,207.29,52.9,38.1,79.6,111.2,95.5,96.68,0.09,8.3,C,0
2025-03-02 22:00:00,3.33,107.5,0.4538,0.88,0.0424,283.47,299.25,52.8,54.7,80.7,112.5,99.6,102.74,0.13,12.0,B,0
2025-03-02 23:00:00,2.82,119.0,0.3792,0.88,0.0482,242.86,254.46,47.3,71.6,83.3,113.4,88.8,99.05,0.11,10.2,B,0
2025-03-03 00:00:00,3.04,91.9,0.763,0.9068,0.0792,229.31,226.67,75.9,16.0,80.9,109.5,92.1,104.95,0.1,9.1,A,0
2025-03-03 01:00:00,3.97,122.1,0.4887,0.8906,0.0481,322.93,304.56,63.9,58.3,80.2,108.4,105.0,99.72,0.15,12.2,A,0
2025-03-03 02:00:00,4.84,97.3,0.4739,0.88,0.0477,360.47,340.43,49.8,47.4,80.3,111.3,79.8,96.02,0.16,13.6,C,0
2025-03-03 03:00:00,3.82,102.8,0.5091,0.88,0.0518,276.16,288.34,56.7,46.0,83.4,111.9,91.6,101.18,0.13,11.5,A,0
2025-03-03 04:00:00,2.54,118.0,0.4806,0.8863,0.0469,247.02,265.44,60.9,57.0,77.9,110.3,89.1,98.78,0.11,10.6,A,0
2025-03-03 05:00:00,3.86,100.0,0.5098,0.88,0.0441,299.75,322.2,55.7,44.3,78.7,109.6,95.4,103.73,0.14,12.9,A,0
2025-03-03 06:00:00,4.46,110.6,0.603,0.9407,0.0684,338.0,317.12,67.8,42.8,79.2,109.0,98.0,102.29,0.15,12.7,A,1
2025-03-03 07:00:00,3.01,105.3,0.49,0.88,0.0489,311.03,306.23,55.9,49.4,78.7,109.9,100.5,99.41,0.14,12.2,B,0
2025-03-03 08:00:00,3.39,111.9,0.407,0.88,0.0416,318.74,305.51,48.8,63.2,79.5,111.4,92.9,98.29,0.14,12.2,B,0
2025-03-03 09:00:00,3.51,74.3,0.4871,0.8891,0.0591,217.87,223.51,38.3,36.0,84.7,108.7,90.4,98.01,0.1,8.9,A,0
2025-03-03 10:00:00,2.87,82.6,0.4628,0.88,0.0429,215.71,231.88,41.4,41.1,85.1,108.4,87.7,99.54,0.1,9.3,A,0
2025-03-03 11:00:00,4.02,119.2,0.6139,0.9116,0.0647,278.73,276.38,77.3,41.9,82.8,111.2,95.2,105.39,0.13,11.1,A,0
2025-03-03 12:00:00,3.4,125.6,0.5937,0.8853,0.0554,360.48,366.57,81.4,44.1,82.6,108.3,105.6,100.87,0.16,14.7,C,0
2025-03-03 13:00:00,3.84,96.3,0.5086,0.893,0.0525,294.86,284.16,52.3,44.1,80.0,110.3,92.1,104.14,0.13,11.4,B,0
2025-03-03 14:00:00,2.79,106.3,0.3977,0.9178,0.0408,250.04,260.41,43.3,63.1,75.8,110.2,94.6,96.86,0.11,10.4,A,0
2025-03-03 15:00:00,3.15,114.4,0.4019,0.9338,0.0441,300.86,290.07,46.0,68.4,82.4,110.0,95.7,95.54,0.14,11.6,C,0
2025-03-03 16:00:00,4.08,120.4,0.5012,0.88,0.0562,376.71,330.79,65.0,55.4,82.9,108.7,92.9,98.46,0.17,13.2,B,0
2025-03-03 17:00:00,3.2,79.6,0.5269,0.88,0.0498,210.24,209.57,45.7,33.8,80.0,113.5,102.1,103.27,0.1,8.4,B,0
2025-03-03 18:00:00,4.88,96.7,0.47,0.9242,0.0541,345.21,335.25,46.2,50.5,78.8,110.8,101.0,100.43,0.16,13.4,B,0
2025-03-03 19:00:00,3.18,105.0,0.4616,0.9079,0.0536,292.51,312.52,50.1,54.9,78.2,109.0,99.1,103.97,0.13,12.5,A,0
2025-03-03 20:00:00,3.68,120.5,0.4526,0.9056,0.044,344.9,326.43,57.2,63.4,82.5,110.7,99.8,105.09,0.16,13.1,B,0
2025-03-03 21:00:00,4.25,147.5,0.4981,0.88,0.0498,427.06,399.93,79.6,67.8,82.2,113.7,91.6,98.43,0.19,16.0,A,0
2025-03-03 22:00:00,2.37,106.6,0.3094,0.88,0.0285,234.66,244.34,35.2,71.4,85.6,110.2,89.3,103.8,0.11,9.8,A,0
2025-03-03 23:00:00,2.09,88.9,0.4119,0.88,0.0397,206.4,210.18,39.4,49.5,79.6,113.1,91.6,105.46,0.09,8.4,B,0
2025-03-04 00:00:00,2.28,116.0,0.4498,0.88,0.039,255.18,251.66,56.7,59.3,81.1,107.7,96.4,104.4,0.12,10.1,A,0
2025-03-04 01:00:00,4.51,129.8,0.5966,0.88,0.0635,366.05,352.26,84.8,45.1,82.1,108.3,93.4,96.52,0.17,14.1,C,0
2025-03-04 02:00:00,3.06,111.6,0.4349,0.88,0.0332,289.79,280.95,52.9,58.7,80.4,105.7,97.8,95.74,0.13,11.2,C,0
2025-03-04 03:00:00,5.55,96.4,0.5144,0.9272,0.048,379.88,334.11,51.1,45.3,84.5,114.0,95.5,99.95,0.17,13.4,C,0
2025-03-04 04:00:00,3.05,124.4,0.5181,0.9093,0.0516,331.07,312.26,67.6,56.7,85.7,106.6,88.3,100.07,0.15,12.5,B,0
2025-03-04 05:00:00,3.65,120.0,0.6038,0.94,0.0669,329.66,328.83,73.8,46.2,78.7,110.3,101.2,103.83,0.15,13.2,C,0
2025-03-04 06:00:00,4.73,94.6,0.601,0.9083,0.0574,311.21,313.07,60.4,34.2,80.6,113.5,92.4,98.4,0.14,12.5,B,0
2025-03-04 07:00:00,5.1,115.7,0.4954,0.8872,0.0517,354.9,361.82,61.5,54.3,86.0,111.9,98.9,102.55,0.16,14.5,A,0
2025-03-04 08:00:00,5.15,125.0,0.462,0.9373,0.0458,407.51,408.13,58.3,66.6,83.0,110.8,90.8,98.05,0.19,16.3,A,0
2025-03-04 09:00:00,4.47,127.7,0.4469,0.8892,0.0494,441.3,398.22,60.5,67.3,82.4,112.6,90.6,102.34,0.2,15.9,B,0
2025-03-04 10:00:00,4.32,109.0,0.4807,0.9101,0.0499,345.65,322.85,54.6,54.4,83.0,108.7,90.4,99.93,0.16,12.9,B,0
2025-03-04 11:00:00,3.97,104.6,0.4653,0.88,0.0507,307.62,292.31,52.3,52.3,84.0,111.0,87.8,102.38,0.14,11.7,A,0
2025-03-04 12:00:00,4.12,128.4,0.5443,0.8962,0.0517,421.51,395.56,74.9,53.5,83.2,109.8,88.0,100.21,0.19,15.8,B,0
2025-03-04 13:00:00,3.06,91.8,0.5336,0.9208,0.0483,256.72,251.41,51.1,40.8,82.6,109.7,96.9,94.68,0.12,10.1,B,0
2025-03-04 14:00:00,2.85,116.6,0.5473,0.88,0.0566,257.66,257.1,69.5,47.1,82.0,110.4,90.4,102.83,0.12,10.3,A,0
2025-03-04 15:00:00,3.5,89.4,0.6007,0.88,0.0576,275.3,263.8,59.1,30.4,86.0,112.4,96.7,104.81,0.13,10.6,C,0
2025-03-04 16:00:00,3.36,126.0,0.649,0.8993,0.0651,279.29,286.71,88.2,37.8,81.2,113.1,95.5,98.79,0.13,11.5,A,0
2025-03-04 17:00:00,3.14,106.1,0.51,0.9113,0.0526,279.64,266.43,56.5,49.6,82.0,109.5,99.4,103.73,0.13,10.7,A,0
2025-03-04 18:00:00,4.06,129.0,0.588,0.9083,0.065,387.39,352.86,80.0,49.0,86.7,107.8,89.9,99.46,0.18,14.1,B,0
2025-03-04 19:00:00,4.26,117.4,0.4719,0.9259,0.0511,394.46,384.01,56.5,60.9,83.0,108.4,100.3,97.25,0.18,15.4,B,0
2025-03-04 20:00:00,3.57,91.7,0.5948,0.9194,0.0561,267.44,275.53,57.2,34.5,81.8,113.9,90.5,99.47,0.12,11.0,A,0
2025-03-04 21:00:00,4.68,131.4,0.5849,0.9006,0.0528,414.09,388.02,82.5,48.9,83.9,113.0,81.3,100.75,0.19,15.5,A,0
2025-03-04 22:00:00,2.59,133.3,0.5807,0.88,0.0666,285.04,292.81,84.2,49.0,82.7,107.8,96.0,97.34,0.13,11.7,C,0
2025-03-04 23:00:00,3.35,123.2,0.5075,0.8889,0.0428,389.84,384.56,67.7,55.5,79.8,113.3,90.6,105.35,0.18,15.4,A,0
2025-03-05 00:00:00,2.93,98.6,0.4465,0.88,0.0424,245.13,268.15,47.6,51.0,82.7,108.6,102.5,96.71,0.11,10.7,A,0
2025-03-05 01:00:00,2.01,105.4,0.3884,0.9138,0.0421,217.93,232.03,41.9,63.5,79.6,111.3,96.5,99.68,0.1,9.3,A,0
2025-03-05 02:00:00,3.43,112.2,0.4968,0.88,0.0579,248.43,269.19,59.9,52.3,87.5,108.6,94.6,98.53,0.11,10.8,C,0
2025-03-05 03:00:00,3.4,99.4,0.6226,0.937,0.0613,250.8,253.84,63.7,35.7,82.7,114.3,96.0,105.36,0.11,10.2,A,0
2025-03-05 04:00:00,4.71,135.4,0.4752,0.929,0.0477,456.63,455.3,65.7,69.7,79.2,108.9,92.5,96.78,0.21,18.2,C,0
2025-03-05 05:00:00,4.0,112.2,0.5628,0.88,0.0519,285.36,299.78,69.2,43.0,80.8,107.9,103.4,103.78,0.13,12.0,C,0
2025-03-05 06:00:00,2.68,69.4,0.5675,0.892,0.0574,184.83,195.99,42.5,27.0,84.3,109.1,92.3,101.89,0.08,7.8,A,0
2025-03-05 07:00:00,4.98,115.1,0.4773,0.88,0.042,369.34,343.13,59.8,55.3,78.7,115.3,97.3,97.56,0.17,13.7,C,0
2025-03-05 08:00:00,4.48,104.8,0.6053,0.88,0.0568,307.26,294.48,69.8,35.0,90.2,110.5,90.9,100.25,0.14,11.8,B,0
2025-03-05 09:00:00,3.97,108.9,0.2673,0.8812,0.0306,300.62,300.83,30.3,78.6,77.6,107.9,95.0,100.75,0.14,12.0,C,0
2025-03-05 10:00:00,3.32,104.5,0.4022,0.9521,0.0381,310.06,288.4,41.6,62.9,84.8,108.4,88.8,103.05,0.14,11.5,B,0
2025-03-05 11:00:00,2.73,122.1,0.4267,0.8819,0.0473,285.47,277.15,55.5,66.6,80.5,106.5,96.1,99.37,0.13,11.1,B,0
2025-03-05 12:00:00,3.2,126.8,0.4344,0.88,0.0427,292.16,303.2,59.3,67.5,79.6,111.1,95.3,103.19,0.13,12.1,B,0
2025-03-05 13:00:00,4.37,114.2,0.5269,0.89,0.0458,380.59,374.29,65.1,49.1,83.6,107.5,97.7,101.45,0.17,15.0,A,0
2025-03-05 14:00:00,5.01,104.9,0.5232,0.8977,0.0582,391.28,333.47,58.1,46.8,80.6,112.2,97.3,102.65,0.18,13.3,A,0
2025-03-05 15:00:00,4.73,109.4,0.5315,0.8871,0.0466,351.67,319.0,63.1,46.3,86.8,111.6,95.1,98.66,0.16,12.8,C,0
2025-03-05 16:00:00,3.11,110.3,0.5477,0.9333,0.0518,298.33,320.95,62.1,48.2,77.8,109.8,105.2,100.58,0.14,12.8,A,0
2025-03-05 17:00:00,2.6,98.0,0.424,0.891,0.0414,244.32,259.92,44.1,53.8,83.7,112.5,94.9,101.63,0.11,10.4,C,0
2025-03-05 18:00:00,3.61,118.7,0.4025,0.88,0.0453,347.03,326.38,50.8,67.9,81.2,111.9,95.2,101.54,0.16,13.1,A,0
2025-03-05 19:00:00,2.09,116.9,0.5317,0.88,0.0505,218.18,211.65,67.8,49.1,82.9,110.3,94.6,101.18,0.1,8.5,C,0
2025-03-05 20:00:00,3.76,133.1,0.4496,0.8937,0.0403,329.36,302.46,63.8,69.3,83.5,108.5,96.0,107.58,0.15,12.1,A,0
2025-03-05 21:00:00,3.38,128.8,0.3744,0.88,0.0382,284.48,287.96,51.4,77.4,76.8,110.8,93.6,103.02,0.13,11.5,C,0
2025-03-05 22:00:00,3.13,99.7,0.5777,0.8822,0.0567,242.28,266.3,62.9,36.8,82.7,110.8,93.2,103.48,0.11,10.7,B,0
2025-03-05 23:00:00,2.22,122.3,0.6116,0.88,0.0588,239.92,263.44,82.3,40.0,85.3,111.0,98.8,102.04,0.11,10.5,C,0
2025-03-06 00:00:00,3.91,95.7,0.6246,0.9253,0.0635,278.34,257.95,62.3,33.4,83.4,110.2,94.8,102.9,0.13,10.3,B,0
2025-03-06 01:00:00,3.07,120.4,0.515,0.9176,0.0455,294.17,286.34,64.8,55.6,80.9,110.7,100.3,101.9,0.13,11.5,B,0
2025-03-06 02:00:00,2.56,102.3,0.5501,0.88,0.0464,263.79,254.61,61.8,40.5,77.8,110.6,85.5,106.75,0.12,10.2,C,0
2025-03-06 03:00:00,1.5,94.7,0.6096,0.88,0.0717,164.3,180.61,63.0,31.7,83.5,112.7,102.6,101.12,0.07,7.2,B,0
2025-03-06 04:00:00,3.48,114.2,0.4487,0.8885,0.0454,304.45,281.56,54.6,59.6,87.6,107.5,99.5,103.79,0.14,11.3,A,0
2025-03-06 05:00:00,4.92,69.9,0.5889,0.88,0.0598,219.19,221.23,45.1,24.8,84.0,108.0,94.7,107.56,0.1,8.8,C,0
2025-03-06 06:00:00,4.83,83.7,0.522,0.88,0.0483,348.42,323.31,47.7,36.0,85.5,110.2,94.6,103.26,0.16,12.9,A,0
2025-03-06 07:00:00,3.13,107.3,0.5731,0.88,0.0618,242.69,251.68,67.1,40.3,84.8,108.5,98.2,100.45,0.11,10.1,A,0
2025-03-06 08:00:00,3.02,111.2,0.5149,0.8989,0.0488,257.69,253.4,61.0,50.2,80.8,110.4,89.9,99.1,0.12,10.1,C,0
2025-03-06 09:00:00,3.88,104.5,0.6037,0.88,0.0464,322.34,308.9,69.8,34.6,82.3,107.8,95.2,99.81,0.15,12.4,A,1
2025-03-06 10:00:00,2.7,86.3,0.5179,0.9167,0.049,213.66,226.25,46.6,39.7,84.6,108.1,95.8,102.48,0.1,9.0,C,0
2025-03-06 11:00:00,3.74,97.7,0.3813,0.9222,0.0367,319.77,334.12,38.0,59.7,77.3,114.1,84.8,106.65,0.15,13.4,C,0
2025-03-06 12:00:00,4.11,115.9,0.6162,0.899,0.0608,367.54,385.46,76.8,39.1,84.0,109.5,96.7,103.11,0.17,15.4,A,0
2025-03-06 13:00:00,4.48,118.7,0.4242,0.88,0.0414,372.76,364.07,54.2,64.5,85.8,107.7,88.2,100.14,0.17,14.6,C,0
2025-03-06 14:00:00,3.42,109.8,0.6002,0.8842,0.0568,317.88,309.0,72.1,37.7,81.8,109.8,100.4,100.39,0.14,12.4,C,0
2025-03-06 15:00:00,3.34,127.4,0.4928,0.88,0.0456,358.24,364.54,68.3,59.1,84.4,112.1,101.7,100.85,0.16,14.6,C,0
2025-03-06 16:00:00,2.8,116.0,0.5941,0.88,0.0579,255.65,269.99,75.6,40.3,80.3,112.4,102.6,97.28,0.12,10.8,A,0
2025-03-06 17:00:00,2.84,98.8,0.5908,0.88,0.0509,257.86,268.84,64.3,34.5,82.1,107.1,93.4,99.93,0.12,10.8,C,0
2025-03-06 18:00:00,3.32,105.8,0.5344,0.88,0.0437,273.37,254.02,62.1,43.7,81.2,108.5,93.3,99.8,0.12,10.2,B,0
2025-03-06 19:00:00,3.79,89.0,0.5407,0.9226,0.0546,261.02,275.27,49.8,39.1,83.4,110.4,85.1,109.63,0.12,11.0,B,0
2025-03-06 20:00:00,4.23,108.4,0.5338,0.9011,0.054,337.51,332.02,61.4,47.0,81.7,109.9,98.4,104.08,0.15,13.3,B,0
2025-03-06 21:00:00,2.86,126.7,0.3389,0.8857,0.0383,285.03,271.45,44.9,81.7,77.0,106.8,87.5,98.08,0.13,10.9,A,0
2025-03-06 22:00:00,4.69,120.3,0.5095,0.88,0.0497,377.56,350.15,66.6,53.7,79.8,107.1,87.8,96.59,0.17,14.0,A,0
2025-03-06 23:00:00,3.28,131.0,0.4107,0.88,0.0351,358.24,353.37,58.3,72.8,87.8,107.9,93.5,97.38,0.16,14.1,A,0
2025-03-07 00:00:00,3.48,105.5,0.5137,0.9238,0.0417,250.24,225.99,56.4,49.0,83.7,106.5,89.5,105.54,0.11,9.0,C,0
2025-03-07 01:00:00,2.9,130.2,0.4086,0.9289,0.0364,277.05,274.02,54.3,75.9,75.7,109.1,90.2,97.25,0.13,11.0,C,0
2025-03-07 02:00:00,1.56,107.1,0.4052,0.88,0.0426,196.37,201.45,46.4,60.7,85.6,112.4,95.2,106.13,0.09,8.1,A,0
2025-03-07 03:00:00,4.21,132.1,0.6284,0.88,0.07,391.36,360.07,91.0,41.0,78.5,108.7,99.4,102.02,0.18,14.4,A,0
2025-03-07 04:00:00,4.09,109.7,0.5856,0.9243,0.0588,356.76,336.31,66.7,42.9,84.7,112.2,97.7,100.56,0.16,13.5,B,0
2025-03-07 05:00:00,3.27,120.6,0.4997,0.8812,0.0439,317.02,289.54,65.7,55.0,85.9,110.1,95.9,97.87,0.14,11.6,B,0
2025-03-07 06:00:00,3.55,132.1,0.5148,0.88,0.0471,310.7,318.0,74.2,57.9,82.3,109.6,100.7,105.09,0.14,12.7,B,0
2025-03-07 07:00:00,3.91,107.1,0.4802,0.88,0.0438,314.73,279.06,55.9,51.2,79.0,106.7,95.6,102.94,0.14,11.2,B,0
2025-03-07 08:00:00,2.25,113.3,0.5456,0.88,0.0525,243.91,249.08,67.5,45.8,79.9,112.3,92.4,104.0,0.11,10.0,A,0
2025-03-07 09:00:00,3.08,129.3,0.4459,0.88,0.0502,319.8,300.31,61.7,67.7,83.9,110.2,91.1,100.48,0.15,12.0,A,0
2025-03-07 10:00:00,4.14,108.0,0.5795,0.8985,0.0639,314.34,333.69,66.7,41.3,78.6,106.8,97.8,103.3,0.14,13.3,B,0
2025-03-07 11:00:00,2.5,90.2,0.4798,0.9303,0.0471,203.35,213.05,44.2,46.0,80.3,110.8,89.5,105.74,0.09,8.5,B,0
2025-03-07 12:00:00,3.73,142.1,0.4664,0.88,0.0476,367.67,319.34,71.5,70.6,83.5,108.8,96.7,103.09,0.17,12.8,B,0
2025-03-07 13:00:00,2.41,103.0,0.5017,0.9004,0.0462,202.49,216.82,54.9,48.0,80.0,110.1,92.9,98.13,0.09,8.7,A,0
2025-03-07 14:00:00,3.87,112.4,0.4527,0.8962,0.0367,283.77,268.03,54.4,58.0,86.3,110.5,90.8,102.86,0.13,10.7,A,0
2025-03-07 15:00:00,3.47,127.3,0.5263,0.8961,0.0616,345.8,348.41,70.9,56.4,78.9,112.4,90.7,103.56,0.16,13.9,A,0
2025-03-07 16:00:00,2.21,100.9,0.457,0.88,0.0341,197.69,213.23,50.4,50.4,72.1,107.7,99.8,106.33,0.09,8.5,C,0
2025-03-07 17:00:00,4.43,94.9,0.5375,0.9044,0.0446,322.52,334.33,54.4,40.5,79.7,111.1,90.7,103.05,0.15,13.4,A,0
2025-03-07 18:00:00,2.91,113.8,0.5973,0.9078,0.0687,259.38,262.53,71.7,42.1,82.9,112.7,93.6,104.6,0.12,10.5,C,0
2025-03-07 19:00:00,2.85,83.1,0.4425,0.88,0.0443,189.03,207.26,39.6,43.5,84.6,115.0,92.7,103.15,0.09,8.3,A,0
2025-03-07 20:00:00,3.66,105.7,0.4896,0.8826,0.0433,286.22,283.8,56.2,49.5,80.8,112.1,100.3,97.24,0.13,11.4,A,0
2025-03-07 21:00:00,4.42,113.7,0.5369,0.9044,0.0571,422.51,388.54,64.4,49.3,81.2,110.7,102.7,103.79,0.19,15.5,C,0
2025-03-07 22:00:00,2.69,106.0,0.4651,0.9061,0.0504,243.47,257.98,51.4,54.6,81.9,110.6,99.5,101.66,0.11,10.3,B,0
2025-03-07 23:00:00,3.55,86.8,0.5371,0.9494,0.0471,260.31,247.65,47.2,39.7,87.2,113.1,93.1,107.29,0.12,9.9,B,0
2025-03-08 00:00:00,3.84,133.9,0.5444,0.8923,0.0518,379.75,362.2,78.5,55.4,83.1,109.4,96.7,96.98,0.17,14.5,C,0
2025-03-08 01:00:00,4.05,111.6,0.5867,0.9191,0.063,292.31,281.4,68.2,43.3,80.5,111.6,90.5,97.9,0.13,11.3,C,0
2025-03-08 02:00:00,3.64,131.5,0.4515,0.9039,0.0411,399.28,393.68,62.5,68.9,88.2,114.4,96.1,103.48,0.18,15.7,C,0
2025-03-08 03:00:00,3.21,106.1,0.4246,0.88,0.0439,267.62,256.71,48.3,57.8,82.0,109.8,86.2,105.83,0.12,10.3,A,0
2025-03-08 04:00:00,2.84,96.8,0.4754,0.8975,0.0547,211.41,216.03,48.3,48.5,75.8,106.0,96.2,100.94,0.1,8.6,C,0
2025-03-08 05:00:00,3.57,114.0,0.4226,0.88,0.0303,297.17,293.15,52.6,61.4,77.8,108.3,94.7,100.96,0.14,11.7,A,0
2025-03-08 06:00:00,2.64,106.8,0.5452,0.88,0.0528,240.42,259.56,63.5,43.2,83.7,110.6,97.2,101.92,0.11,10.4,C,0
2025-03-08 07:00:00,1.5,92.3,0.4071,0.88,0.042,174.07,184.02,40.2,52.1,76.7,108.3,94.9,99.85,0.08,7.4,C,0
2025-03-08 08:00:00,3.85,132.0,0.6866,0.88,0.0597,348.37,330.18,100.9,31.1,83.5,109.3,99.2,104.26,0.16,13.2,C,0
2025-03-08 09:00:00,4.22,100.7,0.6037,0.8809,0.0577,381.78,342.64,66.8,33.9,79.7,109.4,91.2,99.85,0.17,13.7,B,0
2025-03-08 10:00:00,1.61,82.4,0.501,0.9108,0.0553,147.44,159.16,42.9,39.5,85.5,111.1,98.8,103.4,0.07,6.4,C,0
2025-03-08 11:00:00,2.69,129.9,0.5694,0.9278,0.0534,304.53,304.2,76.7,53.3,82.5,108.1,97.4,97.33,0.14,12.2,A,0
2025-03-08 12:00:00,4.0,102.4,0.3691,0.8832,0.0295,255.35,257.39,40.7,61.7,77.1,108.8,100.4,106.46,0.12,10.3,B,0
2025-03-08 13:00:00,5.15,100.9,0.7019,0.8853,0.0758,356.18,343.48,78.0,22.9,84.7,112.8,100.8,94.94,0.16,13.7,B,0
2025-03-08 14:00:00,3.52,83.5,0.4528,0.9259,0.0475,245.54,266.88,38.5,45.0,86.1,109.0,90.2,98.11,0.11,10.7,B,0
2025-03-08 15:00:00,2.92,136.1,0.4904,0.88,0.0487,286.77,263.37,72.3,63.8,78.2,111.5,97.6,108.06,0.13,10.5,B,0
2025-03-08 16:00:00,3.35,90.7,0.3515,0.8974,0.0347,276.93,302.67,33.3,57.4,79.6,110.0,89.2,101.6,0.13,12.1,B,0
2025-03-08 17:00:00,4.6,110.9,0.5389,0.88,0.059,373.94,376.57,64.8,46.1,83.5,110.0,100.8,99.32,0.17,15.1,B,0
2025-03-08 18:00:00,2.98,123.7,0.4115,0.88,0.0426,288.52,281.24,54.5,69.2,84.0,111.5,90.7,97.47,0.13,11.2,C,0
2025-03-08 19:00:00,2.86,116.3,0.5081,0.88,0.054,284.06,286.17,64.0,52.4,89.1,106.3,93.1,99.99,0.13,11.4,C,0
2025-03-08 20:00:00,3.11,109.1,0.4565,0.9086,0.0422,261.1,254.36,52.2,56.9,84.7,110.9,96.1,102.17,0.12,10.2,B,0
2025-03-08 21:00:00,2.74,84.5,0.4138,0.8898,0.0318,227.61,236.56,37.6,46.9,89.2,111.1,98.7,102.76,0.1,9.5,B,0
2025-03-08 22:00:00,3.6,97.9,0.4357,0.9129,0.0467,297.81,320.35,43.9,53.9,82.1,111.7,96.9,102.27,0.14,12.8,A,0
2025-03-08 23:00:00,4.8,112.8,0.5181,0.907,0.0573,389.37,360.27,61.2,51.6,83.2,109.2,98.8,95.94,0.18,14.4,A,0
2025-03-09 00:00:00,3.76,98.2,0.3975,0.8888,0.0386,297.91,290.29,41.4,56.7,80.3,110.0,95.1,101.72,0.14,11.6,B,0
2025-03-09 01:00:00,3.3,113.1,0.4401,0.9291,0.0484,257.06,250.24,50.3,62.8,80.4,105.1,96.2,102.32,0.12,10.0,A,0
2025-03-09 02:00:00,3.27,120.2,0.5531,0.88,0.0536,344.1,323.77,72.7,47.6,82.4,108.7,86.2,102.35,0.16,13.0,A,0
2025-03-09 03:00:00,2.25,124.4,0.7082,0.9459,0.0704,250.17,248.36,90.7,33.8,80.3,110.4,100.1,101.39,0.11,9.9,C,0
2025-03-09 04:00:00,4.21,91.6,0.5382,0.8804,0.0626,312.92,291.42,53.3,38.3,74.3,112.9,93.5,97.61,0.14,11.7,C,0
2025-03-09 05:00:00,3.44,142.9,0.4266,0.9139,0.0412,390.97,367.94,63.1,79.8,80.0,113.7,92.8,98.54,0.18,14.7,A,0
2025-03-09 06:00:00,3.36,121.5,0.4706,0.8884,0.0453,341.35,330.93,61.3,60.2,85.2,109.3,104.7,104.94,0.16,13.2,C,0
2025-03-09 07:00:00,6.0,110.0,0.5025,0.88,0.0409,394.58,368.63,60.5,49.5,82.2,111.7,81.5,98.97,0.18,14.7,A,0
2025-03-09 08:00:00,3.74,126.3,0.472,0.8886,0.0507,321.81,282.1,63.5,62.8,82.2,109.7,95.5,99.13,0.15,11.3,C,0
2025-03-09 09:00:00,2.9,145.5,0.5722,0.9356,0.0537,397.34,375.13,85.5,59.9,79.7,106.8,83.8,100.41,0.18,15.0,B,0
2025-03-09 10:00:00,3.16,88.4,0.5174,0.8986,0.0525,205.93,214.63,48.6,39.8,83.0,111.2,96.7,97.65,0.09,8.6,B,0
2025-03-09 11:00:00,4.42,106.6,0.5726,0.88,0.0557,307.17,325.87,66.9,39.8,87.0,113.7,91.5,103.2,0.14,13.0,A,0
2025-03-09 12:00:00,3.59,74.3,0.4748,0.999,0.0453,221.33,228.39,33.5,40.8,86.2,109.2,80.3,97.49,0.1,9.1,A,0
2025-03-09 13:00:00,2.35,112.9,0.606,0.9219,0.06,239.91,253.46,71.5,41.4,83.1,108.2,100.4,104.55,0.11,10.1,A,0
2025-03-09 14:00:00,4.24,115.5,0.4867,0.9206,0.0485,335.97,319.5,58.0,57.5,79.4,110.1,88.6,97.27,0.15,12.8,C,0
2025-03-09 15:00:00,2.97,109.4,0.4223,0.88,0.0481,280.3,293.72,49.2,60.2,87.3,109.8,99.7,100.46,0.13,11.7,A,0
2025-03-09 16:00:00,5.0,100.2,0.6742,0.8801,0.075,377.58,345.79,74.6,25.6,85.2,115.2,90.1,102.33,0.17,13.8,C,0
2025-03-09 17:00:00,4.36,79.3,0.354,0.88,0.0387,262.18,268.48,29.7,49.6,77.6,112.0,92.7,103.67,0.12,10.7,B,0
2025-03-09 18:00:00,3.14,115.6,0.4409,0.901,0.0504,282.99,290.65,53.1,62.5,76.7,110.3,83.6,100.62,0.13,11.6,B,0
2025-03-09 19:00:00,4.52,131.8,0.4498,0.88,0.0493,413.36,403.54,63.6,68.3,77.7,104.2,97.1,99.19,0.19,16.1,B,0
2025-03-09 20:00:00,3.55,101.1,0.7007,0.8895,0.0725,268.84,293.24,77.8,23.4,80.5,109.7,92.1,105.56,0.12,11.7,C,0
2025-03-09 21:00:00,4.18,116.6,0.6445,0.9074,0.0717,300.82,288.22,79.9,36.7,84.7,113.7,93.2,101.84,0.14,11.5,C,0
2025-03-09 22:00:00,3.89,86.5,0.6195,0.8945,0.0554,267.7,283.63,58.1,28.3,84.6,110.2,94.5,100.79,0.12,11.3,B,0
2025-03-09 23:00:00,2.82,116.9,0.4735,0.88,0.0439,290.48,301.17,60.0,56.8,83.0,111.6,86.8,95.84,0.13,12.0,C,0
2025-03-10 00:00:00,2.99,104.1,0.6941,0.88,0.0653,254.23,256.63,80.3,23.8,81.6,110.8,98.5,101.87,0.12,10.3,C,0
2025-03-10 01:00:00,4.32,98.6,0.5295,0.9191,0.0514,252.95,274.78,54.3,44.3,89.1,109.0,92.2,101.29,0.11,11.0,A,0
2025-03-10 02:00:00,3.23,98.6,0.5782,0.9061,0.0612,246.71,248.16,60.3,38.3,82.1,113.4,106.5,97.23,0.11,9.9,C,0
2025-03-10 03:00:00,3.18,104.1,0.5144,0.88,0.0459,287.1,284.31,58.5,45.6,81.7,110.4,92.6,98.96,0.13,11.4,C,0
2025-03-10 04:00:00,2.74,115.7,0.496,0.88,0.0521,235.1,239.78,62.1,53.7,80.5,108.6,93.1,101.58,0.11,9.6,A,0
2025-03-10 05:00:00,3.84,90.3,0.4799,0.88,0.0451,283.72,265.81,47.0,43.3,88.6,110.0,88.2,102.7,0.13,10.6,B,0
2025-03-10 06:00:00,5.15,104.0,0.4832,0.9053,0.0466,355.68,353.84,52.9,51.1,84.2,112.9,86.9,98.24,0.16,14.2,B,0
2025-03-10 07:00:00,2.65,109.4,0.5487,0.9062,0.0559,249.02,258.07,63.4,46.0,78.9,107.0,99.4,98.27,0.11,10.3,A,0
2025-03-10 08:00:00,3.52,93.5,0.5294,0.9309,0.0613,246.82,248.7,50.3,43.2,78.5,110.5,100.3,101.65,0.11,9.9,B,0
2025-03-10 09:00:00,4.63,136.9,0.4975,0.88,0.0462,391.72,402.31,74.1,62.8,77.0,110.1,92.2,98.78,0.18,16.1,B,0
2025-03-10 10:00:00,3.44,97.2,0.6208,0.9187,0.0617,296.52,286.53,63.4,33.8,81.7,106.9,95.6,100.7,0.13,11.5,B,0
2025-03-10 11:00:00,3.86,100.0,0.2627,0.9279,0.0209,312.82,282.9,26.6,73.3,77.5,111.5,101.2,106.63,0.14,11.3,B,0
2025-03-10 12:00:00,2.65,95.3,0.5408,0.9349,0.0505,235.19,258.92,52.8,42.5,78.5,110.5,96.4,101.17,0.11,10.4,C,0
2025-03-10 13:00:00,3.84,137.0,0.5574,0.8933,0.0503,411.8,407.73,82.4,54.6,85.2,111.8,97.4,104.37,0.19,16.3,B,0
2025-03-10 14:00:00,3.35,118.3,0.5918,0.9612,0.0604,320.24,320.72,69.8,48.5,84.7,112.3,95.4,97.56,0.15,12.8,C,0
2025-03-10 15:00:00,4.29,96.0,0.4948,0.9096,0.0516,327.68,313.8,49.6,46.4,86.5,109.9,91.7,99.0,0.15,12.6,C,0
2025-03-10 16:00:00,4.45,126.6,0.5166,0.9137,0.0551,372.06,361.66,68.0,58.5,77.6,108.9,96.9,98.93,0.17,14.5,B,0
2025-03-10 17:00:00,5.57,113.0,0.5789,0.907,0.0541,472.49,416.31,69.5,43.5,79.0,107.2,104.3,97.99,0.21,16.7,A,0
2025-03-10 18:00:00,3.96,113.9,0.6193,0.88,0.0645,368.99,350.11,77.5,36.4,80.1,108.7,92.4,95.99,0.17,14.0,C,1
2025-03-10 19:00:00,3.76,104.8,0.476,0.88,0.0482,309.03,290.81,53.9,50.9,86.9,110.0,99.3,101.88,0.14,11.6,A,0
2025-03-10 20:00:00,3.66,98.8,0.5214,0.8886,0.0518,273.27,275.32,55.4,43.3,82.2,108.1,95.9,102.46,0.12,11.0,B,0
2025-03-10 21:00:00,3.22,115.1,0.6343,0.8848,0.0572,262.96,273.83,80.2,34.8,87.5,111.2,92.1,98.46,0.12,11.0,B,0
2025-03-10 22:00:00,3.77,101.8,0.3301,0.88,0.0338,298.44,280.39,35.7,66.2,83.9,108.2,99.5,99.06,0.14,11.2,A,0
2025-03-10 23:00:00,3.26,137.3,0.4448,0.88,0.0454,391.9,385.19,65.7,71.6,81.7,106.5,98.9,101.53,0.18,15.4,C,0
2025-03-11 00:00:00,3.63,91.0,0.6173,0.8899,0.0622,236.32,242.88,61.0,30.0,83.7,108.8,97.9,101.36,0.11,9.7,C,0
2025-03-11 01:00:00,4.55,133.0,0.5874,0.9096,0.0607,457.08,441.8,82.5,50.5,76.8,110.4,103.7,104.4,0.21,17.7,C,0
2025-03-11 02:00:00,2.69,108.3,0.5418,0.88,0.0577,240.69,242.11,63.8,44.6,75.8,107.5,104.2,104.7,0.11,9.7,C,0
2025-03-11 03:00:00,4.41,114.5,0.4641,0.882,0.0409,347.83,346.07,57.6,56.9,82.8,108.2,95.3,99.3,0.16,13.8,B,0
2025-03-11 04:00:00,4.55,122.5,0.4295,0.88,0.0419,350.17,327.29,56.6,65.8,82.0,108.7,94.5,101.1,0.16,13.1,C,0
2025-03-11 05:00:00,3.41,100.5,0.4527,0.88,0.0478,254.81,238.37,48.9,51.6,87.8,109.0,87.9,98.3,0.12,9.5,B,0
2025-03-11 06:00:00,1.8,123.0,0.6238,0.9209,0.061,233.45,224.01,80.5,42.5,77.9,110.6,102.7,105.81,0.11,9.0,C,0
2025-03-11 07:00:00,3.01,69.4,0.4497,0.8884,0.0498,199.99,205.72,33.1,36.3,83.1,111.3,94.6,102.1,0.09,8.2,B,0
2025-03-11 08:00:00,4.54,99.2,0.5081,0.88,0.0513,331.14,298.78,54.7,44.5,84.1,109.1,92.0,104.28,0.15,12.0,C,0
2025-03-11 09:00:00,3.48,96.1,0.4397,0.88,0.0342,254.64,273.23,46.1,50.0,83.0,107.9,90.3,100.21,0.12,10.9,A,0
2025-03-11 10:00:00,2.7,91.2,0.5674,0.8905,0.0609,200.12,209.4,55.7,35.5,85.3,110.3,90.3,104.36,0.09,8.4,C,0
2025-03-11 11:00:00,3.1,106.8,0.4569,0.8875,0.0451,270.04,280.08,52.2,54.6,80.1,111.0,103.8,103.53,0.12,11.2,C,0
2025-03-11 12:00:00,4.17,115.8,0.4922,0.8878,0.0404,338.52,339.07,61.7,54.0,84.5,113.2,99.5,105.14,0.15,13.6,A,0
2025-03-11 13:00:00,3.94,120.5,0.3653,0.891,0.0353,353.86,340.88,46.5,74.0,83.7,112.3,87.6,97.27,0.16,13.6,B,0
2025-03-11 14:00:00,3.31,113.6,0.3709,0.88,0.0308,286.91,327.0,45.5,68.1,85.5,107.5,87.8,101.52,0.13,13.1,C,0
2025-03-11 15:00:00,3.21,100.0,0.5006,0.88,0.0538,254.14,287.64,54.1,45.9,80.5,109.7,95.6,104.59,0.12,11.5,A,0
2025-03-11 16:00:00,3.19,115.5,0.394,0.8943,0.0392,295.69,308.83,47.9,67.6,78.4,110.9,89.9,98.49,0.13,12.4,C,0
2025-03-11 17:00:00,2.76,111.9,0.6684,0.88,0.0622,267.83,257.35,82.9,28.9,80.1,108.3,93.7,102.87,0.12,10.3,B,1
2025-03-11 18:00:00,4.79,124.0,0.3351,0.9168,0.0376,453.21,452.83,42.0,82.1,78.8,109.3,102.8,103.01,0.21,18.1,C,0
2025-03-11 19:00:00,3.24,121.7,0.436,0.88,0.0459,299.34,272.2,56.9,64.8,80.3,111.3,100.3,103.4,0.14,10.9,B,0
2025-03-11 20:00:00,4.47,110.5,0.5013,0.9212,0.049,368.8,375.37,57.3,53.2,81.0,110.5,86.4,102.3,0.17,15.0,B,0
2025-03-11 21:00:00,4.72,96.5,0.4708,0.88,0.0409,375.74,318.56,49.5,47.1,79.3,110.0,89.9,103.15,0.17,12.7,A,0
2025-03-11 22:00:00,4.3,100.2,0.4117,0.9326,0.037,330.66,316.58,41.9,58.3,82.0,108.7,96.2,102.6,0.15,12.7,C,0
2025-03-11 23:00:00,3.15,101.8,0.4234,0.9331,0.038,285.99,297.78,43.8,57.9,78.5,107.1,100.6,104.85,0.13,11.9,C,0
2025-03-12 00:00:00,3.82,105.3,0.4207,0.88,0.0458,288.1,289.61,47.3,58.0,81.8,109.4,90.9,99.15,0.13,11.6,A,0
2025-03-12 01:00:00,3.48,114.0,0.4771,0.88,0.0393,287.04,265.95,59.4,54.6,80.5,109.8,96.8,102.32,0.13,10.6,B,0
2025-03-12 02:00:00,2.78,120.7,0.6562,0.8999,0.0654,274.36,275.19,85.5,35.3,81.6,107.1,92.7,104.96,0.12,11.0,A,1
2025-03-12 03:00:00,3.76,109.2,0.5062,0.88,0.0494,308.57,307.34,60.1,49.2,83.2,110.1,103.8,98.95,0.14,12.3,A,0
2025-03-12 04:00:00,2.56,110.2,0.5946,0.88,0.0646,267.05,269.31,71.7,38.6,80.7,110.8,98.1,99.23,0.12,10.8,A,0
2025-03-12 05:00:00,4.45,112.1,0.5406,0.8893,0.0552,333.32,317.55,65.3,46.9,79.7,108.6,94.0,102.87,0.15,12.7,B,0
2025-03-12 06:00:00,3.13,102.3,0.5891,0.88,0.0616,259.21,269.75,65.9,36.3,80.0,110.8,87.5,105.45,0.12,10.8,B,0
2025-03-12 07:00:00,3.66,96.1,0.276,0.8891,0.025,298.08,307.87,27.9,68.2,85.1,110.6,89.7,100.9,0.14,12.3,C,0
2025-03-12 08:00:00,3.73,83.7,0.4756,0.88,0.0414,252.0,252.55,43.3,40.3,85.8,109.4,82.4,101.59,0.11,10.1,A,0
2025-03-12 09:00:00,3.29,99.6,0.6046,0.88,0.0588,263.5,280.99,66.2,33.4,80.5,109.2,96.4,102.39,0.12,11.2,A,0
2025-03-12 10:00:00,3.97,117.1,0.4543,0.9192,0.0493,347.89,333.39,54.5,62.6,81.5,109.3,98.3,99.84,0.16,13.3,C,0
2025-03-12 11:00:00,3.12,99.5,0.641,0.9073,0.068,231.78,232.19,67.9,31.6,76.9,108.3,98.6,107.88,0.11,9.3,B,0
2025-03-12 12:00:00,4.2,106.4,0.6187,0.9752,0.0597,294.94,307.7,65.0,41.4,81.5,110.7,91.9,98.53,0.13,12.3,B,0
2025-03-12 13:00:00,2.42,117.0,0.4625,0.88,0.0419,218.45,237.94,58.7,58.3,77.6,108.3,101.4,101.57,0.1,9.5,C,0
2025-03-12 14:00:00,3.6,117.8,0.4597,0.8863,0.0407,326.63,309.03,58.4,59.4,80.5,108.4,102.9,101.62,0.15,12.4,C,0
2025-03-12 15:00:00,5.05,93.8,0.4189,0.88,0.0412,359.9,334.21,42.2,51.6,85.2,111.0,91.7,94.73,0.16,13.4,C,0
2025-03-12 16:00:00,2.7,125.0,0.4496,0.9255,0.0456,298.85,316.43,57.4,67.6,77.5,109.5,100.9,98.77,0.14,12.7,C,0
2025-03-12 17:00:00,2.96,126.9,0.4014,0.9143,0.0475,329.86,318.95,51.8,75.1,79.3,110.1,95.7,97.24,0.15,12.8,A,0
2025-03-12 18:00:00,3.91,93.1,0.5343,0.88,0.054,311.72,305.01,54.1,38.9,79.3,106.6,92.4,103.46,0.14,12.2,B,0
2025-03-12 19:00:00,3.64,97.6,0.3835,0.9196,0.0414,279.99,274.99,38.0,59.6,77.0,109.0,101.2,96.22,0.13,11.0,A,0
2025-03-12 20:00:00,3.78,127.9,0.5483,0.8872,0.0509,353.66,360.47,76.0,51.8,84.6,113.4,89.0,104.13,0.16,14.4,B,0
2025-03-12 21:00:00,3.89,107.8,0.5502,0.8906,0.0552,352.55,371.79,63.9,43.9,82.8,106.4,87.6,97.76,0.16,14.9,B,0
2025-03-12 22:00:00,4.01,76.7,0.3671,0.8963,0.0374,228.59,234.98,29.4,47.3,87.4,113.5,93.0,104.18,0.1,9.4,B,0
2025-03-12 23:00:00,4.39,89.0,0.624,0.9581,0.0617,261.51,289.16,55.8,33.2,79.0,110.5,93.9,97.11,0.12,11.6,C,0
2025-03-13 00:00:00,3.83,106.3,0.5411,0.9401,0.054,297.81,286.12,58.4,47.8,76.7,108.9,86.8,102.57,0.14,11.4,B,0
2025-03-13 01:00:00,3.31,92.6,0.56,0.88,0.0566,240.23,241.31,56.6,36.0,84.8,109.6,97.5,104.11,0.11,9.7,B,0
2025-03-13 02:00:00,4.04,103.8,0.4393,0.928,0.0463,312.74,314.77,46.3,57.5,80.9,112.5,91.1,103.02,0.14,12.6,C,0
2025-03-13 03:00:00,5.02,110.5,0.5498,0.88,0.0608,354.29,328.84,65.9,44.5,80.6,105.4,88.5,97.64,0.16,13.2,C,0
2025-03-13 04:00:00,3.39,131.9,0.5901,0.88,0.0477,350.57,347.82,86.0,46.0,86.4,112.8,98.2,104.69,0.16,13.9,A,0
2025-03-13 05:00:00,2.72,105.6,0.4921,0.8803,0.0548,235.33,234.85,56.0,49.7,82.5,110.5,92.9,102.94,0.11,9.4,C,0
2025-03-13 06:00:00,4.39,126.1,0.6602,0.9707,0.0575,431.24,378.25,83.2,42.9,84.7,112.0,100.3,94.23,0.2,15.1,A,0
2025-03-13 07:00:00,3.4,131.4,0.5035,0.9086,0.0519,304.82,276.52,69.3,62.1,80.1,106.5,97.3,101.63,0.14,11.1,C,0
2025-03-13 08:00:00,1.76,131.5,0.5913,0.9102,0.0709,229.08,231.57,81.5,50.0,79.8,109.5,94.0,109.8,0.1,9.3,A,0
2025-03-13 09:00:00,4.18,114.3,0.5234,0.88,0.0521,335.94,331.51,65.1,49.2,80.9,105.3,100.5,104.65,0.15,13.3,B,0
2025-03-13 10:00:00,3.07,80.6,0.5468,0.88,0.0556,217.78,212.51,48.0,32.6,84.0,112.4,97.1,99.8,0.1,8.5,C,0
2025-03-13 11:00:00,3.43,116.9,0.3663,0.9011,0.0351,332.8,325.41,44.7,72.2,82.2,108.0,94.9,102.93,0.15,13.0,A,0
2025-03-13 12:00:00,3.77,125.7,0.5297,0.88,0.0563,357.55,346.68,72.3,53.5,83.4,108.0,97.6,100.12,0.16,13.9,B,0
2025-03-13 13:00:00,3.65,108.8,0.4412,0.88,0.0459,299.8,292.69,51.6,57.2,74.2,106.1,97.7,104.34,0.14,11.7,B,0
2025-03-13 14:00:00,4.07,136.2,0.4323,0.88,0.0398,418.87,379.55,63.6,72.6,76.4,110.9,89.5,98.86,0.19,15.2,A,0
2025-03-13 15:00:00,3.15,122.9,0.6395,0.8994,0.0634,326.62,320.96,84.7,38.2,75.5,110.1,106.8,104.93,0.15,12.8,B,0
2025-03-13 16:00:00,3.91,118.5,0.4829,0.88,0.0427,348.84,334.4,62.3,56.2,80.9,108.5,95.3,104.06,0.16,13.4,A,0
2025-03-13 17:00:00,3.29,126.3,0.4197,0.88,0.0414,331.56,335.66,57.0,69.3,77.8,110.5,95.4,103.23,0.15,13.4,B,0
2025-03-13 18:00:00,4.09,115.0,0.4713,0.8889,0.045,361.67,327.54,58.1,56.9,87.1,108.4,86.2,107.51,0.16,13.1,B,0
2025-03-13 19:00:00,3.99,72.6,0.396,0.8985,0.0403,201.45,212.2,30.1,42.5,81.9,106.5,95.6,104.32,0.09,8.5,C,0
2025-03-13 20:00:00,2.75,102.5,0.6147,0.9347,0.0579,235.55,227.49,65.1,37.4,82.7,109.3,95.9,104.36,0.11,9.1,B,0
2025-03-13 21:00:00,4.37,128.0,0.4443,0.88,0.0434,406.41,381.35,61.3,66.6,78.7,113.3,89.3,104.68,0.18,15.3,B,0
2025-03-13 22:00:00,3.07,97.9,0.5423,0.9096,0.0543,243.45,235.6,55.9,42.0,78.6,111.9,89.8,103.44,0.11,9.4,C,0
2025-03-13 23:00:00,4.15,106.6,0.6085,0.9169,0.0612,316.52,296.7,68.2,38.4,86.7,110.9,90.5,102.69,0.14,11.9,C,0
2025-03-14 00:00:00,3.79,94.3,0.46,0.9135,0.0474,284.57,281.84,44.9,49.4,87.3,110.5,93.5,99.27,0.13,11.3,C,0
2025-03-14 01:00:00,4.97,136.8,0.5426,0.88,0.0534,474.5,431.92,80.9,55.8,83.2,109.3,96.1,99.31,0.22,17.3,B,0
2025-03-14 02:00:00,3.32,135.2,0.4176,0.8929,0.0378,355.81,364.62,60.1,75.2,75.9,111.5,93.9,102.6,0.16,14.6,C,0
2025-03-14 03:00:00,3.22,96.7,0.6957,0.9429,0.07,237.98,254.21,69.3,27.4,80.7,111.1,96.5,103.13,0.11,10.2,A,0
2025-03-14 04:00:00,3.48,112.2,0.5749,0.8893,0.0566,265.93,275.13,69.8,42.4,82.9,109.8,98.4,101.35,0.12,11.0,B,0
2025-03-14 05:00:00,3.26,99.8,0.4846,0.8945,0.0536,279.52,286.92,51.1,48.6,81.3,110.4,97.7,99.86,0.13,11.5,A,0
2025-03-14 06:00:00,4.14,119.2,0.4382,0.9091,0.0496,333.66,325.45,53.9,65.3,75.6,106.8,96.8,100.89,0.15,13.0,A,0
2025-03-14 07:00:00,2.21,117.6,0.4909,0.88,0.0422,223.33,242.22,63.0,54.6,87.5,109.0,96.4,101.14,0.1,9.7,A,0
2025-03-14 08:00:00,2.66,122.2,0.4728,0.9261,0.0504,253.26,252.1,58.9,63.2,79.5,107.6,96.4,102.13,0.12,10.1,B,0
2025-03-14 09:00:00,2.65,115.0,0.6562,0.9146,0.0697,283.72,306.71,79.8,35.2,78.0,107.6,94.3,100.63,0.13,12.3,B,0
2025-03-14 10:00:00,4.26,154.0,0.402,0.9187,0.0335,463.71,415.59,64.1,89.9,81.9,110.9,91.7,104.8,0.21,16.6,A,0
2025-03-14 11:00:00,4.87,94.6,0.5108,0.88,0.054,337.03,310.31,52.3,42.3,85.6,107.5,94.5,100.97,0.15,12.4,B,0
2025-03-14 12:00:00,3.42,84.3,0.4985,0.9195,0.0543,249.09,236.96,43.3,41.0,83.5,111.5,98.3,99.37,0.11,9.5,B,0
2025-03-14 13:00:00,3.36,104.1,0.4906,0.8808,0.0443,276.24,260.47,55.5,48.6,78.1,112.1,98.2,101.06,0.13,10.4,A,0
2025-03-14 14:00:00,3.56,86.5,0.4913,0.9452,0.0479,266.95,248.42,42.7,43.7,77.6,109.9,97.5,98.0,0.12,9.9,B,0
2025-03-14 15:00:00,4.43,87.6,0.4907,0.88,0.05,259.38,262.83,46.5,41.1,75.4,108.8,92.6,107.34,0.12,10.5,C,0
2025-03-14 16:00:00,2.76,95.0,0.5698,0.88,0.0598,209.1,225.32,59.1,35.9,81.1,112.1,93.9,103.27,0.1,9.0,B,0
2025-03-14 17:00:00,3.69,96.2,0.5487,0.88,0.0499,249.82,252.71,57.8,38.4,80.6,111.1,93.9,101.26,0.11,10.1,B,0
2025-03-14 18:00:00,4.28,95.7,0.5335,0.88,0.0591,313.26,287.82,55.3,40.4,83.5,112.4,92.0,105.55,0.14,11.5,A,0
2025-03-14 19:00:00,3.9,117.8,0.2573,0.88,0.0156,353.21,333.18,32.9,84.8,79.9,107.8,99.5,100.68,0.16,13.3,B,0
2025-03-14 20:00:00,3.65,102.4,0.524,0.9189,0.059,276.93,285.29,55.4,47.0,84.9,109.5,85.8,101.2,0.13,11.4,A,0
2025-03-14 21:00:00,4.3,107.3,0.3675,0.9172,0.0395,327.8,313.87,40.1,67.2,84.0,109.6,105.1,99.19,0.15,12.6,C,0
2025-03-14 22:00:00,1.5,123.4,0.5517,0.8923,0.0521,223.83,222.66,73.4,50.0,79.8,110.4,105.4,98.48,0.1,8.9,C,0
2025-03-14 23:00:00,4.04,98.5,0.618,0.9042,0.0661,281.1,260.85,64.9,33.6,83.2,111.2,95.3,101.93,0.13,10.4,A,0
2025-03-15 00:00:00,2.98,106.0,0.4259,0.88,0.0374,267.06,262.2,48.9,57.1,86.0,110.3,97.0,104.49,0.12,10.5,A,1
2025-03-15 01:00:00,2.04,115.5,0.4791,0.8836,0.0485,213.26,214.9,59.5,55.9,79.1,112.7,99.2,98.67,0.1,8.6,A,0
2025-03-15 02:00:00,3.91,80.9,0.4521,0.9571,0.0464,270.27,268.73,36.0,44.9,81.4,109.3,91.2,100.58,0.12,10.7,C,0
2025-03-15 03:00:00,4.6,74.2,0.5988,0.88,0.0611,270.85,275.71,48.7,25.5,81.3,107.9,97.8,100.69,0.12,11.0,C,0
2025-03-15 04:00:00,3.39,115.2,0.5076,0.8842,0.0466,267.48,264.14,63.4,51.8,80.9,108.7,101.6,103.61,0.12,10.6,A,0
2025-03-15 05:00:00,4.26,117.4,0.6383,0.9063,0.0613,350.79,340.93,80.1,37.2,84.4,108.4,86.0,100.01,0.16,13.6,A,0
2025-03-15 06:00:00,4.79,141.0,0.5331,0.9625,0.0539,373.24,364.74,74.3,66.6,84.6,109.1,87.8,103.56,0.17,14.6,A,1
2025-03-15 07:00:00,4.55,112.4,0.5194,0.904,0.0483,390.03,351.14,61.9,50.5,83.2,109.5,98.8,103.45,0.18,14.0,B,0
2025-03-15 08:00:00,4.81,122.3,0.5055,0.8887,0.0519,478.15,484.75,66.3,56.0,83.1,109.5,93.6,99.31,0.22,19.4,B,0
2025-03-15 09:00:00,4.09,107.1,0.5654,0.8896,0.0535,263.23,255.45,65.6,41.5,80.3,110.5,93.1,100.42,0.12,10.2,B,0
2025-03-15 10:00:00,3.56,114.5,0.361,0.88,0.0411,273.74,278.69,43.6,70.8,83.0,109.1,93.4,101.54,0.12,11.1,B,0
2025-03-15 11:00:00,2.22,135.0,0.5068,0.88,0.0585,270.89,257.18,73.7,61.3,78.1,112.1,89.4,99.99,0.12,10.3,B,0
2025-03-15 12:00:00,3.3,78.1,0.4944,0.88,0.048,217.81,226.16,41.9,36.2,89.4,106.1,92.9,98.62,0.1,9.0,B,1
2025-03-15 13:00:00,2.83,116.2,0.558,0.9035,0.0604,263.13,265.3,68.6,47.6,86.1,105.5,88.4,105.75,0.12,10.6,A,0
2025-03-15 14:00:00,5.24,142.0,0.485,0.8816,0.0474,415.95,422.89,74.5,67.5,84.9,112.0,101.5,95.95,0.19,16.9,C,0
2025-03-15 15:00:00,3.36,114.2,0.4169,0.88,0.037,307.04,297.94,51.5,62.8,83.2,111.8,95.7,102.0,0.14,11.9,B,0
2025-03-15 16:00:00,3.6,134.8,0.5006,0.88,0.0479,387.35,390.64,73.3,61.4,83.2,112.5,95.5,105.39,0.18,15.6,B,0
2025-03-15 17:00:00,3.94,100.6,0.4134,0.8957,0.0418,369.18,358.36,43.8,56.8,76.9,111.3,98.3,98.88,0.17,14.3,A,0
2025-03-15 18:00:00,3.53,109.5,0.346,0.9333,0.0257,330.79,347.21,38.7,70.9,78.2,110.0,109.0,101.38,0.15,13.9,C,0
2025-03-15 19:00:00,4.86,110.5,0.5582,0.8863,0.0589,331.53,296.72,66.7,43.8,78.6,109.5,89.7,104.01,0.15,11.9,B,0
2025-03-15 20:00:00,3.0,76.7,0.5463,0.88,0.0551,203.36,217.02,45.7,31.0,82.2,106.8,85.8,92.17,0.09,8.7,C,0
2025-03-15 21:00:00,3.66,92.5,0.5374,0.8839,0.0587,278.02,244.73,53.6,38.8,81.2,110.3,94.8,101.15,0.13,9.8,A,0
2025-03-15 22:00:00,2.91,93.5,0.6042,0.9448,0.0635,220.12,226.56,57.4,36.1,84.4,107.1,85.9,96.58,0.1,9.1,B,0
2025-03-15 23:00:00,2.44,122.3,0.4468,0.88,0.0453,277.08,287.54,58.8,63.5,79.1,114.9,93.3,104.19,0.13,11.5,C,0
2025-03-16 00:00:00,3.01,123.1,0.3855,0.88,0.0368,314.18,326.35,50.9,72.2,85.1,107.9,99.4,98.92,0.14,13.1,C,0
2025-03-16 01:00:00,3.47,114.9,0.4944,0.8867,0.0571,338.5,338.35,60.5,54.3,79.5,109.8,102.6,106.65,0.15,13.5,B,0
2025-03-16 02:00:00,3.16,122.4,0.4722,0.9002,0.0581,324.7,311.99,60.2,62.2,80.7,113.0,87.2,98.44,0.15,12.5,A,0
2025-03-16 03:00:00,2.95,107.5,0.4326,0.8914,0.0416,268.23,274.21,49.5,58.1,84.7,109.3,90.3,102.65,0.12,11.0,C,0
2025-03-16 04:00:00,2.37,128.0,0.4936,0.9259,0.0546,252.26,281.4,64.5,63.5,83.5,109.3,96.8,98.67,0.11,11.3,B,0
2025-03-16 05:00:00,3.43,110.1,0.4511,0.88,0.0416,262.57,264.02,53.8,56.3,78.2,104.8,98.8,100.59,0.12,10.6,B,0
2025-03-16 06:00:00,2.3,110.9,0.3531,0.88,0.0324,236.72,250.88,42.0,68.9,85.2,107.4,99.1,101.29,0.11,10.0,C,0
2025-03-16 07:00:00,4.11,106.0,0.4647,0.8855,0.0445,309.83,297.7,53.0,53.1,82.3,111.1,102.4,101.38,0.14,11.9,C,0
2025-03-16 08:00:00,3.57,120.3,0.4091,0.907,0.0443,316.13,323.09,50.9,69.4,75.6,113.3,98.6,106.26,0.14,12.9,C,0
2025-03-16 09:00:00,2.33,103.7,0.5185,0.88,0.0465,242.22,255.22,58.7,45.0,79.5,108.2,94.4,105.58,0.11,10.2,B,0
2025-03-16 10:00:00,3.25,124.6,0.4475,0.88,0.0525,351.32,329.51,59.5,65.1,80.8,110.4,100.3,99.05,0.16,13.2,B,0
2025-03-16 11:00:00,2.9,93.0,0.5889,0.8812,0.0636,208.91,224.47,59.8,33.3,78.5,115.4,95.3,101.43,0.09,9.0,A,0
2025-03-16 12:00:00,3.76,93.5,0.6283,0.9127,0.0661,267.67,276.9,62.1,31.4,86.0,111.1,96.4,97.81,0.12,11.1,C,0
2025-03-16 13:00:00,4.57,120.3,0.5544,0.9131,0.054,370.69,366.74,70.1,50.2,80.9,112.0,92.5,97.13,0.17,14.7,A,0
2025-03-16 14:00:00,2.0,108.7,0.3759,0.9151,0.0417,218.13,225.03,41.6,67.1,83.4,108.5,95.8,99.3,0.1,9.0,A,0
2025-03-16 15:00:00,3.59,103.2,0.6204,0.9414,0.0475,233.23,250.43,66.1,37.1,82.6,113.1,86.9,106.35,0.11,10.0,A,0
2025-03-16 16:00:00,3.37,123.4,0.6261,0.9017,0.0648,280.25,267.08,82.7,40.6,84.1,108.6,100.2,96.24,0.13,10.7,C,0
2025-03-16 17:00:00,4.04,100.9,0.5015,0.88,0.051,301.11,296.07,54.8,46.1,87.0,108.3,90.0,103.03,0.14,11.8,A,0
2025-03-16 18:00:00,3.67,107.0,0.6058,0.88,0.0512,319.51,313.1,71.6,35.4,84.0,113.0,90.6,102.68,0.15,12.5,A,0
2025-03-16 19:00:00,2.9,131.0,0.4559,0.88,0.0476,307.25,316.46,64.2,66.7,87.2,108.7,83.4,99.07,0.14,12.7,B,0
2025-03-16 20:00:00,3.24,133.1,0.3507,0.88,0.038,351.43,324.28,49.4,83.7,84.1,110.0,90.9,103.23,0.16,13.0,C,0
2025-03-16 21:00:00,2.86,133.6,0.4392,0.88,0.0346,313.12,309.36,63.9,69.7,82.4,113.3,90.2,103.22,0.14,12.4,B,0
2025-03-16 22:00:00,4.36,105.8,0.6383,0.9001,0.0579,369.68,346.5,72.9,32.9,83.0,108.2,96.1,101.19,0.17,13.9,A,0
2025-03-16 23:00:00,3.52,128.5,0.3807,0.88,0.0484,383.24,367.54,51.3,77.1,74.1,109.5,88.5,100.85,0.17,14.7,B,0
2025-03-17 00:00:00,5.02,95.8,0.5,0.88,0.0491,316.38,314.19,52.0,43.8,80.6,108.8,92.8,100.56,0.14,12.6,A,0
2025-03-17 01:00:00,3.45,96.4,0.5027,0.88,0.0552,283.51,265.58,52.3,44.1,81.6,109.3,91.6,98.77,0.13,10.6,B,0
2025-03-17 02:00:00,2.93,74.7,0.459,0.88,0.0515,204.46,224.78,36.8,38.0,83.3,110.1,86.2,101.8,0.09,9.0,C,0
2025-03-17 03:00:00,2.29,135.1,0.4645,0.9039,0.0484,327.81,324.6,65.7,69.4,81.9,112.7,96.2,99.78,0.15,13.0,A,0
2025-03-17 04:00:00,2.06,97.0,0.5058,0.88,0.0557,186.51,191.73,53.0,44.1,83.0,113.3,93.9,101.78,0.08,7.7,C,0
2025-03-17 05:00:00,2.23,108.1,0.455,0.88,0.0349,222.69,226.06,53.7,54.4,78.0,110.3,95.2,99.47,0.1,9.0,C,0
2025-03-17 06:00:00,3.71,96.3,0.3862,0.9274,0.0375,253.63,271.69,37.8,58.6,77.3,108.5,99.2,99.33,0.12,10.9,A,0
2025-03-17 07:00:00,3.91,120.4,0.5172,0.9071,0.0363,316.72,314.81,66.5,53.9,78.5,111.4,95.0,99.67,0.14,12.6,C,0
2025-03-17 08:00:00,2.24,104.4,0.5859,0.88,0.0499,225.32,222.28,67.4,37.0,86.7,110.0,93.3,105.11,0.1,8.9,A,0
2025-03-17 09:00:00,4.22,90.4,0.5696,0.9121,0.0542,290.68,277.4,54.3,36.1,78.2,110.1,99.6,97.17,0.13,11.1,A,0
2025-03-17 10:00:00,3.11,116.6,0.4352,0.88,0.0402,302.86,305.47,54.9,61.8,79.6,107.9,93.4,106.62,0.14,12.2,B,0
2025-03-17 11:00:00,3.62,88.5,0.3999,0.88,0.0402,264.93,273.57,37.9,50.6,82.3,106.8,92.5,103.6,0.12,10.9,A,0
2025-03-17 12:00:00,4.79,97.4,0.4773,0.888,0.0476,325.43,321.63,49.8,47.6,77.2,110.0,98.3,96.61,0.15,12.9,B,0
2025-03-17 13:00:00,4.22,78.4,0.6254,0.8956,0.0632,249.56,249.03,52.9,25.4,79.4,107.9,91.1,99.57,0.11,10.0,A,0
2025-03-17 14:00:00,3.29,88.6,0.5516,0.8929,0.056,221.48,235.88,52.5,36.1,84.0,108.9,100.8,96.43,0.1,9.4,C,0
2025-03-17 15:00:00,2.79,112.7,0.5563,0.88,0.0573,248.4,247.85,68.3,44.3,80.7,113.0,95.8,103.24,0.11,9.9,B,0
2025-03-17 16:00:00,1.78,80.5,0.5712,0.88,0.0523,161.25,171.2,50.5,30.0,87.1,109.9,102.8,105.13,0.07,6.8,A,0
2025-03-17 17:00:00,2.92,87.8,0.5337,0.9187,0.0497,225.65,247.02,48.9,38.9,76.9,112.2,94.7,101.99,0.1,9.9,A,0
2025-03-17 18:00:00,3.33,110.0,0.5096,0.88,0.0508,305.06,305.64,60.9,49.1,81.0,110.6,99.7,104.96,0.14,12.2,C,0
2025-03-17 19:00:00,2.71,101.8,0.553,0.9194,0.0552,250.44,244.52,58.7,43.2,80.7,111.2,86.8,101.85,0.11,9.8,A,0
2025-03-17 20:00:00,3.39,139.9,0.4563,0.8919,0.0402,405.25,386.77,68.3,71.5,82.0,108.9,101.4,104.21,0.18,15.5,C,0
2025-03-17 21:00:00,3.56,137.5,0.3868,0.88,0.0441,333.12,323.53,56.4,81.1,78.3,112.3,98.4,102.18,0.15,12.9,B,0
2025-03-17 22:00:00,3.32,97.0,0.5578,0.88,0.0594,254.61,252.63,58.9,38.1,80.3,110.6,91.8,101.34,0.12,10.1,C,0
2025-03-17 23:00:00,2.98,118.4,0.599,0.8947,0.0556,264.68,267.6,76.7,41.7,84.4,109.5,99.3,103.62,0.12,10.7,A,0
2025-03-18 00:00:00,3.63,121.2,0.4105,0.9248,0.04,366.85,337.35,50.8,70.5,81.2,110.6,88.7,100.83,0.17,13.5,C,0
2025-03-18 01:00:00,3.85,101.0,0.5658,0.9209,0.0666,282.88,290.95,59.0,42.0,78.8,108.6,92.5,105.67,0.13,11.6,C,0
2025-03-18 02:00:00,2.63,87.6,0.6345,0.88,0.0642,227.18,233.04,61.2,26.4,88.2,109.4,90.7,100.35,0.1,9.3,C,1
2025-03-18 03:00:00,4.63,109.8,0.4998,0.88,0.052,403.96,355.74,59.4,50.4,82.1,109.9,99.6,103.0,0.18,14.2,A,0
2025-03-18 04:00:00,3.42,107.4,0.4346,0.88,0.0404,297.25,289.78,50.4,57.0,83.8,108.9,101.2,99.18,0.14,11.6,A,0
2025-03-18 05:00:00,3.52,103.5,0.5098,0.88,0.0494,290.42,279.25,57.4,46.1,84.3,113.1,92.8,96.58,0.13,11.2,C,0
2025-03-18 06:00:00,4.07,116.6,0.456,0.9507,0.0532,346.61,290.57,52.3,64.3,81.8,109.2,88.6,102.37,0.16,11.6,B,1
2025-03-18 07:00:00,3.69,98.7,0.4507,0.906,0.0456,274.04,271.12,46.5,52.3,79.6,114.2,90.1,95.89,0.12,10.8,A,0
2025-03-18 08:00:00,4.26,92.7,0.5347,0.88,0.0531,283.3,293.29,54.0,38.7,82.6,110.1,95.5,107.75,0.13,11.7,B,0
2025-03-18 09:00:00,3.73,111.6,0.3717,0.88,0.0372,310.11,302.17,44.3,67.3,79.9,109.5,95.1,100.24,0.14,12.1,A,0
2025-03-18 10:00:00,3.01,115.8,0.3845,0.88,0.0512,324.52,325.61,46.6,69.2,83.1,109.0,93.3,101.07,0.15,13.0,C,0
2025-03-18 11:00:00,3.79,92.4,0.5015,0.88,0.0504,248.1,250.98,50.2,42.1,81.5,110.8,90.9,100.37,0.11,10.0,C,0
2025-03-18 12:00:00,2.59,123.9,0.4982,0.8943,0.0457,276.68,269.81,66.1,57.8,85.1,111.8,103.1,101.72,0.13,10.8,C,0
2025-03-18 13:00:00,3.59,83.4,0.5275,0.8964,0.0495,254.98,248.81,47.1,36.3,78.6,104.9,91.9,102.32,0.12,10.0,B,0
2025-03-18 14:00:00,3.47,101.3,0.65,0.9181,0.0689,270.2,254.94,69.3,32.0,84.2,110.0,90.8,98.78,0.12,10.2,B,0
2025-03-18 15:00:00,3.33,106.1,0.5084,0.9153,0.0437,289.53,297.49,56.6,49.5,83.8,106.0,100.7,93.64,0.13,11.9,B,0
2025-03-18 16:00:00,3.4,100.5,0.5479,0.8913,0.057,237.63,249.37,59.1,41.4,81.3,112.0,93.6,98.0,0.11,10.0,C,0
2025-03-18 17:00:00,1.99,101.5,0.422,0.88,0.0386,222.15,226.2,46.3,55.3,84.2,112.0,97.6,99.84,0.1,9.0,C,0
2025-03-18 18:00:00,3.06,138.1,0.5614,0.88,0.0468,362.06,316.6,85.3,52.8,83.3,110.1,90.6,102.14,0.16,12.7,A,0
2025-03-18 19:00:00,3.57,97.2,0.4579,0.88,0.0409,270.2,275.1,48.3,48.9,84.0,110.4,97.5,101.85,0.12,11.0,C,0
2025-03-18 20:00:00,3.63,146.6,0.5057,0.8972,0.0507,359.42,331.68,78.8,67.8,83.8,107.1,98.7,103.56,0.16,13.3,B,0
2025-03-18 21:00:00,2.68,116.6,0.4913,0.9125,0.0561,281.33,280.86,59.2,57.3,82.2,108.9,89.4,96.37,0.13,11.2,A,0
2025-03-18 22:00:00,4.51,111.4,0.5826,0.901,0.0628,321.75,292.41,69.1,42.3,80.2,108.8,92.3,98.62,0.15,11.7,B,0
2025-03-18 23:00:00,2.81,117.1,0.3952,0.8917,0.0381,250.58,253.98,49.0,68.1,80.2,109.1,90.5,99.98,0.11,10.2,C,0
2025-03-19 00:00:00,4.28,147.9,0.3173,0.886,0.0366,438.16,409.99,48.9,99.1,81.4,111.7,92.4,105.87,0.2,16.4,B,0
2025-03-19 01:00:00,3.84,95.1,0.4829,0.894,0.0465,315.16,275.61,49.0,46.1,84.5,112.6,103.0,109.46,0.14,11.0,C,0
2025-03-19 02:00:00,2.98,93.2,0.5375,0.902,0.0464,247.49,267.38,53.5,39.7,83.9,111.2,96.3,97.25,0.11,10.7,C,0
2025-03-19 03:00:00,4.92,98.7,0.5122,0.9313,0.0513,323.2,310.24,51.7,47.0,85.0,109.4,104.7,104.57,0.15,12.4,B,1
2025-03-19 04:00:00,2.55,110.5,0.5986,0.9068,0.0523,212.89,218.61,70.6,39.9,85.3,108.5,102.4,101.56,0.1,8.7,B,0
2025-03-19 05:00:00,4.24,84.1,0.535,0.9056,0.0575,271.09,276.59,47.4,36.8,81.3,110.2,100.7,102.97,0.12,11.1,C,0
2025-03-19 06:00:00,4.3,110.3,0.4549,0.8955,0.0495,349.77,336.55,52.9,57.5,87.9,110.6,102.3,97.33,0.16,13.5,B,0
2025-03-19 07:00:00,2.96,135.4,0.314,0.9273,0.027,316.38,313.82,43.2,92.2,81.7,109.6,100.8,105.37,0.14,12.6,A,0
2025-03-19 08:00:00,4.61,112.3,0.481,0.88,0.0488,422.07,378.23,58.4,53.9,80.5,108.7,103.5,94.64,0.19,15.1,A,0
2025-03-19 09:00:00,3.3,105.6,0.5822,0.9374,0.0589,274.06,271.3,62.9,42.7,83.0,111.2,97.7,97.36,0.12,10.9,C,1
2025-03-19 10:00:00,3.73,100.7,0.4686,0.88,0.0512,233.89,219.83,50.7,50.0,83.5,111.4,98.4,100.49,0.11,8.8,A,0
2025-03-19 11:00:00,3.71,123.5,0.5023,0.88,0.044,328.85,316.2,67.7,55.8,79.8,107.4,98.3,99.52,0.15,12.6,C,0
2025-03-19 12:00:00,3.39,97.6,0.5337,0.9043,0.0564,274.13,289.85,55.0,42.7,81.5,109.2,92.8,101.38,0.12,11.6,C,0
2025-03-19 13:00:00,4.15,137.7,0.4188,0.9266,0.0353,418.19,368.69,59.2,78.5,80.7,111.6,99.2,99.25,0.19,14.7,B,0
2025-03-19 14:00:00,4.13,139.0,0.5499,0.88,0.0589,400.56,374.51,83.1,55.9,82.4,112.0,101.3,100.23,0.18,15.0,C,0
2025-03-19 15:00:00,2.1,113.9,0.631,0.88,0.0684,220.49,207.52,78.9,34.9,84.4,110.1,92.0,100.75,0.1,8.3,A,0
2025-03-19 16:00:00,4.54,109.8,0.4862,0.8952,0.0453,293.54,289.61,57.0,52.9,81.2,110.7,90.7,100.63,0.13,11.6,B,0
2025-03-19 17:00:00,2.17,125.5,0.4097,0.9622,0.0471,250.56,257.94,49.7,75.7,83.7,110.5,92.2,101.75,0.11,10.3,A,0
2025-03-19 18:00:00,4.33,126.4,0.4947,0.9327,0.0416,375.26,365.09,64.3,62.1,77.8,111.9,101.8,103.99,0.17,14.6,A,0
2025-03-19 19:00:00,4.4,97.9,0.322,0.88,0.0377,321.01,304.65,33.1,64.9,84.7,107.8,93.8,99.04,0.15,12.2,A,0
2025-03-19 20:00:00,2.63,102.1,0.527,0.88,0.0599,244.27,225.37,58.1,44.0,80.6,110.5,89.5,105.34,0.11,9.0,C,0
2025-03-19 21:00:00,3.17,90.2,0.5362,0.8918,0.0553,261.39,248.39,51.8,38.3,80.6,108.2,89.8,101.45,0.12,9.9,B,0
2025-03-19 22:00:00,2.62,116.1,0.6341,0.8913,0.0624,239.88,256.71,80.1,36.0,83.2,112.2,90.5,105.08,0.11,10.3,C,0
2025-03-19 23:00:00,3.33,120.0,0.4845,0.88,0.05,276.08,284.98,62.8,57.2,83.4,107.9,91.4,100.27,0.13,11.4,B,0
2025-03-20 00:00:00,3.25,89.8,0.5327,0.88,0.0502,229.93,234.54,52.2,37.6,81.7,110.8,88.0,98.7,0.1,9.4,B,0
2025-03-20 01:00:00,4.12,103.2,0.4311,0.8883,0.0562,294.87,292.67,46.5,56.7,79.3,108.2,98.0,101.54,0.13,11.7,B,0
2025-03-20 02:00:00,4.55,89.8,0.4715,0.88,0.0442,278.53,264.59,45.9,43.9,80.6,111.5,94.1,108.99,0.13,10.6,C,0
2025-03-20 03:00:00,4.62,96.5,0.378,0.9458,0.0444,360.21,365.94,35.7,60.8,82.3,110.9,97.7,97.2,0.16,14.6,A,0
2025-03-20 04:00:00,3.05,118.3,0.4844,0.9246,0.0447,293.06,280.14,59.1,59.2,83.5,110.5,83.5,103.33,0.13,11.2,B,0
2025-03-20 05:00:00,3.33,99.0,0.4756,0.8995,0.0555,306.76,306.45,49.3,49.7,79.5,113.9,100.4,101.83,0.14,12.3,B,0
2025-03-20 06:00:00,2.15,105.5,0.5239,0.8964,0.0625,216.26,211.62,58.4,47.1,80.1,108.6,94.6,102.51,0.1,8.5,A,0
2025-03-20 07:00:00,2.86,85.6,0.4501,0.88,0.0469,195.65,204.82,41.4,44.2,82.8,111.9,97.5,97.68,0.09,8.2,A,0
2025-03-20 08:00:00,4.27,112.8,0.5067,0.8815,0.0521,323.32,331.97,61.8,51.0,81.8,112.3,102.6,102.67,0.15,13.3,A,0
2025-03-20 09:00:00,4.79,109.3,0.4733,0.925,0.0426,399.1,363.18,53.4,56.0,82.4,111.9,96.8,102.19,0.18,14.5,C,0
2025-03-20 10:00:00,2.51,99.1,0.4735,0.8948,0.042,204.26,220.12,50.1,48.9,74.2,108.6,105.6,96.85,0.09,8.8,A,0
2025-03-20 11:00:00,3.03,107.2,0.5064,0.88,0.0521,277.76,263.34,58.8,48.4,81.1,109.5,85.6,101.69,0.13,10.5,C,0
2025-03-20 12:00:00,3.48,112.7,0.5032,0.9167,0.0576,293.39,278.14,58.5,54.2,84.6,108.8,93.4,100.57,0.13,11.1,B,0
2025-03-20 13:00:00,3.72,97.8,0.5609,0.9015,0.0533,259.48,260.46,58.5,39.3,80.2,109.4,86.0,100.24,0.12,10.4,A,0
2025-03-20 14:00:00,2.85,87.9,0.4903,0.88,0.0601,242.69,256.31,46.1,41.8,83.5,108.3,96.6,101.16,0.11,10.3,B,0
2025-03-20 15:00:00,3.84,137.1,0.472,0.915,0.0442,362.17,343.25,67.3,69.7,78.4,109.3,95.4,104.56,0.16,13.7,B,0
2025-03-20 16:00:00,3.12,100.5,0.4855,0.9098,0.0497,239.94,250.26,50.9,49.6,77.3,112.9,89.5,102.67,0.11,10.0,A,0
2025-03-20 17:00:00,3.49,108.5,0.4428,0.924,0.0454,291.68,302.12,49.1,59.5,83.3,109.4,105.9,98.17,0.13,12.1,C,0
2025-03-20 18:00:00,3.94,125.2,0.4712,0.8932,0.0466,343.26,320.52,62.8,62.4,81.8,110.2,93.2,102.79,0.16,12.8,B,0
2025-03-20 19:00:00,3.51,162.9,0.6625,0.8979,0.056,498.32,431.27,117.4,45.6,81.0,108.5,84.0,101.17,0.23,17.3,B,0
2025-03-20 20:00:00,3.15,91.3,0.427,0.88,0.0396,259.66,256.78,42.1,49.2,84.5,110.0,98.4,99.45,0.12,10.3,C,0
2025-03-20 21:00:00,3.41,116.7,0.4777,0.8808,0.0488,292.35,304.31,60.2,56.6,81.1,111.7,98.5,97.58,0.13,12.2,B,0
2025-03-20 22:00:00,3.43,99.4,0.469,0.88,0.0464,259.64,251.73,50.4,49.0,80.1,111.0,92.6,103.72,0.12,10.1,A,0
2025-03-20 23:00:00,3.2,101.9,0.4802,0.88,0.0512,220.97,237.35,52.8,49.2,79.8,112.8,98.9,99.59,0.1,9.5,C,0
2025-03-21 00:00:00,3.29,99.2,0.4735,0.88,0.0511,265.85,263.01,50.5,48.6,79.1,107.6,90.2,104.02,0.12,10.5,A,0
2025-03-21 01:00:00,4.78,93.1,0.5223,0.88,0.051,298.95,316.42,52.9,40.2,83.4,108.5,92.9,98.07,0.14,12.7,A,0
2025-03-21 02:00:00,3.95,109.4,0.3632,0.9393,0.0315,323.03,345.4,40.0,69.4,81.1,109.2,97.0,107.28,0.15,13.8,A,0
2025-03-21 03:00:00,3.26,87.9,0.583,0.8943,0.066,200.51,219.22,54.8,33.0,85.4,113.0,99.6,109.2,0.09,8.8,B,0
2025-03-21 04:00:00,4.06,124.2,0.5506,0.9048,0.0483,363.24,323.33,72.8,51.4,73.1,110.6,93.9,102.93,0.17,12.9,B,0
2025-03-21 05:00:00,3.23,110.8,0.4006,0.8833,0.0371,324.4,282.61,47.6,63.2,84.8,107.2,92.6,105.19,0.15,11.3,C,0
2025-03-21 06:00:00,4.44,116.3,0.3185,0.9229,0.0276,368.06,353.81,37.8,78.5,83.1,112.2,94.8,99.94,0.17,14.2,B,0
2025-03-21 07:00:00,3.8,103.0,0.4218,0.88,0.0459,277.86,286.89,46.4,56.6,81.7,110.2,84.8,99.64,0.13,11.5,A,0
2025-03-21 08:00:00,3.41,104.5,0.4806,0.8852,0.0546,280.15,284.09,53.6,50.9,78.1,111.8,93.6,104.88,0.13,11.4,C,0
2025-03-21 09:00:00,3.86,114.3,0.7064,0.8926,0.0698,325.89,306.99,88.4,25.9,77.0,113.2,85.1,101.75,0.15,12.3,C,0
2025-03-21 10:00:00,2.24,92.5,0.5435,0.9324,0.0555,232.96,223.3,51.5,41.0,84.3,108.0,90.8,97.18,0.11,8.9,A,0
2025-03-21 11:00:00,2.6,104.6,0.3554,0.9191,0.0377,231.99,246.36,37.7,66.9,82.7,113.2,87.9,101.53,0.11,9.9,B,1
2025-03-21 12:00:00,2.54,97.1,0.4448,0.8973,0.0535,201.4,227.1,45.0,52.1,82.7,109.9,97.6,97.63,0.09,9.1,C,0
2025-03-21 13:00:00,3.61,96.6,0.4957,0.938,0.0407,273.45,264.64,49.0,47.6,81.7,109.2,91.3,100.74,0.12,10.6,B,0
2025-03-21 14:00:00,4.89,78.4,0.5203,0.9032,0.0558,285.1,292.33,43.0,35.4,84.5,110.3,101.2,104.45,0.13,11.7,C,0
2025-03-21 15:00:00,5.29,130.1,0.3948,0.88,0.0414,481.8,502.83,54.8,75.3,80.2,107.6,85.8,105.68,0.22,20.1,A,0
2025-03-21 16:00:00,4.01,99.7,0.4892,0.9047,0.0471,318.65,308.29,51.4,48.3,81.0,110.0,93.8,102.13,0.14,12.3,A,0
2025-03-21 17:00:00,3.9,127.5,0.4426,0.8972,0.0459,423.37,396.81,59.4,68.1,81.5,109.5,95.4,105.31,0.19,15.9,C,0
2025-03-21 18:00:00,2.06,126.0,0.4117,0.8874,0.0449,231.29,242.1,54.9,71.2,81.4,108.1,97.5,99.92,0.11,9.7,A,0
2025-03-21 19:00:00,3.07,90.7,0.5208,0.9111,0.055,221.75,225.8,49.4,41.4,86.0,108.7,105.8,106.4,0.1,9.0,A,0
2025-03-21 20:00:00,2.87,93.7,0.5619,0.88,0.067,197.64,219.25,57.0,36.6,78.2,112.3,85.2,99.13,0.09,8.8,A,0
2025-03-21 21:00:00,3.0,148.4,0.5673,0.8844,0.0574,366.72,345.41,91.5,56.9,76.1,109.6,91.2,98.87,0.17,13.8,B,0
2025-03-21 22:00:00,3.37,136.3,0.546,0.9221,0.0547,321.04,312.46,77.2,59.1,77.6,108.0,105.0,99.92,0.15,12.5,C,0
2025-03-21 23:00:00,3.12,109.5,0.4602,0.8853,0.0451,295.89,273.36,54.1,55.4,84.1,110.9,90.4,99.06,0.13,10.9,B,0
2025-03-22 00:00:00,1.92,113.9,0.5572,0.9083,0.0585,207.88,214.61,66.8,47.0,81.7,111.5,97.2,102.85,0.09,8.6,A,0
2025-03-22 01:00:00,4.1,100.5,0.5247,0.899,0.0523,350.52,322.93,56.1,44.4,77.2,110.0,90.3,105.06,0.16,12.9,A,0
2025-03-22 02:00:00,2.64,116.5,0.5107,0.88,0.0511,231.7,240.35,64.6,51.9,82.3,107.5,88.0,101.35,0.11,9.6,C,0
2025-03-22 03:00:00,3.69,99.2,0.4511,0.9134,0.0452,306.61,278.93,46.4,52.8,81.0,104.9,90.9,102.23,0.14,11.2,C,0
2025-03-22 04:00:00,5.16,79.5,0.4602,0.9306,0.0454,317.01,322.66,37.3,42.2,83.7,108.2,104.9,97.15,0.14,12.9,B,0
2025-03-22 05:00:00,2.76,90.2,0.5059,0.88,0.0475,228.67,225.91,49.7,40.5,84.4,112.1,89.2,101.59,0.1,9.0,C,0
2025-03-22 06:00:00,1.5,110.3,0.6952,0.88,0.0716,172.49,199.69,85.1,25.2,89.6,111.9,93.5,106.61,0.08,8.0,B,0
2025-03-22 07:00:00,3.27,93.0,0.5241,0.88,0.051,259.24,275.45,53.1,39.9,78.5,108.4,93.7,105.54,0.12,11.0,B,0
2025-03-22 08:00:00,4.38,109.0,0.4511,0.9161,0.0482,346.95,342.8,50.6,58.4,76.4,109.5,99.6,98.02,0.16,13.7,C,0
2025-03-22 09:00:00,5.07,93.9,0.4334,0.926,0.0439,282.65,261.78,41.5,52.4,83.8,111.4,100.6,99.99,0.13,10.5,C,0
2025-03-22 10:00:00,2.52,98.3,0.4607,0.88,0.0441,249.69,245.57,49.0,49.3,85.0,109.7,95.5,111.52,0.11,9.8,C,0
2025-03-22 11:00:00,3.9,122.8,0.6742,0.9635,0.0752,340.3,316.29,82.8,40.0,78.2,111.9,79.1,102.55,0.15,12.7,C,0
2025-03-22 12:00:00,3.13,113.7,0.4681,0.9065,0.0463,319.45,301.06,55.8,58.0,78.2,109.8,90.6,105.85,0.15,12.0,B,0
2025-03-22 13:00:00,3.42,109.9,0.5725,0.926,0.0604,290.88,306.74,65.0,44.9,83.0,111.0,89.0,106.08,0.13,12.3,C,0
2025-03-22 14:00:00,5.62,123.2,0.4699,0.9335,0.0435,497.49,459.64,59.0,64.2,87.1,109.4,100.8,97.95,0.23,18.4,A,0
2025-03-22 15:00:00,2.3,117.2,0.5209,0.9004,0.042,226.64,226.31,65.4,51.8,79.4,108.4,90.4,103.47,0.1,9.1,A,0
2025-03-22 16:00:00,3.7,131.7,0.5633,0.88,0.0535,366.33,339.74,81.2,50.5,82.3,112.3,103.4,101.86,0.17,13.6,C,0
2025-03-22 17:00:00,3.87,103.1,0.4542,0.9035,0.0347,304.88,292.26,49.8,53.3,76.3,107.0,97.0,106.53,0.14,11.7,A,0
2025-03-22 18:00:00,4.37,103.6,0.4487,0.8992,0.0437,318.98,318.35,49.0,54.5,81.4,108.8,100.7,107.19,0.14,12.7,B,0
2025-03-22 19:00:00,3.58,90.5,0.6327,0.8845,0.0706,239.13,226.72,62.5,28.0,81.7,109.8,106.3,98.8,0.11,9.1,A,0
2025-03-22 20:00:00,3.75,103.6,0.5788,0.9077,0.0534,220.41,228.27,63.7,39.9,86.4,111.7,90.3,111.62,0.1,9.1,C,0
2025-03-22 21:00:00,3.19,124.5,0.5633,0.9191,0.0458,288.52,290.44,73.7,50.7,79.9,108.2,86.9,101.81,0.13,11.6,A,0
2025-03-22 22:00:00,3.72,129.5,0.563,0.887,0.0638,376.7,332.41,78.5,51.0,84.1,110.3,95.9,103.2,0.17,13.3,A,0
2025-03-22 23:00:00,3.23,124.4,0.5368,0.8883,0.0513,276.16,258.1,72.2,52.3,79.7,107.2,99.8,93.34,0.13,10.3,C,0
2025-03-23 00:00:00,4.0,83.1,0.6614,0.88,0.0661,232.94,237.52,60.8,22.3,82.3,110.9,91.7,104.32,0.11,9.5,B,0
2025-03-23 01:00:00,3.2,126.2,0.5035,0.88,0.0543,277.31,292.7,68.7,57.6,88.2,113.6,95.2,94.84,0.13,11.7,B,0
2025-03-23 02:00:00,3.8,82.4,0.5462,0.9061,0.0572,252.02,267.1,47.5,34.9,87.4,106.1,101.1,100.87,0.11,10.7,C,0
2025-03-23 03:00:00,3.48,123.5,0.3839,0.8842,0.0421,301.68,288.62,50.1,73.4,87.9,108.5,100.6,99.64,0.14,11.5,A,1
2025-03-23 04:00:00,4.4,104.5,0.434,0.8885,0.0479,366.58,373.55,48.0,56.5,83.2,111.7,92.1,102.7,0.17,14.9,B,0
2025-03-23 05:00:00,3.46,120.5,0.4039,0.88,0.0317,338.47,323.11,52.9,67.6,81.4,115.9,96.4,101.84,0.15,12.9,C,0
2025-03-23 06:00:00,2.08,90.0,0.6019,0.8875,0.0531,191.47,200.08,59.2,30.8,82.9,111.2,90.3,103.06,0.09,8.0,B,0
2025-03-23 07:00:00,4.51,127.6,0.2958,0.9082,0.0354,412.1,391.93,38.1,89.5,83.4,108.5,87.8,105.04,0.19,15.7,C,0
2025-03-23 08:00:00,2.78,88.0,0.4678,0.889,0.0429,203.49,220.23,44.2,43.8,83.2,109.7,101.8,98.29,0.09,8.8,B,0
2025-03-23 09:00:00,2.98,100.0,0.2605,0.88,0.0227,233.63,232.54,27.7,72.2,79.9,107.5,84.3,100.69,0.11,9.3,C,0
2025-03-23 10:00:00,3.02,95.0,0.4335,0.8805,0.037,254.77,252.24,44.7,50.4,79.7,111.6,96.0,98.76,0.12,10.1,B,0
2025-03-23 11:00:00,4.6,83.7,0.4607,0.88,0.044,305.7,283.63,41.7,42.0,80.2,112.1,93.1,98.54,0.14,11.3,C,0
2025-03-23 12:00:00,1.79,111.4,0.6108,0.8943,0.0593,216.43,227.19,73.6,37.8,85.2,112.8,97.7,107.1,0.1,9.1,A,0
2025-03-23 13:00:00,6.0,137.1,0.5317,0.88,0.0485,507.24,491.27,79.7,57.4,85.5,109.3,91.6,97.49,0.23,19.7,C,0
2025-03-23 14:00:00,4.34,150.0,0.4333,0.88,0.0381,435.19,428.3,70.4,79.6,91.6,108.4,100.7,98.83,0.2,17.1,A,0
2025-03-23 15:00:00,3.68,111.5,0.5853,0.88,0.0601,286.44,266.84,71.4,40.1,83.3,113.0,93.9,107.88,0.13,10.7,C,0
2025-03-23 16:00:00,3.46,126.8,0.5014,0.88,0.0461,354.1,335.22,69.2,57.5,79.6,112.8,102.3,100.92,0.16,13.4,A,0
2025-03-23 17:00:00,3.73,113.5,0.503,0.88,0.0473,265.67,279.88,62.1,51.4,80.6,108.0,96.1,101.11,0.12,11.2,C,0
2025-03-23 18:00:00,3.92,117.5,0.4038,0.88,0.0294,275.16,276.6,51.7,65.8,81.5,109.2,89.8,102.5,0.13,11.1,A,0
2025-03-23 19:00:00,4.02,104.9,0.4208,0.88,0.0518,260.29,261.62,46.7,58.1,86.5,111.6,97.7,97.69,0.12,10.5,C,0
2025-03-23 20:00:00,3.94,112.9,0.434,0.9105,0.0481,269.36,269.08,50.5,62.4,84.2,109.5,97.1,98.53,0.12,10.8,B,0
2025-03-23 21:00:00,3.57,118.1,0.5037,0.9038,0.0479,356.5,351.22,62.9,55.2,78.0,110.1,94.5,99.45,0.16,14.0,B,0
2025-03-23 22:00:00,3.34,101.3,0.5062,0.8989,0.0461,287.29,287.68,54.7,46.7,81.8,107.1,91.3,104.43,0.13,11.5,B,0
2025-03-23 23:00:00,3.38,108.8,0.6235,0.88,0.0624,259.74,254.42,74.7,34.1,77.6,107.8,99.3,103.31,0.12,10.2,B,0
2025-03-24 00:00:00,3.34,109.1,0.5308,0.88,0.053,284.51,292.49,63.0,46.1,83.8,109.8,90.2,99.41,0.13,11.7,C,0
2025-03-24 01:00:00,4.41,122.4,0.2834,0.8813,0.022,429.4,383.04,37.2,85.2,79.9,108.6,90.7,100.9,0.2,15.3,B,0
2025-03-24 02:00:00,3.97,94.0,0.521,0.88,0.0393,295.54,307.81,53.9,40.1,80.2,107.7,97.6,103.64,0.13,12.3,C,0
2025-03-24 03:00:00,1.5,109.2,0.384,0.88,0.0358,215.4,214.89,45.1,64.2,76.4,109.4,93.9,94.15,0.1,8.6,A,0
2025-03-24 04:00:00,4.02,138.7,0.4227,0.9095,0.0345,394.43,384.45,61.5,77.1,84.3,108.2,85.2,102.21,0.18,15.4,B,0
2025-03-24 05:00:00,3.66,127.5,0.435,0.8933,0.0444,327.28,315.89,58.7,68.8,85.6,110.1,90.2,103.57,0.15,12.6,B,0
2025-03-24 06:00:00,3.49,130.2,0.4469,0.925,0.0456,310.49,297.63,59.4,70.8,79.9,112.0,97.0,98.54,0.14,11.9,B,0
2025-03-24 07:00:00,3.19,110.4,0.39,0.88,0.0341,281.72,295.72,46.4,63.9,81.5,109.4,93.7,103.25,0.13,11.8,B,0
2025-03-24 08:00:00,4.4,114.8,0.5163,0.895,0.049,388.97,382.91,63.4,51.4,80.6,109.1,94.5,101.35,0.18,15.3,C,0
2025-03-24 09:00:00,4.26,125.0,0.3871,0.8948,0.0475,381.97,363.72,50.1,74.9,81.3,112.1,96.3,106.73,0.17,14.5,B,0
2025-03-24 10:00:00,2.88,133.4,0.5285,0.88,0.0567,299.64,316.92,76.5,57.0,79.5,111.5,97.3,99.73,0.14,12.7,B,0
2025-03-24 11:00:00,3.83,80.7,0.679,0.88,0.0656,269.25,280.08,60.8,19.9,78.7,111.6,95.6,103.07,0.12,11.2,C,0
2025-03-24 12:00:00,2.72,90.3,0.3937,0.9042,0.0508,226.91,225.1,36.3,54.0,86.1,105.0,78.4,96.89,0.1,9.0,A,0
2025-03-24 13:00:00,2.4,129.6,0.4772,0.9024,0.0417,267.65,241.79,65.6,64.0,74.1,109.1,94.7,101.53,0.12,9.7,C,0
2025-03-24 14:00:00,3.0,105.8,0.2981,0.88,0.0257,245.4,249.7,33.7,72.1,83.5,108.9,92.4,103.75,0.11,10.0,A,0
2025-03-24 15:00:00,4.19,99.9,0.4759,0.9179,0.047,302.7,315.09,49.2,50.7,82.8,108.3,95.2,99.72,0.14,12.6,A,0
2025-03-24 16:00:00,4.26,91.2,0.5514,0.9422,0.0475,301.28,303.91,51.4,39.8,87.0,112.1,100.3,104.66,0.14,12.2,C,0
2025-03-24 17:00:00,3.91,101.7,0.5577,0.908,0.0647,280.16,296.87,59.4,42.2,81.3,108.9,89.6,104.06,0.13,11.9,B,0
2025-03-24 18:00:00,4.08,89.0,0.5062,0.9031,0.0515,248.1,244.57,47.5,41.5,80.9,107.2,95.4,101.73,0.11,9.8,C,0
2025-03-24 19:00:00,3.91,141.4,0.5711,0.9316,0.0532,380.59,361.6,83.4,58.0,79.6,110.5,97.4,100.49,0.17,14.5,B,0
2025-03-24 20:00:00,2.99,109.7,0.7037,0.9455,0.0726,267.53,266.34,79.3,30.4,83.1,110.0,93.5,92.05,0.12,10.7,C,0
2025-03-24 21:00:00,3.85,109.1,0.637,0.8988,0.0644,350.44,341.47,74.9,34.2,79.9,108.2,88.5,99.35,0.16,13.7,A,0
2025-03-24 22:00:00,4.14,118.8,0.4582,0.88,0.0443,319.96,322.4,58.8,60.0,78.6,112.0,89.0,104.6,0.15,12.9,C,0
2025-03-24 23:00:00,4.1,124.4,0.3839,0.8955,0.0323,374.72,384.51,50.7,73.8,79.8,111.1,94.8,100.48,0.17,15.4,A,0
2025-03-25 00:00:00,4.45,124.2,0.4675,0.9002,0.0396,379.09,391.91,61.7,62.4,79.2,111.1,91.9,102.66,0.17,15.7,C,0
2025-03-25 01:00:00,4.07,126.1,0.4242,0.88,0.0534,362.18,373.51,56.6,69.5,79.0,111.0,85.4,99.91,0.16,14.9,C,1
2025-03-25 02:00:00,3.78,100.5,0.5361,0.88,0.0468,327.34,327.55,59.0,41.5,82.3,112.2,91.0,97.02,0.15,13.1,B,0
2025-03-25 03:00:00,4.36,105.5,0.4055,0.9276,0.049,334.92,319.81,42.8,62.7,81.4,109.7,88.5,103.54,0.15,12.8,C,0
2025-03-25 04:00:00,3.48,121.5,0.4942,0.88,0.0452,297.3,295.56,65.4,56.2,83.6,107.5,98.7,97.62,0.14,11.8,B,0
2025-03-25 05:00:00,2.79,102.1,0.567,0.88,0.0607,260.9,269.03,63.1,39.0,82.4,109.6,87.6,100.51,0.12,10.8,C,0
2025-03-25 06:00:00,3.37,109.9,0.4919,0.8853,0.0515,309.74,305.05,58.1,51.9,78.4,106.7,102.1,102.39,0.14,12.2,A,0
2025-03-25 07:00:00,2.9,116.0,0.4243,0.8886,0.0458,253.73,245.82,52.1,63.9,75.6,107.9,105.8,99.27,0.12,9.8,C,0
2025-03-25 08:00:00,2.96,121.8,0.594,0.88,0.0631,262.35,257.84,79.1,42.6,78.8,113.2,91.3,106.01,0.12,10.3,B,0
2025-03-25 09:00:00,3.38,83.3,0.3497,0.8918,0.0269,240.19,253.02,31.1,52.2,84.3,107.8,91.9,107.22,0.11,10.1,B,0
2025-03-25 10:00:00,2.87,120.7,0.4738,0.9312,0.044,282.59,277.24,58.5,62.2,84.2,107.7,99.7,98.87,0.13,11.1,C,0
2025-03-25 11:00:00,3.25,106.5,0.4967,0.888,0.0428,265.83,266.23,57.2,49.3,85.0,111.3,100.4,98.99,0.12,10.6,A,0
2025-03-25 12:00:00,1.99,120.6,0.5013,0.9015,0.0511,249.04,250.85,63.8,56.8,84.5,111.7,92.5,99.98,0.11,10.0,C,0
2025-03-25 13:00:00,3.67,121.7,0.5144,0.88,0.0448,317.27,297.65,68.4,53.2,85.3,106.7,92.8,104.76,0.14,11.9,B,0
2025-03-25 14:00:00,3.5,134.1,0.5488,0.88,0.045,364.56,347.22,80.9,53.2,83.2,110.5,92.8,102.76,0.17,13.9,C,0
2025-03-25 15:00:00,2.85,130.3,0.4972,0.9029,0.0485,330.03,314.1,68.4,61.9,87.4,108.9,90.7,103.55,0.15,12.6,B,0
2025-03-25 16:00:00,4.03,130.2,0.4706,0.9045,0.036,366.18,340.49,65.1,65.1,82.9,110.7,99.6,105.25,0.17,13.6,C,0
2025-03-25 17:00:00,4.25,131.7,0.4674,0.88,0.048,332.38,307.58,66.4,65.3,88.0,109.4,95.8,98.58,0.15,12.3,B,0
2025-03-25 18:00:00,2.21,114.4,0.4511,0.88,0.0388,226.38,231.46,56.1,58.3,80.1,107.3,91.4,102.81,0.1,9.3,C,0
2025-03-25 19:00:00,2.89,110.5,0.563,0.9277,0.0521,268.95,275.67,64.5,46.0,80.0,109.0,95.3,101.45,0.12,11.0,C,0
2025-03-25 20:00:00,2.88,123.1,0.4483,0.88,0.0334,313.07,321.02,60.3,62.8,81.4,111.3,93.1,102.59,0.14,12.8,C,0
2025-03-25 21:00:00,2.75,121.0,0.5677,0.911,0.065,264.91,249.48,71.9,49.1,81.9,113.9,107.5,104.75,0.12,10.0,A,0
2025-03-25 22:00:00,4.16,105.4,0.5015,0.88,0.0428,368.9,378.75,57.7,47.6,81.0,110.8,93.8,100.84,0.17,15.2,B,0
2025-03-25 23:00:00,3.34,116.1,0.4583,0.8859,0.044,269.41,272.35,57.1,59.0,83.6,109.2,98.7,99.21,0.12,10.9,A,0
2025-03-26 00:00:00,3.29,109.5,0.5495,0.8989,0.046,288.59,271.47,64.6,44.9,81.7,107.6,97.2,98.15,0.13,10.9,A,0
2025-03-26 01:00:00,1.9,97.2,0.4418,0.88,0.04,187.41,196.08,46.5,50.7,80.2,109.7,94.2,106.56,0.09,7.8,A,0
2025-03-26 02:00:00,4.01,129.4,0.5511,0.88,0.0639,417.57,361.62,77.2,52.1,80.8,109.2,97.2,101.17,0.19,14.5,C,0
2025-03-26 03:00:00,2.51,110.8,0.517,0.8975,0.0532,215.77,208.54,60.9,49.9,85.7,110.6,96.1,97.2,0.1,8.3,B,0
2025-03-26 04:00:00,3.55,140.7,0.4523,0.88,0.0416,383.64,394.16,68.9,71.8,83.0,109.9,107.4,105.45,0.17,15.8,B,0
2025-03-26 05:00:00,3.72,85.6,0.5423,0.9213,0.0541,247.2,242.77,48.2,37.4,77.0,111.0,94.5,96.17,0.11,9.7,A,0
2025-03-26 06:00:00,4.59,101.6,0.5437,0.88,0.0516,377.46,369.46,60.4,41.3,86.5,109.3,82.0,96.65,0.17,14.8,A,0
2025-03-26 07:00:00,2.45,110.5,0.5926,0.9141,0.0588,224.95,230.15,69.0,41.5,83.3,113.4,105.9,100.35,0.1,9.2,A,0
2025-03-26 08:00:00,1.5,127.1,0.5773,0.88,0.0614,215.42,223.27,80.1,47.0,83.9,111.2,92.5,99.66,0.1,8.9,A,0
2025-03-26 09:00:00,3.65,116.0,0.5393,0.88,0.0523,296.92,297.03,68.2,47.7,84.8,108.6,95.4,102.24,0.13,11.9,B,0
2025-03-26 10:00:00,4.94,114.7,0.4098,0.88,0.0421,396.96,342.26,50.3,64.3,84.9,112.0,92.3,95.52,0.18,13.7,A,0
2025-03-26 11:00:00,4.49,93.1,0.6959,0.9593,0.0708,296.15,308.32,65.5,27.6,79.2,107.7,92.0,102.28,0.13,12.3,C,0
2025-03-26 12:00:00,3.67,92.6,0.3877,0.88,0.0371,257.89,258.13,38.5,54.1,78.8,108.3,89.4,105.14,0.12,10.3,A,0
2025-03-26 13:00:00,3.11,114.8,0.5759,0.8855,0.0539,238.94,237.98,72.1,42.7,89.2,108.4,85.0,98.35,0.11,9.5,B,0
2025-03-26 14:00:00,4.15,89.5,0.5345,0.88,0.0508,289.92,292.2,52.2,37.3,79.9,112.7,91.4,100.16,0.13,11.7,C,0
2025-03-26 15:00:00,2.72,102.0,0.4061,0.944,0.0441,219.28,219.67,41.0,61.0,83.1,109.6,97.6,98.9,0.1,8.8,B,0
2025-03-26 16:00:00,3.88,117.5,0.4901,0.9105,0.0529,304.77,301.75,59.9,57.6,86.9,108.7,86.8,102.26,0.14,12.1,C,0
2025-03-26 17:00:00,3.9,95.3,0.4937,0.8904,0.0437,247.28,248.45,50.6,44.6,80.7,110.3,97.5,98.07,0.11,9.9,A,0
2025-03-26 18:00:00,4.35,134.1,0.6044,0.9245,0.0591,370.68,366.28,84.5,49.6,80.9,111.1,106.6,97.7,0.17,14.7,C,0
2025-03-26 19:00:00,5.71,128.4,0.4429,0.8917,0.0405,502.04,462.17,60.7,67.7,84.8,113.2,96.4,100.85,0.23,18.5,B,0
2025-03-26 20:00:00,3.81,86.4,0.479,0.8928,0.0519,267.42,255.6,43.9,42.5,82.6,107.0,88.1,102.31,0.12,10.2,C,0
2025-03-26 21:00:00,3.09,96.0,0.3131,0.8947,0.029,259.53,264.59,31.5,64.5,83.5,112.5,97.0,101.75,0.12,10.6,C,0
2025-03-26 22:00:00,3.48,75.7,0.6388,0.9006,0.0749,202.16,209.52,51.7,24.0,81.8,105.9,99.8,99.98,0.09,8.4,C,0
2025-03-26 23:00:00,2.08,98.3,0.4144,0.88,0.0425,204.81,198.24,43.6,54.6,80.4,111.8,101.5,103.3,0.09,7.9,B,0
2025-03-27 00:00:00,2.94,121.5,0.5262,0.88,0.0585,274.86,275.94,69.2,52.3,81.0,112.3,95.9,101.99,0.12,11.0,C,0
2025-03-27 01:00:00,3.17,103.8,0.4919,0.9057,0.0441,287.21,277.57,53.9,49.9,85.6,112.4,98.0,97.79,0.13,11.1,C,0
2025-03-27 02:00:00,3.08,116.9,0.4922,0.8973,0.0493,298.71,298.29,61.1,55.9,81.1,111.1,99.3,93.27,0.14,11.9,A,0
2025-03-27 03:00:00,3.62,87.2,0.5648,0.9015,0.0596,238.21,233.82,52.3,34.9,83.3,107.9,98.0,102.86,0.11,9.4,C,0
2025-03-27 04:00:00,2.84,122.0,0.6337,0.88,0.0582,308.69,286.56,85.4,36.6,79.1,111.5,96.6,100.53,0.14,11.5,A,0
2025-03-27 05:00:00,4.4,101.7,0.5201,0.9042,0.0521,338.28,344.5,55.8,45.8,88.1,107.9,91.8,97.97,0.15,13.8,C,0
2025-03-27 06:00:00,3.5,110.2,0.5524,0.88,0.0605,263.53,273.45,66.1,44.0,83.0,108.1,99.8,106.18,0.12,10.9,B,0
2025-03-27 07:00:00,3.49,108.6,0.5263,0.9174,0.051,253.18,255.13,59.6,49.0,83.0,109.1,92.3,106.14,0.12,10.2,C,0
2025-03-27 08:00:00,3.24,90.9,0.5814,0.88,0.0539,216.7,228.22,58.1,32.9,84.8,109.3,108.0,105.12,0.1,9.1,C,0
2025-03-27 09:00:00,3.62,92.7,0.463,0.88,0.0553,299.69,305.06,45.8,46.9,80.6,110.5,91.8,101.98,0.14,12.2,A,0
2025-03-27 10:00:00,4.16,124.5,0.586,0.926,0.0527,338.64,327.69,76.0,48.5,85.6,108.6,99.0,91.81,0.15,13.1,B,0
2025-03-27 11:00:00,2.81,116.0,0.5888,0.88,0.0597,312.15,289.29,74.8,41.2,77.5,110.7,88.6,104.83,0.14,11.6,A,0
2025-03-27 12:00:00,2.97,125.8,0.5866,0.9298,0.0551,273.17,275.67,76.4,49.3,80.2,107.3,92.6,98.54,0.12,11.0,A,0
2025-03-27 13:00:00,3.26,114.9,0.4472,0.88,0.04,265.8,277.25,55.7,59.2,79.6,110.1,92.1,99.62,0.12,11.1,B,0
2025-03-27 14:00:00,2.42,112.1,0.4865,0.8906,0.0524,258.84,266.54,58.1,54.1,76.4,109.5,88.2,104.0,0.12,10.7,B,0
2025-03-27 15:00:00,2.84,84.1,0.5192,0.88,0.0509,226.65,233.22,47.5,36.6,80.4,112.0,92.1,107.4,0.1,9.3,C,0
2025-03-27 16:00:00,3.12,105.9,0.3903,0.88,0.0411,280.32,285.01,44.1,61.8,81.8,112.2,96.8,105.92,0.13,11.4,A,0
2025-03-27 17:00:00,4.2,109.6,0.6276,0.88,0.0515,354.17,337.68,76.2,33.4,78.7,109.7,93.8,101.82,0.16,13.5,A,0
2025-03-27 18:00:00,3.71,139.3,0.499,0.8884,0.0524,351.75,354.6,74.4,64.9,78.3,106.1,101.0,103.52,0.16,14.2,B,0
2025-03-27 19:00:00,3.65,120.3,0.5227,0.8948,0.0487,353.32,360.56,67.4,52.9,82.1,107.1,90.3,97.98,0.16,14.4,C,0
2025-03-27 20:00:00,4.18,133.0,0.4538,0.88,0.036,402.89,360.27,65.9,67.2,81.8,112.2,98.5,96.43,0.18,14.4,B,0
2025-03-27 21:00:00,3.39,119.0,0.3938,0.908,0.0488,301.59,310.66,47.8,71.2,81.2,109.7,92.0,104.54,0.14,12.4,C,0
2025-03-27 22:00:00,3.81,99.3,0.4517,0.88,0.0482,291.27,315.27,48.2,51.1,78.2,113.5,100.6,102.27,0.13,12.6,C,0
2025-03-27 23:00:00,3.42,111.8,0.5175,0.8956,0.0529,323.02,321.78,61.6,50.1,80.8,111.8,98.9,96.96,0.15,12.9,C,0
2025-03-28 00:00:00,3.71,113.5,0.5539,0.9052,0.0616,328.01,332.52,66.3,47.3,80.0,110.5,100.1,101.16,0.15,13.3,A,0
2025-03-28 01:00:00,3.03,95.9,0.5129,0.9063,0.0525,201.7,205.9,51.7,44.2,82.3,110.3,94.2,103.15,0.09,8.2,B,0
2025-03-28 02:00:00,1.55,104.2,0.5277,0.8808,0.0488,194.68,201.31,60.0,44.2,80.3,107.7,101.6,104.02,0.09,8.1,C,0
2025-03-28 03:00:00,3.39,106.9,0.473,0.88,0.0464,303.94,295.64,54.7,52.2,81.9,108.7,86.7,103.18,0.14,11.8,B,0
2025-03-28 04:00:00,4.64,134.1,0.5397,0.88,0.0506,413.67,384.54,79.1,55.0,78.1,110.8,97.2,100.21,0.19,15.4,C,0
2025-03-28 05:00:00,4.24,78.8,0.6186,0.88,0.0594,258.88,245.61,53.7,25.1,77.8,109.3,95.7,98.76,0.12,9.8,A,0
2025-03-28 06:00:00,4.27,128.1,0.5564,0.88,0.0493,391.47,369.87,78.2,49.9,83.7,110.9,99.2,101.65,0.18,14.8,B,0
2025-03-28 07:00:00,4.49,95.9,0.5648,0.88,0.0516,261.2,271.31,59.4,36.5,84.3,112.1,94.6,103.71,0.12,10.9,A,0
2025-03-28 08:00:00,3.57,89.4,0.5235,0.933,0.0568,246.15,235.65,47.6,41.8,80.8,109.6,90.1,104.02,0.11,9.4,C,0
2025-03-28 09:00:00,3.66,127.7,0.3797,0.88,0.0396,336.61,328.68,51.7,76.0,82.1,109.1,89.5,106.04,0.15,13.1,A,0
2025-03-28 10:00:00,3.01,121.0,0.4164,0.8952,0.0391,288.47,287.02,53.3,67.7,80.7,108.2,94.9,101.41,0.13,11.5,A,0
2025-03-28 11:00:00,3.25,128.8,0.5364,0.8926,0.0485,309.17,298.83,74.5,54.4,85.3,111.7,93.7,97.97,0.14,12.0,B,0
2025-03-28 12:00:00,3.99,122.0,0.4991,0.88,0.0479,374.76,366.46,66.2,55.8,81.4,111.5,99.3,104.56,0.17,14.7,C,0
2025-03-28 13:00:00,4.46,140.9,0.5352,0.9107,0.0451,403.73,390.08,79.8,61.1,80.5,114.4,99.8,101.55,0.18,15.6,C,0
2025-03-28 14:00:00,3.39,118.4,0.6341,0.9481,0.064,333.39,318.11,76.3,42.0,84.9,110.4,95.2,97.45,0.15,12.7,A,0
2025-03-28 15:00:00,3.14,107.7,0.5581,0.8991,0.0605,286.55,296.49,63.9,43.8,79.7,109.8,95.1,103.17,0.13,11.9,B,0
2025-03-28 16:00:00,3.5,115.1,0.6007,0.8831,0.0719,344.35,340.9,75.1,40.1,82.5,110.9,100.3,105.54,0.16,13.6,B,0
2025-03-28 17:00:00,3.98,128.7,0.5076,0.9053,0.0452,425.96,430.55,69.2,59.5,78.9,109.4,93.8,102.45,0.19,17.2,B,0
2025-03-28 18:00:00,2.34,98.3,0.4354,0.9081,0.0481,243.03,245.89,44.3,54.0,84.0,108.2,94.0,105.57,0.11,9.8,A,0
2025-03-28 19:00:00,1.66,100.2,0.4954,0.8923,0.046,167.63,180.19,53.2,47.0,84.4,110.2,88.4,99.85,0.08,7.2,C,0
2025-03-28 20:00:00,3.06,105.4,0.4356,0.88,0.0379,271.23,268.14,49.8,55.6,78.1,110.9,99.4,99.12,0.12,10.7,C,0
2025-03-28 21:00:00,2.52,78.4,0.6247,0.88,0.0568,178.26,200.44,54.1,24.3,77.7,111.0,94.6,103.86,0.08,8.0,B,0
2025-03-28 22:00:00,3.09,112.1,0.5632,0.88,0.057,354.62,339.19,68.9,43.1,82.9,110.9,100.7,100.24,0.16,13.6,B,0
2025-03-28 23:00:00,3.38,81.7,0.5416,0.88,0.0495,240.01,243.11,48.4,33.3,87.8,112.1,89.0,104.92,0.11,9.7,B,0
2025-03-29 00:00:00,3.14,110.8,0.5989,0.922,0.0569,311.67,330.89,69.4,41.4,84.7,111.0,92.5,101.81,0.14,13.2,A,0
2025-03-29 01:00:00,4.66,123.0,0.3384,0.88,0.0316,413.31,367.7,44.5,78.5,81.4,110.5,99.7,104.96,0.19,14.7,B,0
2025-03-29 02:00:00,3.76,102.8,0.5471,0.88,0.051,230.32,239.26,61.5,41.3,79.4,107.5,96.6,103.19,0.1,9.6,C,0
2025-03-29 03:00:00,3.74,135.2,0.3951,0.8968,0.0355,345.25,332.56,56.4,78.7,78.4,110.5,89.1,98.6,0.16,13.3,B,0
2025-03-29 04:00:00,4.0,88.1,0.4994,0.88,0.0378,255.04,254.07,48.3,39.8,84.2,109.7,99.6,95.33,0.12,10.2,A,0
2025-03-29 05:00:00,2.59,127.9,0.4751,0.9349,0.0479,270.5,258.97,61.6,66.3,84.8,107.8,88.5,103.65,0.12,10.4,C,0
2025-03-29 06:00:00,4.33,120.1,0.5529,0.9378,0.0556,381.73,353.7,67.7,52.4,80.1,111.0,99.1,103.0,0.17,14.1,C,0
2025-03-29 07:00:00,3.44,84.3,0.5183,0.9136,0.0478,246.41,245.17,45.8,38.5,81.3,111.0,90.1,98.25,0.11,9.8,B,0
2025-03-29 08:00:00,4.04,150.7,0.6076,0.9351,0.0626,329.72,327.21,94.1,56.6,82.1,110.9,101.1,103.7,0.15,13.1,A,0
2025-03-29 09:00:00,2.64,109.0,0.4518,0.884,0.0522,243.89,256.14,52.4,56.6,87.4,111.1,95.6,105.47,0.11,10.2,C,0
2025-03-29 10:00:00,2.26,96.8,0.5567,0.9001,0.0558,200.04,194.91,57.5,39.4,82.2,110.2,96.7,99.18,0.09,7.8,A,0
2025-03-29 11:00:00,4.15,88.9,0.513,0.88,0.0579,310.73,288.25,49.2,39.7,79.1,109.5,94.6,95.5,0.14,11.5,A,0
2025-03-29 12:00:00,3.8,106.7,0.3692,0.88,0.0481,321.31,320.59,41.2,65.5,78.5,113.5,95.4,104.21,0.15,12.8,C,1
2025-03-29 13:00:00,2.78,108.1,0.4265,0.88,0.0553,250.46,259.62,48.7,59.4,79.3,110.3,95.4,105.12,0.11,10.4,C,0
2025-03-29 14:00:00,2.8,111.5,0.488,0.882,0.0429,266.91,250.27,59.2,52.4,85.8,104.9,98.5,99.1,0.12,10.0,A,0
2025-03-29 15:00:00,4.4,105.5,0.589,0.8837,0.053,286.88,294.51,68.1,37.4,83.5,105.1,94.7,103.62,0.13,11.8,B,0
2025-03-29 16:00:00,2.55,119.5,0.5371,0.8898,0.0515,276.04,274.47,69.2,50.3,81.0,112.4,102.3,102.29,0.13,11.0,C,0
2025-03-29 17:00:00,4.81,104.2,0.4066,0.88,0.0413,340.89,340.58,45.4,58.8,73.2,106.3,91.3,100.97,0.15,13.6,B,0
2025-03-29 18:00:00,2.78,81.0,0.4888,0.8952,0.0568,190.67,195.17,41.7,39.3,79.4,108.9,99.3,103.04,0.09,7.8,C,0
2025-03-29 19:00:00,4.01,107.8,0.6614,0.88,0.0693,355.46,321.14,78.7,29.1,83.0,107.6,97.8,99.79,0.16,12.8,B,0
2025-03-29 20:00:00,3.24,74.5,0.5089,0.88,0.0449,212.12,217.52,41.4,33.1,83.1,109.4,101.2,98.0,0.1,8.7,C,0
2025-03-29 21:00:00,3.98,115.3,0.4738,0.9017,0.0443,318.15,306.85,57.8,57.5,83.0,110.8,95.6,102.52,0.14,12.3,B,0
2025-03-29 22:00:00,3.06,95.3,0.5393,0.9203,0.0537,232.0,234.04,53.4,41.9,78.0,108.7,96.6,102.1,0.11,9.4,A,0
2025-03-29 23:00:00,3.37,112.5,0.5611,0.8875,0.0487,304.68,293.93,68.7,43.8,82.5,108.4,96.6,93.66,0.14,11.8,C,0
2025-03-30 00:00:00,3.53,129.7,0.4635,0.8917,0.0464,352.44,364.94,64.0,65.7,79.1,111.5,88.9,97.76,0.16,14.6,B,0
2025-03-30 01:00:00,2.7,95.8,0.5402,0.888,0.0481,227.61,217.03,56.1,39.7,82.0,115.3,97.0,99.28,0.1,8.7,A,0
2025-03-30 02:00:00,4.09,125.9,0.4737,0.88,0.0391,332.05,310.32,65.1,60.8,79.7,111.1,111.3,102.87,0.15,12.4,B,0
2025-03-30 03:00:00,3.09,103.5,0.5575,0.88,0.051,239.29,239.14,63.2,40.3,85.2,108.2,103.0,96.73,0.11,9.6,C,0
2025-03-30 04:00:00,3.32,136.3,0.5136,0.88,0.0534,322.19,314.19,75.9,60.4,83.0,111.7,91.1,100.34,0.15,12.6,A,0
2025-03-30 05:00:00,2.7,104.5,0.5386,0.9053,0.0559,239.81,251.08,59.4,45.1,81.6,113.5,86.0,107.11,0.11,10.0,A,0
2025-03-30 06:00:00,1.5,97.4,0.4393,0.88,0.0444,171.24,191.85,46.0,51.4,86.1,112.1,95.3,101.5,0.08,7.7,C,0
2025-03-30 07:00:00,3.35,120.3,0.4343,0.88,0.0484,307.32,315.28,55.8,64.5,80.9,106.9,100.4,101.69,0.14,12.6,B,0
2025-03-30 08:00:00,5.43,103.5,0.5756,0.9425,0.062,378.84,369.76,60.4,43.1,77.8,111.1,94.8,101.12,0.17,14.8,C,0
2025-03-30 09:00:00,4.13,97.4,0.4936,0.9094,0.0504,346.63,309.15,50.2,47.1,85.2,109.1,104.4,104.25,0.16,12.4,B,0
2025-03-30 10:00:00,3.48,102.8,0.5228,0.9077,0.0526,300.16,273.91,56.5,46.3,82.8,110.1,91.1,101.43,0.14,11.0,C,0
2025-03-30 11:00:00,3.29,109.3,0.4755,0.88,0.0482,312.36,320.74,56.2,53.2,81.0,109.3,96.1,100.64,0.14,12.8,C,0
2025-03-30 12:00:00,3.52,130.1,0.5719,0.88,0.0565,357.62,360.43,81.4,48.7,80.1,111.5,94.5,101.76,0.16,14.4,C,0
2025-03-30 13:00:00,3.94,81.0,0.4514,0.8833,0.0343,251.4,260.48,39.8,41.2,83.5,109.3,98.7,105.28,0.11,10.4,B,0
2025-03-30 14:00:00,2.56,110.3,0.4892,0.9094,0.0546,254.2,247.21,56.1,54.2,84.4,112.8,99.0,102.51,0.12,9.9,B,0
2025-03-30 15:00:00,4.39,119.4,0.5629,0.9286,0.0583,379.07,357.01,69.2,50.2,79.7,110.0,100.9,101.47,0.17,14.3,B,0
2025-03-30 16:00:00,4.07,112.9,0.5938,0.886,0.0533,359.47,339.46,73.3,39.6,83.7,109.6,94.4,104.83,0.16,13.6,A,0
2025-03-30 17:00:00,4.07,129.6,0.4581,0.88,0.0529,346.87,319.74,63.5,66.1,82.8,111.1,101.3,99.73,0.16,12.8,A,0
2025-03-30 18:00:00,3.85,108.9,0.6568,0.9184,0.0627,333.23,326.91,75.6,33.3,79.5,110.7,96.7,91.69,0.15,13.1,B,0
2025-03-30 19:00:00,3.52,107.2,0.5251,0.88,0.052,296.16,318.86,61.3,46.0,82.0,111.2,101.8,102.64,0.13,12.8,B,0
2025-03-30 20:00:00,4.04,118.9,0.4166,0.9156,0.0468,295.37,284.84,50.6,68.3,80.4,109.7,102.5,102.61,0.13,11.4,A,0
2025-03-30 21:00:00,3.97,111.5,0.5295,0.88,0.0541,329.62,338.34,64.2,47.3,85.7,112.7,95.1,99.43,0.15,13.5,C,0
2025-03-30 22:00:00,3.22,104.1,0.4694,0.8961,0.0536,240.89,235.7,51.4,52.8,80.1,112.0,91.6,100.49,0.11,9.4,C,0
2025-03-30 23:00:00,3.04,117.7,0.5347,0.88,0.0517,275.18,255.93,68.7,49.1,86.5,110.0,96.0,105.07,0.13,10.2,B,0
2025-03-31 00:00:00,3.58,100.2,0.4966,0.9104,0.0581,275.91,286.1,51.6,48.7,82.4,111.6,100.0,102.66,0.13,11.4,C,0
2025-03-31 01:00:00,4.74,100.8,0.5059,0.9065,0.0467,295.74,288.63,53.9,47.0,76.8,109.5,87.5,105.72,0.13,11.5,B,0
2025-03-31 02:00:00,2.51,102.1,0.4271,0.88,0.0493,228.12,246.23,46.4,55.7,75.5,111.1,92.5,102.11,0.1,9.8,A,0
2025-03-31 03:00:00,2.33,130.3,0.5792,0.88,0.0466,268.16,284.7,83.3,47.0,81.4,111.7,98.4,100.84,0.12,11.4,B,0
2025-03-31 04:00:00,3.63,61.7,0.4075,0.88,0.0353,203.64,210.69,27.2,34.5,86.0,110.5,82.1,103.42,0.09,8.4,A,0
2025-03-31 05:00:00,3.54,115.9,0.4113,0.88,0.0426,301.27,313.27,51.0,64.9,85.7,108.4,89.8,102.4,0.14,12.5,C,0
2025-03-31 06:00:00,3.64,110.5,0.5294,0.88,0.0509,313.35,294.68,63.8,46.7,82.5,107.6,91.9,102.62,0.14,11.8,B,0
2025-03-31 07:00:00,3.7,84.8,0.6282,0.9425,0.0624,247.15,240.71,54.5,30.3,79.8,110.6,94.6,100.61,0.11,9.6,B,0
2025-03-31 08:00:00,3.32,114.6,0.4718,0.89,0.0474,287.36,297.35,57.7,56.9,80.7,108.6,93.4,99.58,0.13,11.9,B,0
2025-03-31 09:00:00,4.69,117.1,0.5561,0.88,0.0497,327.67,296.97,71.4,45.7,82.6,112.1,93.5,99.7,0.15,11.9,A,0
2025-03-31 10:00:00,2.22,118.8,0.5859,0.9105,0.053,239.16,243.27,73.9,45.0,85.3,107.0,88.3,102.86,0.11,9.7,C,0
2025-03-31 11:00:00,2.84,70.2,0.5652,0.88,0.0577,194.76,215.89,43.3,26.9,83.7,112.6,103.8,103.25,0.09,8.6,B,0
2025-03-31 12:00:00,3.42,130.5,0.4751,0.8912,0.0442,311.31,322.04,66.4,64.1,84.9,110.1,92.0,93.41,0.14,12.9,C,0
2025-03-31 13:00:00,2.19,98.9,0.4127,0.88,0.048,204.14,209.77,43.4,55.6,83.9,108.3,85.5,99.1,0.09,8.4,A,0
2025-03-31 14:00:00,3.36,120.3,0.3234,0.88,0.0314,310.36,317.12,41.4,78.9,84.8,109.1,100.7,96.53,0.14,12.7,C,0
2025-03-31 15:00:00,4.83,121.1,0.479,0.88,0.0515,441.92,394.54,62.5,58.6,75.2,109.6,91.1,99.81,0.2,15.8,B,0
2025-03-31 16:00:00,3.52,96.8,0.5942,0.88,0.0616,269.38,261.33,63.0,33.8,79.3,111.0,88.9,99.49,0.12,10.5,B,0
2025-03-31 17:00:00,3.68,119.9,0.4101,0.9151,0.038,338.95,331.42,50.9,69.0,78.7,107.5,98.4,101.74,0.15,13.3,A,0
2025-03-31 18:00:00,2.49,104.2,0.556,0.9061,0.0457,231.8,240.75,61.8,42.4,78.4,108.1,92.4,101.86,0.11,9.6,C,0
2025-03-31 19:00:00,3.01,78.9,0.424,0.88,0.0483,200.35,201.37,35.7,43.3,82.0,109.4,95.8,107.69,0.09,8.1,B,0
2025-03-31 20:00:00,3.2,127.5,0.5085,0.88,0.046,287.4,307.03,70.7,56.8,77.7,109.9,91.8,102.42,0.13,12.3,A,0
2025-03-31 21:00:00,3.25,98.4,0.5566,0.916,0.0536,252.89,234.78,57.4,41.0,79.2,111.4,92.7,103.22,0.11,9.4,C,0
2025-03-31 22:00:00,4.53,97.2,0.4472,0.895,0.044,329.04,320.44,46.1,51.1,81.7,110.5,90.0,97.03,0.15,12.8,B,0
2025-03-31 23:00:00,3.95,104.0,0.5136,0.8815,0.0511,310.25,306.3,57.9,46.1,77.2,109.2,88.9,100.3,0.14,12.3,A,0
2025-04-01 00:00:00,2.61,114.1,0.4668,0.918,0.0515,286.44,262.21,54.7,59.4,80.5,110.5,112.4,98.05,0.13,10.5,A,0
2025-04-01 01:00:00,3.7,109.1,0.5564,0.9244,0.0557,330.57,339.59,62.9,46.2,83.9,110.3,90.9,103.1,0.15,13.6,A,0
2025-04-01 02:00:00,3.9,118.2,0.5188,0.9129,0.0512,375.48,347.34,64.2,54.1,78.3,109.5,87.7,101.46,0.17,13.9,A,1
2025-04-01 03:00:00,4.41,89.9,0.5045,0.8846,0.0555,243.85,248.29,48.7,41.2,84.4,110.2,100.7,100.28,0.11,9.9,A,0
2025-04-01 04:00:00,4.76,98.9,0.6247,0.88,0.0655,379.95,368.26,67.9,31.0,79.6,105.7,96.3,104.17,0.17,14.7,C,0
2025-04-01 05:00:00,2.69,108.3,0.553,0.9203,0.0516,254.95,240.95,62.5,45.8,82.8,111.9,95.1,100.49,0.12,9.6,B,0
2025-04-01 06:00:00,2.85,138.5,0.4448,0.88,0.0387,327.55,303.49,66.8,71.6,78.7,111.1,92.6,105.3,0.15,12.1,C,0
2025-04-01 07:00:00,2.49,108.3,0.4931,0.9255,0.0452,256.14,274.73,55.1,53.2,83.4,113.0,93.0,105.26,0.12,11.0,A,0
2025-04-01 08:00:00,3.31,126.3,0.4939,0.8912,0.0491,322.89,313.55,66.7,59.6,81.1,108.4,93.5,99.39,0.15,12.5,B,0
2025-04-01 09:00:00,3.87,110.6,0.5064,0.88,0.0444,290.59,253.69,61.1,49.4,83.4,111.1,100.7,104.64,0.13,10.1,A,0
2025-04-01 10:00:00,4.29,102.7,0.702,0.88,0.0706,361.09,342.29,80.1,22.6,80.4,106.2,93.8,101.64,0.16,13.7,A,0
2025-04-01 11:00:00,3.44,106.3,0.5297,0.88,0.0523,267.82,267.27,61.3,45.0,83.7,106.5,100.7,100.12,0.12,10.7,B,0
2025-04-01 12:00:00,3.24,107.5,0.3371,0.8853,0.021,255.58,259.63,39.3,68.2,84.5,109.5,94.7,102.48,0.12,10.4,C,0
2025-04-01 13:00:00,3.62,119.1,0.4566,0.8842,0.0386,318.65,283.79,58.8,60.2,82.4,108.8,94.0,96.54,0.14,11.4,B,0
2025-04-01 14:00:00,2.83,130.6,0.3454,0.88,0.0201,290.6,286.65,49.4,81.2,80.6,112.1,89.9,99.69,0.13,11.5,C,0
2025-04-01 15:00:00,5.17,115.4,0.4736,0.88,0.0456,406.22,370.91,59.2,56.2,81.3,112.4,105.7,102.55,0.18,14.8,A,0
2025-04-01 16:00:00,2.21,127.8,0.341,0.88,0.0395,253.36,257.74,45.9,82.0,78.2,112.6,95.1,100.42,0.12,10.3,A,0
2025-04-01 17:00:00,3.65,95.5,0.4303,0.88,0.0336,301.9,303.11,44.8,50.8,82.6,111.2,95.0,104.53,0.14,12.1,C,0
2025-04-01 18:00:00,5.12,103.8,0.3783,0.8899,0.0312,382.09,371.28,42.0,61.8,83.9,111.3,104.3,100.11,0.17,14.9,A,0
2025-04-01 19:00:00,3.51,99.1,0.5307,0.88,0.0523,254.17,271.21,57.3,41.8,86.7,107.4,97.1,101.66,0.12,10.8,C,0
2025-04-01 20:00:00,3.35,114.7,0.5,0.88,0.0447,281.42,305.41,62.5,52.2,85.9,112.8,97.6,100.94,0.13,12.2,C,1
2025-04-01 21:00:00,3.21,104.6,0.5242,0.88,0.0471,261.87,249.97,59.9,44.7,79.1,112.5,95.3,96.72,0.12,10.0,B,0
2025-04-01 22:00:00,3.36,120.9,0.4916,0.88,0.0519,303.28,292.87,64.2,56.7,82.6,107.2,91.1,102.48,0.14,11.7,A,0
2025-04-01 23:00:00,4.6,96.0,0.3885,0.882,0.0364,304.98,308.86,40.0,56.1,81.6,110.9,101.1,102.25,0.14,12.4,B,0
2025-04-02 00:00:00,1.73,110.6,0.5411,0.9042,0.0467,184.42,195.76,63.8,46.9,85.7,108.9,87.9,95.5,0.08,7.8,B,0
2025-04-02 01:00:00,4.73,120.3,0.6538,0.9091,0.0549,404.48,337.0,84.3,36.0,79.9,113.7,90.1,93.89,0.18,13.5,A,0
2025-04-02 02:00:00,2.36,79.0,0.5327,0.88,0.0643,176.74,188.78,45.4,33.6,84.6,108.0,91.1,99.94,0.08,7.6,B,0
2025-04-02 03:00:00,3.29,141.8,0.4659,0.88,0.0522,325.05,333.34,70.9,70.9,79.0,110.2,96.3,104.99,0.15,13.3,A,0
2025-04-02 04:00:00,3.16,105.8,0.3858,0.9117,0.0363,280.46,261.76,42.2,63.5,81.7,110.4,94.9,109.46,0.13,10.5,A,0
2025-04-02 05:00:00,3.97,79.6,0.4274,0.8815,0.0432,264.68,267.46,36.5,43.1,79.3,109.9,85.7,95.84,0.12,10.7,B,0
2025-04-02 06:00:00,2.22,112.4,0.5362,0.88,0.0512,226.56,214.21,65.8,46.6,76.1,114.3,106.6,106.18,0.1,8.6,A,0
2025-04-02 07:00:00,3.87,110.5,0.5858,0.8882,0.0611,366.99,365.51,70.1,40.4,79.3,113.4,98.8,104.78,0.17,14.6,A,0
2025-04-02 08:00:00,5.12,108.8,0.5209,0.8896,0.0478,456.55,432.75,61.1,47.6,81.2,106.7,92.5,99.55,0.21,17.3,A,0
2025-04-02 09:00:00,2.41,124.9,0.564,0.88,0.0537,273.44,265.82,77.1,47.8,86.3,111.0,97.2,106.95,0.12,10.6,A,0
2025-04-02 10:00:00,3.65,121.2,0.5566,0.88,0.0579,318.71,305.24,73.5,47.7,78.7,110.0,97.2,102.7,0.14,12.2,B,0
2025-04-02 11:00:00,2.97,114.5,0.5405,0.88,0.0613,283.35,262.8,67.0,47.5,80.2,111.7,93.3,100.62,0.13,10.5,C,0
2025-04-02 12:00:00,3.84,116.8,0.4473,0.9119,0.0484,297.98,306.05,53.9,62.8,77.7,110.4,97.0,95.96,0.14,12.2,B,0
2025-04-02 13:00:00,3.52,108.4,0.5139,0.903,0.0576,273.46,263.15,58.5,49.9,85.5,108.4,97.0,101.61,0.12,10.5,C,0
2025-04-02 14:00:00,2.99,136.6,0.4321,0.88,0.0417,276.53,280.93,63.6,73.0,80.6,107.9,100.5,101.42,0.13,11.2,C,0
2025-04-02 15:00:00,3.89,87.8,0.5014,0.88,0.047,251.22,243.27,47.9,39.9,81.0,109.2,95.3,108.02,0.11,9.7,C,0
2025-04-02 16:00:00,4.94,112.1,0.5265,0.895,0.043,342.06,362.71,63.6,48.5,81.0,109.8,96.6,98.46,0.16,14.5,A,0
2025-04-02 17:00:00,3.35,111.0,0.6343,0.8867,0.0638,306.27,320.63,76.9,34.0,76.1,110.4,94.0,98.64,0.14,12.8,C,0
2025-04-02 18:00:00,4.08,122.2,0.3952,0.8866,0.0414,336.9,356.05,51.2,71.0,77.6,108.9,92.8,99.77,0.15,14.2,A,0
2025-04-02 19:00:00,2.47,97.3,0.5385,0.88,0.0524,223.33,250.62,57.2,40.2,79.1,113.4,91.2,109.27,0.1,10.0,A,0
2025-04-02 20:00:00,2.73,83.8,0.6185,0.88,0.058,218.28,219.66,57.2,26.7,83.8,111.1,91.0,97.85,0.1,8.8,A,0
2025-04-02 21:00:00,3.88,112.4,0.5607,0.88,0.0623,356.12,329.32,68.5,43.9,74.5,111.7,92.7,105.22,0.16,13.2,B,0
2025-04-02 22:00:00,4.69,114.2,0.5666,0.9167,0.0598,363.32,380.11,67.6,46.7,83.6,109.7,93.8,96.63,0.17,15.2,C,0
2025-04-02 23:00:00,3.78,132.3,0.547,0.88,0.0613,376.43,357.71,78.5,53.8,83.0,107.9,100.0,102.59,0.17,14.3,B,0
2025-04-03 00:00:00,3.25,90.9,0.6039,0.8856,0.0556,249.86,261.22,60.1,30.9,76.6,111.8,93.1,101.59,0.11,10.4,A,0
2025-04-03 01:00:00,3.5,127.3,0.413,0.902,0.0378,372.87,347.11,55.3,72.0,81.0,108.0,93.3,99.2,0.17,13.9,B,0
2025-04-03 02:00:00,2.5,145.5,0.3891,0.9026,0.0449,324.57,307.55,58.4,87.1,85.5,106.0,93.5,103.45,0.15,12.3,A,0
2025-04-03 03:00:00,3.98,104.3,0.4995,0.88,0.0497,343.86,344.41,56.5,47.8,78.8,111.1,94.8,98.9,0.16,13.8,B,0
2025-04-03 04:00:00,4.21,90.6,0.3271,0.8938,0.0299,246.65,229.0,31.2,59.5,80.3,108.5,103.5,96.45,0.11,9.2,A,0
2025-04-03 05:00:00,3.14,103.9,0.5985,0.88,0.0573,250.7,261.44,68.3,35.6,90.3,109.3,93.1,100.37,0.11,10.5,A,0
2025-04-03 06:00:00,3.12,110.2,0.5977,0.9108,0.0597,300.7,302.3,69.7,40.6,83.0,111.4,97.8,98.55,0.14,12.1,B,0
2025-04-03 07:00:00,3.71,118.5,0.4653,0.926,0.0515,345.33,325.75,56.1,62.4,81.2,108.1,96.7,102.08,0.16,13.0,A,0
2025-04-03 08:00:00,3.15,101.1,0.4703,0.9739,0.0462,257.25,258.93,46.2,54.9,80.6,106.8,95.3,100.44,0.12,10.4,C,0
2025-04-03 09:00:00,3.45,133.3,0.4942,0.9028,0.0534,332.41,325.1,69.2,64.1,83.1,112.4,90.2,105.99,0.15,13.0,B,0
2025-04-03 10:00:00,5.18,93.3,0.5042,0.8958,0.0528,360.96,350.46,49.9,43.3,84.1,109.9,97.6,100.34,0.16,14.0,B,0
2025-04-03 11:00:00,3.3,83.9,0.5102,0.88,0.0466,194.78,211.27,46.7,37.2,75.5,112.5,85.4,102.13,0.09,8.5,A,0
2025-04-03 12:00:00,3.21,126.6,0.5447,0.88,0.0501,337.83,315.46,75.4,51.2,75.3,111.3,89.9,97.81,0.15,12.6,B,0
2025-04-03 13:00:00,2.98,75.9,0.4862,0.9033,0.0464,202.45,235.29,38.9,36.9,79.0,111.3,92.3,100.02,0.09,9.4,C,0
2025-04-03 14:00:00,4.1,106.9,0.5755,0.9628,0.0509,309.13,300.06,61.5,45.4,81.5,110.3,93.9,98.57,0.14,12.0,B,0
2025-04-03 15:00:00,3.36,156.8,0.5357,0.9168,0.051,408.51,384.96,87.8,69.0,82.2,110.3,95.4,104.85,0.19,15.4,C,0
2025-04-03 16:00:00,2.98,109.8,0.4514,0.912,0.0527,260.13,282.61,51.0,58.9,76.9,112.3,102.0,99.03,0.12,11.3,B,0
2025-04-03 17:00:00,4.56,93.2,0.6068,0.9025,0.0605,309.68,279.15,60.5,32.7,81.4,111.6,98.2,99.35,0.14,11.2,C,0
2025-04-03 18:00:00,4.64,109.1,0.3913,0.8985,0.0353,356.11,371.97,45.0,64.1,81.8,108.8,95.8,102.2,0.16,14.9,B,0
2025-04-03 19:00:00,3.02,109.2,0.4926,0.88,0.0588,285.9,284.15,57.7,51.5,79.5,111.0,93.3,99.16,0.13,11.4,C,0
2025-04-03 20:00:00,2.01,112.4,0.5774,0.8859,0.0531,221.69,223.44,70.8,41.6,80.4,108.8,93.4,105.53,0.1,8.9,A,0
2025-04-03 21:00:00,4.31,119.9,0.4422,0.88,0.0394,307.44,286.69,57.5,62.5,79.8,109.4,89.3,107.17,0.14,11.5,B,0
2025-04-03 22:00:00,2.95,94.4,0.5248,0.88,0.0586,210.6,207.65,53.6,40.8,83.4,111.1,84.5,98.61,0.1,8.3,B,0
2025-04-03 23:00:00,4.13,135.3,0.5435,0.8865,0.0577,359.6,340.44,79.3,56.0,82.0,108.7,88.6,103.84,0.16,13.6,C,0
2025-04-04 00:00:00,1.92,113.7,0.4312,0.88,0.0425,223.78,232.86,52.8,60.9,78.6,110.3,100.9,98.77,0.1,9.3,B,0
2025-04-04 01:00:00,4.21,120.9,0.4942,0.88,0.0536,382.75,375.46,64.5,56.4,84.9,110.8,91.4,100.23,0.17,15.0,C,0
2025-04-04 02:00:00,2.53,100.6,0.4875,0.88,0.0503,257.23,261.56,53.0,47.6,77.9,109.3,92.4,103.37,0.12,10.5,A,0
2025-04-04 03:00:00,4.08,129.3,0.4559,0.88,0.0397,345.36,326.07,64.0,65.3,76.9,111.4,100.1,101.72,0.16,13.0,C,0
2025-04-04 04:00:00,3.51,106.1,0.6841,0.8928,0.0564,320.78,330.92,79.7,26.5,81.3,109.1,81.8,101.8,0.15,13.2,B,0
2025-04-04 05:00:00,2.74,114.2,0.439,0.88,0.0411,221.97,253.9,54.1,60.0,81.2,111.9,92.1,104.59,0.1,10.2,A,0
2025-04-04 06:00:00,3.17,96.0,0.5804,0.8814,0.0635,250.73,269.05,60.7,35.3,82.2,110.3,89.5,104.57,0.11,10.8,C,0
2025-04-04 07:00:00,4.05,95.0,0.4686,0.88,0.0447,295.83,286.94,48.2,46.8,78.5,110.3,96.5,101.45,0.13,11.5,C,0
2025-04-04 08:00:00,3.58,120.3,0.4131,0.88,0.0436,332.49,329.71,53.2,67.2,84.7,108.2,97.8,99.4,0.15,13.2,A,1
2025-04-04 09:00:00,3.97,103.3,0.5082,0.9003,0.0517,298.74,301.12,55.6,47.8,87.1,109.5,97.9,101.3,0.14,12.0,B,0
2025-04-04 10:00:00,5.08,97.2,0.5519,0.88,0.0467,349.01,360.44,58.9,38.3,81.9,110.4,102.5,98.27,0.16,14.4,B,0
2025-04-04 11:00:00,2.25,100.4,0.5736,0.88,0.0553,192.87,201.17,63.1,37.3,82.9,112.0,97.8,103.66,0.09,8.0,B,0
2025-04-04 12:00:00,4.79,120.5,0.625,0.9208,0.0643,429.23,387.24,78.9,41.6,75.7,109.4,96.2,100.74,0.2,15.5,A,0
2025-04-04 13:00:00,3.58,100.6,0.7356,0.88,0.0696,286.22,297.08,82.6,17.9,80.7,112.0,107.2,97.98,0.13,11.9,C,0
2025-04-04 14:00:00,2.78,108.2,0.52,0.9292,0.0502,262.03,267.25,57.9,50.4,79.9,108.5,84.4,105.32,0.12,10.7,A,0
2025-04-04 15:00:00,2.44,110.2,0.447,0.9104,0.0467,234.07,227.93,51.1,59.1,79.4,110.7,106.0,101.26,0.11,9.1,C,0
2025-04-04 16:00:00,3.35,81.2,0.5362,0.88,0.054,220.85,234.35,47.4,33.8,80.0,109.0,103.7,99.06,0.1,9.4,A,0
2025-04-04 17:00:00,4.24,87.9,0.4787,0.88,0.0531,292.35,311.34,45.3,42.7,80.3,113.1,94.3,104.73,0.13,12.5,C,0
2025-04-04 18:00:00,3.4,115.0,0.5741,0.88,0.0593,343.2,321.6,72.2,42.9,77.6,112.7,91.5,105.07,0.16,12.9,C,0
2025-04-04 19:00:00,4.71,98.9,0.3962,0.88,0.0348,293.07,278.01,42.3,56.6,80.5,110.6,91.7,95.64,0.13,11.1,A,0
2025-04-04 20:00:00,2.34,125.9,0.6895,0.88,0.0666,229.77,235.6,96.4,29.5,78.9,108.9,93.6,104.62,0.1,9.4,A,0
2025-04-04 21:00:00,3.49,124.5,0.5685,0.88,0.0569,336.97,336.17,77.4,47.1,84.4,107.0,101.0,101.77,0.15,13.4,A,0
2025-04-04 22:00:00,2.5,120.8,0.3653,0.88,0.0432,254.24,255.3,46.5,74.3,83.0,110.8,82.7,104.21,0.12,10.2,C,0
2025-04-04 23:00:00,3.79,137.3,0.4433,0.88,0.042,382.97,383.99,65.7,71.5,83.0,110.4,105.0,101.1,0.17,15.4,A,0
2025-04-05 00:00:00,4.21,108.8,0.5653,0.88,0.0479,332.6,326.4,67.6,41.1,84.9,111.7,95.0,102.44,0.15,13.1,C,0
2025-04-05 01:00:00,3.16,119.7,0.5941,0.9014,0.0616,314.75,321.07,75.9,43.8,79.5,107.1,100.9,100.39,0.14,12.8,C,0
2025-04-05 02:00:00,1.5,101.2,0.3982,0.88,0.036,172.92,181.69,43.4,57.8,82.8,110.3,88.9,104.28,0.08,7.3,A,0
2025-04-05 03:00:00,3.66,146.8,0.557,0.88,0.0493,350.63,319.74,89.7,57.1,85.2,110.9,98.6,99.29,0.16,12.8,B,0
2025-04-05 04:00:00,3.85,139.8,0.3442,0.8868,0.0345,362.1,342.55,50.8,89.0,79.3,108.2,96.9,104.38,0.16,13.7,B,0
2025-04-05 05:00:00,3.82,110.2,0.4929,0.88,0.0541,311.46,286.91,58.5,51.6,75.9,110.2,97.8,101.84,0.14,11.5,C,0
2025-04-05 06:00:00,4.49,115.8,0.589,0.88,0.056,327.91,324.43,74.9,40.9,79.9,108.5,91.5,103.57,0.15,13.0,C,0
2025-04-05 07:00:00,2.64,130.4,0.4559,0.88,0.0481,286.64,259.08,63.9,66.5,84.9,108.3,93.1,98.27,0.13,10.4,B,0
2025-04-05 08:00:00,4.04,107.8,0.3794,0.88,0.0414,323.51,308.76,43.5,64.3,79.1,108.9,88.8,102.57,0.15,12.4,C,0
2025-04-05 09:00:00,4.45,100.2,0.5117,0.9068,0.0551,313.34,302.53,53.7,46.5,80.6,109.5,98.8,102.9,0.14,12.1,B,0
2025-04-05 10:00:00,2.08,123.1,0.4516,0.88,0.0415,243.38,236.04,60.2,62.9,79.7,112.5,101.7,106.86,0.11,9.4,C,0
2025-04-05 11:00:00,3.76,111.2,0.5504,0.88,0.0494,271.69,267.4,67.1,44.1,81.4,109.4,96.4,103.39,0.12,10.7,C,0
2025-04-05 12:00:00,3.1,112.7,0.4292,0.88,0.038,258.93,260.13,52.4,60.4,78.9,108.3,81.6,99.54,0.12,10.4,A,0
2025-04-05 13:00:00,3.43,97.5,0.4382,0.88,0.0478,241.46,258.27,45.7,51.8,77.6,111.6,101.8,99.41,0.11,10.3,B,0
2025-04-05 14:00:00,3.78,84.2,0.3383,0.88,0.0372,268.95,256.71,30.1,54.1,80.7,112.1,95.6,103.58,0.12,10.3,C,0
2025-04-05 15:00:00,3.11,113.5,0.5136,0.8981,0.0466,337.15,331.7,62.3,51.3,81.2,111.6,81.7,99.68,0.15,13.3,B,0
2025-04-05 16:00:00,2.96,123.6,0.4871,0.88,0.0594,273.09,278.58,64.4,59.2,85.3,112.7,86.5,99.74,0.12,11.1,A,0
2025-04-05 17:00:00,3.53,106.6,0.4049,0.9041,0.0351,285.66,282.55,45.4,61.2,82.2,110.4,89.7,98.72,0.13,11.3,B,0
2025-04-05 18:00:00,2.63,131.5,0.5155,0.88,0.0565,272.21,265.62,73.3,58.2,78.5,110.3,95.0,101.7,0.12,10.6,C,0
2025-04-05 19:00:00,2.63,99.4,0.5822,0.9044,0.0658,234.55,228.01,61.2,38.2,79.8,108.6,89.9,101.96,0.11,9.1,B,0
2025-04-05 20:00:00,4.04,94.2,0.4828,0.88,0.0488,273.05,294.12,49.2,45.0,84.1,112.8,90.6,100.32,0.12,11.8,A,0
2025-04-05 21:00:00,2.58,109.0,0.5215,0.9207,0.0483,250.67,253.84,59.1,49.9,80.7,109.8,99.6,106.39,0.11,10.2,B,0
2025-04-05 22:00:00,4.03,108.8,0.5219,0.88,0.0484,341.9,326.03,61.9,46.8,78.7,109.4,100.9,103.01,0.16,13.0,B,0
2025-04-05 23:00:00,3.87,121.5,0.4037,0.8921,0.0391,309.76,331.22,52.0,69.6,82.2,109.2,99.7,106.57,0.14,13.2,B,0
2025-04-06 00:00:00,2.12,98.4,0.6645,0.9063,0.0719,207.6,218.42,69.9,28.5,79.6,111.3,86.8,101.69,0.09,8.7,B,0
2025-04-06 01:00:00,2.96,130.5,0.4623,0.8921,0.0402,261.96,290.98,64.7,65.9,83.4,110.2,99.7,99.1,0.12,11.6,C,0
2025-04-06 02:00:00,4.46,139.5,0.5525,0.88,0.0461,420.76,372.32,84.7,54.8,83.1,110.4,92.6,98.32,0.19,14.9,B,0
2025-04-06 03:00:00,2.72,109.4,0.5615,0.88,0.058,246.66,247.17,67.0,42.4,78.6,109.4,104.8,100.93,0.11,9.9,A,0
2025-04-06 04:00:00,3.13,128.7,0.4888,0.88,0.0518,309.67,285.19,67.9,60.8,87.4,109.6,96.3,103.56,0.14,11.4,B,0
2025-04-06 05:00:00,3.87,94.2,0.5485,0.8999,0.0647,272.09,269.87,54.5,39.6,81.6,109.7,101.1,100.41,0.12,10.8,A,0
2025-04-06 06:00:00,4.13,126.1,0.5197,0.88,0.0451,357.31,341.79,71.7,54.4,74.0,112.8,97.8,103.87,0.16,13.7,A,0
2025-04-06 07:00:00,3.3,125.7,0.3866,0.881,0.038,313.02,299.97,52.0,73.7,83.1,106.4,97.2,105.51,0.14,12.0,A,0
2025-04-06 08:00:00,3.02,123.0,0.4734,0.88,0.0532,303.14,298.37,62.5,60.5,74.2,110.9,93.2,98.88,0.14,11.9,A,0
2025-04-06 09:00:00,4.64,109.8,0.451,0.9657,0.0457,367.66,346.12,48.4,61.4,85.1,112.2,101.0,98.0,0.17,13.8,C,0
2025-04-06 10:00:00,4.89,65.7,0.4631,0.9049,0.0453,245.71,247.7,31.9,33.8,82.2,106.3,99.7,104.14,0.11,9.9,B,0
2025-04-06 11:00:00,4.28,100.4,0.3957,0.88,0.0435,299.93,285.31,42.3,58.1,81.6,109.9,93.3,102.11,0.14,11.4,B,0
2025-04-06 12:00:00,3.57,100.6,0.5901,0.88,0.056,304.64,317.62,65.2,35.4,81.7,112.0,92.8,102.28,0.14,12.7,C,0
2025-04-06 13:00:00,2.85,95.3,0.6282,0.8885,0.0671,261.68,250.1,65.1,30.2,83.5,108.5,91.4,103.39,0.12,10.0,B,0
2025-04-06 14:00:00,2.84,111.8,0.5782,0.88,0.0516,236.84,243.45,71.1,40.7,80.3,110.5,99.1,96.72,0.11,9.7,C,0
2025-04-06 15:00:00,3.92,103.7,0.6016,0.88,0.0526,309.23,287.17,68.8,34.9,81.7,108.1,96.2,102.62,0.14,11.5,A,0
2025-04-06 16:00:00,3.83,97.6,0.4724,0.88,0.0459,274.96,263.96,49.9,47.7,82.1,110.1,96.4,101.84,0.12,10.6,B,0
2025-04-06 17:00:00,4.62,94.1,0.4491,0.8802,0.0321,339.02,317.67,46.3,47.8,73.1,112.6,93.2,102.69,0.15,12.7,A,0
2025-04-06 18:00:00,4.02,99.3,0.4377,0.88,0.0442,298.86,292.36,46.7,52.5,83.5,113.4,102.3,98.44,0.14,11.7,B,0
2025-04-06 19:00:00,2.3,126.8,0.5515,0.9216,0.0465,260.21,263.12,73.2,53.6,84.0,110.5,87.6,101.54,0.12,10.5,B,0
2025-04-06 20:00:00,4.34,100.1,0.5182,0.88,0.0532,330.53,305.41,56.3,43.8,83.1,107.4,98.9,99.85,0.15,12.2,B,0
2025-04-06 21:00:00,2.7,102.3,0.4938,0.9108,0.0503,233.66,234.5,52.7,49.6,82.9,109.4,99.9,104.43,0.11,9.4,A,0
2025-04-06 22:00:00,3.19,103.1,0.6036,0.923,0.06,302.52,284.4,65.0,38.2,86.5,106.4,93.4,101.04,0.14,11.4,C,0
2025-04-06 23:00:00,3.7,115.1,0.5324,0.9174,0.0554,334.25,309.4,63.7,51.4,81.6,109.4,87.8,99.5,0.15,12.4,A,0
2025-04-07 00:00:00,5.1,116.8,0.4329,0.88,0.0443,439.35,434.62,54.3,62.5,81.7,111.9,96.9,98.33,0.2,17.4,C,0
2025-04-07 01:00:00,5.99,64.3,0.4455,0.8989,0.0431,269.81,253.38,30.3,34.1,79.8,107.3,101.0,103.92,0.12,10.1,B,0
2025-04-07 02:00:00,3.99,125.3,0.5546,0.88,0.0646,358.56,345.91,75.3,50.0,76.0,109.6,103.9,104.24,0.16,13.8,B,1
2025-04-07 03:00:00,3.35,131.5,0.5833,0.88,0.0603,359.58,371.59,83.9,47.6,83.1,108.4,98.3,107.07,0.16,14.9,B,0
2025-04-07 04:00:00,3.93,94.2,0.5441,0.8817,0.0583,298.72,309.23,55.6,38.6,80.1,113.6,91.9,100.33,0.14,12.4,B,0
2025-04-07 05:00:00,4.21,95.4,0.6518,0.88,0.0705,267.53,272.23,68.5,26.9,76.0,110.8,98.5,98.26,0.12,10.9,A,0
2025-04-07 06:00:00,3.24,103.2,0.6308,0.9202,0.0664,271.86,270.89,68.3,35.0,81.5,111.7,97.5,100.92,0.12,10.8,C,0
2025-04-07 07:00:00,4.94,98.7,0.5353,0.9144,0.0638,356.71,354.37,54.7,44.0,81.4,110.6,96.6,99.21,0.16,14.2,C,0
2025-04-07 08:00:00,3.68,113.4,0.4329,0.88,0.0441,312.03,310.12,52.7,60.6,81.1,111.5,90.6,99.41,0.14,12.4,C,0
2025-04-07 09:00:00,3.9,80.8,0.3952,0.88,0.0395,255.39,272.52,34.2,46.6,82.2,112.2,98.0,102.72,0.12,10.9,B,0
2025-04-07 10:00:00,4.03,93.2,0.469,0.88,0.0437,282.54,278.55,47.4,45.8,77.1,110.1,97.3,104.58,0.13,11.1,A,0
2025-04-07 11:00:00,3.84,133.1,0.5603,0.8934,0.0547,299.57,307.38,80.2,52.9,84.7,108.9,107.1,102.54,0.14,12.3,B,0
2025-04-07 12:00:00,4.17,96.1,0.6461,0.9234,0.061,265.85,262.29,65.2,30.9,83.0,108.1,95.4,101.64,0.12,10.5,C,0
2025-04-07 13:00:00,3.01,128.7,0.5334,0.8927,0.0567,332.83,349.69,73.4,55.3,85.5,113.5,103.5,103.76,0.15,14.0,A,0
2025-04-07 14:00:00,3.05,115.3,0.5935,0.9067,0.0548,278.02,274.41,72.9,42.4,80.1,111.6,102.0,100.62,0.13,11.0,A,0
2025-04-07 15:00:00,2.62,82.9,0.4804,0.88,0.0484,202.82,198.44,43.0,39.8,83.0,105.6,95.2,105.65,0.09,7.9,B,0
2025-04-07 16:00:00,3.85,119.5,0.5498,0.88,0.0578,339.85,329.99,71.5,48.0,76.1,109.5,101.2,110.3,0.15,13.2,A,0
2025-04-07 17:00:00,4.12,108.2,0.5659,0.9239,0.0573,304.37,308.61,63.5,44.7,79.2,110.8,91.1,99.41,0.14,12.3,A,0
2025-04-07 18:00:00,3.87,103.2,0.3416,0.88,0.0297,289.29,305.92,37.8,65.3,77.6,113.3,94.0,104.93,0.13,12.2,A,0
2025-04-07 19:00:00,4.84,113.7,0.4669,0.934,0.0502,392.82,357.27,53.6,60.1,82.5,107.8,92.3,104.93,0.18,14.3,B,0
2025-04-07 20:00:00,3.5,117.1,0.576,0.9016,0.0572,324.6,291.85,72.0,45.2,78.4,110.9,94.2,102.88,0.15,11.7,B,1
2025-04-07 21:00:00,4.03,120.6,0.522,0.9391,0.0378,420.1,405.95,64.8,55.8,80.4,109.2,85.0,105.16,0.19,16.2,A,0
2025-04-07 22:00:00,2.63,127.7,0.4043,0.906,0.0355,270.45,275.24,54.1,73.6,81.7,107.6,104.0,102.36,0.12,11.0,B,0
2025-04-07 23:00:00,3.19,116.1,0.3056,0.88,0.0376,333.94,303.82,36.9,79.2,80.5,112.7,93.5,103.25,0.15,12.2,A,0
2025-04-08 00:00:00,4.06,89.4,0.4707,0.8823,0.0545,256.5,254.43,44.9,44.4,77.8,108.1,98.9,101.55,0.12,10.2,C,0
2025-04-08 01:00:00,4.18,102.9,0.4943,0.889,0.0521,329.48,316.07,54.4,48.5,86.7,111.9,96.2,101.72,0.15,12.6,C,0
2025-04-08 02:00:00,3.26,154.1,0.4293,0.88,0.0468,384.55,380.32,70.8,83.4,82.1,106.8,93.6,103.21,0.17,15.2,A,0
2025-04-08 03:00:00,3.44,120.9,0.5114,0.88,0.0473,315.11,302.3,67.4,53.5,86.7,109.0,88.6,102.56,0.14,12.1,C,0
2025-04-08 04:00:00,2.29,145.5,0.5405,0.88,0.0528,288.96,280.27,85.8,59.7,78.6,111.1,90.4,98.16,0.13,11.2,C,0
2025-04-08 05:00:00,3.21,130.9,0.5537,0.9007,0.0615,308.72,303.92,76.8,54.2,80.6,111.4,93.8,102.83,0.14,12.2,C,0
2025-04-08 06:00:00,4.21,113.6,0.3115,0.8868,0.0333,372.9,335.12,37.0,76.6,82.0,110.9,92.6,100.56,0.17,13.4,A,0
2025-04-08 07:00:00,3.96,114.5,0.3949,0.88,0.0398,310.09,328.63,48.4,66.1,86.3,112.0,90.1,99.63,0.14,13.1,B,0
2025-04-08 08:00:00,3.9,109.5,0.4756,0.9452,0.0466,326.7,330.66,52.3,57.2,86.7,109.4,91.6,104.21,0.15,13.2,A,0
2025-04-08 09:00:00,3.54,83.9,0.5458,0.88,0.0604,254.92,249.08,49.7,34.2,80.4,112.8,97.3,98.5,0.12,10.0,A,0
2025-04-08 10:00:00,3.51,110.3,0.5391,0.8868,0.0595,332.81,307.08,63.9,46.3,79.6,110.7,99.4,100.49,0.15,12.3,B,0
2025-04-08 11:00:00,2.97,128.2,0.5377,0.88,0.057,329.24,305.3,74.9,53.3,81.7,111.5,89.2,98.1,0.15,12.2,A,0
2025-04-08 12:00:00,4.06,101.0,0.4693,0.8888,0.0473,320.12,320.09,50.7,50.3,85.3,110.7,90.6,100.09,0.15,12.8,A,0
2025-04-08 13:00:00,3.84,116.2,0.4738,0.8919,0.0456,313.05,292.65,58.8,57.4,82.2,111.0,96.1,108.48,0.14,11.7,A,0
2025-04-08 14:00:00,3.89,122.8,0.4417,0.8945,0.0476,326.8,314.32,57.1,65.6,82.7,108.0,94.2,99.01,0.15,12.6,C,0
2025-04-08 15:00:00,3.08,96.4,0.5615,0.8958,0.0506,224.15,214.42,58.2,38.1,85.3,108.1,93.2,100.85,0.1,8.6,A,0
2025-04-08 16:00:00,1.78,103.2,0.4264,0.88,0.0382,175.66,193.35,47.6,55.6,84.8,108.9,99.6,105.48,0.08,7.7,A,0
2025-04-08 17:00:00,4.38,94.7,0.568,0.9575,0.0495,304.68,306.48,54.1,40.6,85.0,111.0,95.9,102.62,0.14,12.3,B,0
2025-04-08 18:00:00,3.12,97.7,0.5166,0.8933,0.0578,236.42,239.1,53.6,44.0,83.9,108.8,86.9,100.88,0.11,9.6,C,0
2025-04-08 19:00:00,2.81,90.7,0.4964,0.8902,0.046,243.46,248.95,48.4,42.3,86.1,109.4,91.0,99.22,0.11,10.0,C,0
2025-04-08 20:00:00,4.05,96.5,0.4475,0.88,0.0468,279.76,287.25,46.4,50.1,78.4,109.9,86.7,103.32,0.13,11.5,A,0
2025-04-08 21:00:00,3.19,131.3,0.3916,0.8851,0.0385,327.41,320.62,54.7,76.5,88.7,112.8,94.1,100.33,0.15,12.8,C,0
2025-04-08 22:00:00,4.35,96.3,0.4482,0.88,0.0593,300.61,305.49,45.6,50.7,85.2,111.2,88.4,107.82,0.14,12.2,C,0
2025-04-08 23:00:00,3.99,111.9,0.4736,0.88,0.0496,290.16,272.24,57.1,54.8,81.5,107.1,86.2,100.45,0.13,10.9,B,0
2025-04-09 00:00:00,4.05,102.5,0.3105,0.88,0.0217,336.71,331.62,34.5,68.0,85.3,110.3,84.7,106.37,0.15,13.3,B,0
2025-04-09 01:00:00,2.41,127.7,0.4842,0.8986,0.0543,282.65,282.58,65.0,62.7,81.0,109.4,104.9,103.93,0.13,11.3,C,0
2025-04-09 02:00:00,4.47,129.7,0.5739,0.88,0.0555,433.35,430.49,81.5,48.1,83.4,109.5,88.2,103.91,0.2,17.2,B,0
2025-04-09 03:00:00,3.71,123.0,0.5454,0.88,0.0535,356.74,343.69,73.2,49.8,83.8,110.0,93.4,100.83,0.16,13.7,A,0
2025-04-09 04:00:00,3.2,114.6,0.4603,0.9251,0.0427,272.61,270.59,54.2,60.4,84.6,112.3,95.3,99.92,0.12,10.8,B,0
2025-04-09 05:00:00,3.61,106.5,0.5038,0.8996,0.0514,277.62,269.4,56.8,49.7,80.6,108.4,95.6,100.52,0.13,10.8,A,0
2025-04-09 06:00:00,2.08,92.1,0.4555,0.88,0.0465,198.23,221.06,45.2,46.9,84.7,110.4,98.1,104.44,0.09,8.8,B,0
2025-04-09 07:00:00,3.83,139.2,0.5119,0.9142,0.048,437.66,368.18,74.5,64.6,80.7,110.6,94.7,102.87,0.2,14.7,C,0
2025-04-09 08:00:00,2.68,98.6,0.6232,0.8818,0.0598,238.26,247.69,67.6,31.0,84.2,109.6,92.7,95.7,0.11,9.9,A,0
2025-04-09 09:00:00,2.42,120.0,0.5775,0.88,0.0583,275.05,273.56,75.8,44.2,81.9,108.7,96.1,97.43,0.13,10.9,B,0
2025-04-09 10:00:00,2.28,125.9,0.5417,0.88,0.0425,245.73,246.96,75.0,50.9,76.5,108.5,96.0,100.89,0.11,9.9,B,0
2025-04-09 11:00:00,4.39,101.7,0.4606,0.88,0.0388,354.09,336.02,51.0,50.7,79.8,109.2,95.3,102.91,0.16,13.4,A,0
2025-04-09 12:00:00,3.0,125.6,0.56,0.88,0.0643,290.4,286.15,76.3,49.3,84.5,111.5,98.2,100.61,0.13,11.4,B,0
2025-04-09 13:00:00,4.73,121.5,0.365,0.88,0.0381,406.16,393.5,47.2,74.3,81.1,109.3,91.9,99.79,0.18,15.7,C,0
2025-04-09 14:00:00,3.07,135.9,0.4798,0.88,0.0454,316.56,298.38,70.7,65.2,85.6,109.8,94.0,98.35,0.14,11.9,A,0
2025-04-09 15:00:00,2.13,103.0,0.5467,0.88,0.0462,225.69,233.13,61.8,41.2,78.4,107.7,88.4,104.04,0.1,9.3,C,0
2025-04-09 16:00:00,2.61,90.7,0.5592,0.9023,0.0556,228.36,237.51,54.0,36.8,84.1,109.1,93.8,101.6,0.1,9.5,A,0
2025-04-09 17:00:00,4.49,102.4,0.5536,0.8828,0.0603,289.56,274.39,61.4,41.0,81.9,110.5,91.8,106.34,0.13,11.0,A,0
2025-04-09 18:00:00,3.38,113.1,0.5236,0.8954,0.0656,330.29,327.82,62.4,50.7,81.3,106.7,100.3,97.4,0.15,13.1,A,0
2025-04-09 19:00:00,3.06,110.9,0.4843,0.8954,0.0579,328.65,324.37,56.5,54.4,78.5,112.1,87.7,103.37,0.15,13.0,A,0
2025-04-09 20:00:00,3.63,104.1,0.543,0.88,0.0499,282.33,270.39,61.8,42.3,82.6,108.8,92.6,102.94,0.13,10.8,C,0
2025-04-09 21:00:00,3.9,81.4,0.4238,0.8961,0.0399,246.87,237.37,36.5,44.9,79.0,113.5,92.4,103.84,0.11,9.5,C,0
2025-04-09 22:00:00,4.39,117.1,0.4324,0.88,0.0359,404.83,370.13,55.0,62.1,80.1,110.8,98.4,103.78,0.18,14.8,A,0
2025-04-09 23:00:00,4.66,139.6,0.5049,0.9066,0.0463,447.58,423.02,74.4,65.2,81.6,106.3,88.6,99.78,0.2,16.9,A,0
2025-04-10 00:00:00,3.21,117.0,0.5139,0.88,0.0503,296.24,290.85,65.3,51.6,80.9,110.6,95.0,100.76,0.13,11.6,C,0
2025-04-10 01:00:00,2.44,119.1,0.354,0.88,0.0336,293.73,307.07,45.1,74.0,85.1,109.4,95.4,101.8,0.13,12.3,A,0
2025-04-10 02:00:00,3.17,118.6,0.5364,0.8866,0.0639,263.73,260.05,68.1,50.5,74.2,110.6,99.6,98.29,0.12,10.4,A,0
2025-04-10 03:00:00,3.71,116.0,0.5618,0.904,0.0496,301.44,284.83,69.5,46.4,81.5,113.2,90.7,104.39,0.14,11.4,C,0
2025-04-10 04:00:00,2.73,124.0,0.4938,0.9015,0.0492,290.81,295.31,64.7,59.3,80.9,111.4,88.5,93.88,0.13,11.8,C,0
2025-04-10 05:00:00,2.73,115.9,0.69,0.894,0.0587,231.4,227.05,87.6,28.3,82.0,109.5,97.4,97.81,0.11,9.1,C,0
2025-04-10 06:00:00,3.78,105.3,0.4454,0.9436,0.0462,292.05,278.43,46.8,58.5,80.4,107.2,88.0,96.27,0.13,11.1,B,1
2025-04-10 07:00:00,3.46,98.1,0.4711,0.88,0.0404,260.37,252.71,50.3,47.8,85.1,111.7,92.4,104.6,0.12,10.1,A,0
2025-04-10 08:00:00,3.53,106.3,0.4684,0.88,0.0524,313.62,266.63,53.4,52.8,81.2,111.0,93.8,101.95,0.14,10.7,C,0
2025-04-10 09:00:00,2.89,114.7,0.4939,0.88,0.0479,288.77,292.41,61.5,53.2,82.4,112.3,98.1,99.7,0.13,11.7,A,0
2025-04-10 10:00:00,3.32,105.3,0.4737,0.88,0.0404,238.9,252.61,54.3,50.9,84.7,109.7,87.3,101.59,0.11,10.1,B,0
2025-04-10 11:00:00,2.76,114.7,0.3875,0.88,0.0282,250.75,262.91,48.4,66.3,82.2,110.6,93.5,102.09,0.11,10.5,C,0
2025-04-10 12:00:00,4.21,116.6,0.4563,0.9265,0.0407,332.87,349.61,54.7,61.9,78.2,109.5,95.1,97.58,0.15,14.0,C,0
2025-04-10 13:00:00,4.33,122.5,0.4922,0.88,0.0504,369.28,377.54,65.2,57.3,80.7,110.2,90.7,101.74,0.17,15.1,A,0
2025-04-10 14:00:00,2.02,129.2,0.5983,0.88,0.0619,223.91,227.15,84.7,44.5,81.6,107.0,93.2,105.47,0.1,9.1,A,0
2025-04-10 15:00:00,2.76,111.2,0.6762,0.88,0.0651,268.23,280.64,83.4,27.8,77.1,110.6,99.4,105.99,0.12,11.2,C,0
2025-04-10 16:00:00,2.3,90.4,0.6068,0.88,0.0653,188.9,199.78,60.1,30.3,79.9,110.8,92.5,103.86,0.09,8.0,C,0
2025-04-10 17:00:00,2.98,104.8,0.438,0.8813,0.0381,270.88,265.34,49.7,55.1,81.8,109.0,93.2,102.07,0.12,10.6,A,0
2025-04-10 18:00:00,3.43,110.7,0.4443,0.881,0.0298,295.22,281.46,53.9,56.8,88.0,111.2,99.4,104.07,0.13,11.3,A,0
2025-04-10 19:00:00,2.34,82.5,0.4873,0.88,0.0501,174.32,186.19,43.4,39.0,83.1,111.7,93.9,103.42,0.08,7.4,C,0
2025-04-10 20:00:00,2.76,130.8,0.6428,0.88,0.0707,330.29,325.37,92.5,38.4,82.5,112.8,101.7,97.93,0.15,13.0,B,0
2025-04-10 21:00:00,2.7,112.1,0.4868,0.8919,0.0552,286.66,302.92,57.8,54.3,87.1,108.0,86.8,98.56,0.13,12.1,A,1
2025-04-10 22:00:00,3.67,115.7,0.3938,0.88,0.0329,327.8,328.78,49.3,66.4,83.8,111.3,93.6,103.2,0.15,13.2,A,0
2025-04-10 23:00:00,3.56,130.5,0.4599,0.88,0.0433,340.1,317.93,65.0,65.5,84.2,112.7,98.9,99.29,0.15,12.7,A,0
2025-04-11 00:00:00,2.92,100.5,0.5606,0.9198,0.0597,226.37,222.37,58.6,42.0,80.8,109.3,91.4,98.22,0.1,8.9,C,0
2025-04-11 01:00:00,3.64,118.6,0.5552,0.9191,0.0524,354.75,350.11,68.8,49.8,78.2,112.8,93.8,105.17,0.16,14.0,C,0
2025-04-11 02:00:00,3.06,108.4,0.484,0.9137,0.0489,288.2,296.03,54.5,53.8,82.8,108.5,101.3,101.49,0.13,11.8,C,0
2025-04-11 03:00:00,3.28,107.2,0.5547,0.88,0.0519,260.94,275.41,65.1,42.1,87.5,110.1,91.1,101.11,0.12,11.0,A,0
2025-04-11 04:00:00,4.84,98.4,0.3181,0.9262,0.0264,317.58,306.32,31.9,66.5,86.5,106.5,97.4,97.69,0.14,12.3,A,0
2025-04-11 05:00:00,4.57,135.0,0.5083,0.88,0.0463,443.27,425.63,74.8,60.2,84.0,106.3,98.7,99.95,0.2,17.0,B,0
2025-04-11 06:00:00,2.46,104.4,0.5689,0.88,0.0617,209.35,225.56,64.7,39.7,79.9,106.9,95.4,100.27,0.1,9.0,C,0
2025-04-11 07:00:00,4.16,120.5,0.4334,0.88,0.0434,341.63,310.77,56.2,64.3,77.3,112.8,95.2,98.58,0.16,12.4,C,0
2025-04-11 08:00:00,4.15,81.9,0.4331,0.9058,0.0497,238.86,245.85,36.7,45.2,79.5,108.4,89.9,97.65,0.11,9.8,A,0
2025-04-11 09:00:00,2.58,127.7,0.3507,0.88,0.0377,255.61,267.1,47.5,80.2,82.7,108.5,98.7,106.54,0.12,10.7,A,0
2025-04-11 10:00:00,4.16,125.8,0.6272,0.8946,0.0708,350.86,345.84,85.0,40.8,80.6,110.8,88.7,105.53,0.16,13.8,B,0
2025-04-11 11:00:00,4.73,111.5,0.4424,0.8891,0.0483,398.29,377.18,52.2,59.2,85.0,108.5,97.0,100.99,0.18,15.1,A,0
2025-04-11 12:00:00,2.6,106.6,0.5193,0.88,0.0557,208.29,240.15,59.9,46.6,77.5,112.4,92.4,97.32,0.09,9.6,A,0
2025-04-11 13:00:00,2.77,116.0,0.5483,0.88,0.0542,277.9,299.01,69.4,46.6,81.6,113.7,93.0,96.12,0.13,12.0,A,0
2025-04-11 14:00:00,4.31,144.3,0.621,0.9514,0.0771,443.39,417.06,89.8,54.6,79.7,105.6,94.0,99.95,0.2,16.7,B,0
2025-04-11 15:00:00,3.72,83.6,0.4877,0.88,0.0493,266.15,264.08,44.1,39.5,85.0,111.0,97.5,94.54,0.12,10.6,B,0
2025-04-11 16:00:00,3.94,121.7,0.4568,0.9037,0.0358,358.48,355.37,59.1,62.7,83.6,105.9,102.8,99.94,0.16,14.2,B,0
2025-04-11 17:00:00,3.77,96.3,0.5138,0.8959,0.0527,271.15,269.81,52.7,43.6,79.5,107.3,95.6,95.24,0.12,10.8,B,0
2025-04-11 18:00:00,3.81,109.7,0.6027,0.9116,0.0554,292.45,304.39,70.1,39.6,84.6,111.0,91.4,101.02,0.13,12.2,B,0
2025-04-11 19:00:00,2.44,106.3,0.4864,0.9213,0.0537,250.84,239.71,53.0,53.3,77.1,108.1,87.8,101.89,0.11,9.6,C,0
2025-04-11 20:00:00,4.34,103.6,0.4236,0.88,0.046,340.17,325.67,46.9,56.7,76.6,110.5,100.8,100.74,0.15,13.0,A,0
2025-04-11 21:00:00,4.44,109.8,0.3767,0.9004,0.0367,333.81,333.46,43.2,66.6,79.3,110.1,95.9,107.82,0.15,13.3,B,0
2025-04-11 22:00:00,3.32,93.0,0.4023,0.9447,0.0358,268.93,280.06,37.5,55.5,76.1,106.7,93.8,100.68,0.12,11.2,B,0
2025-04-11 23:00:00,3.47,125.4,0.5692,0.8964,0.0576,317.57,289.94,76.5,48.9,81.7,111.3,95.3,106.49,0.14,11.6,B,0
2025-04-12 00:00:00,2.28,83.1,0.4744,0.88,0.0442,186.05,190.6,42.8,40.3,81.8,110.6,98.8,102.19,0.08,7.6,B,0
2025-04-12 01:00:00,3.91,118.1,0.4514,0.88,0.0491,322.48,291.13,57.2,60.9,80.8,110.1,92.9,107.34,0.15,11.6,A,0
2025-04-12 02:00:00,3.96,105.1,0.4427,0.88,0.0471,324.44,303.73,49.9,55.2,83.6,108.7,91.7,96.03,0.15,12.1,A,0
2025-04-12 03:00:00,3.45,92.4,0.5068,0.8997,0.0654,235.23,227.18,48.9,43.5,79.8,110.8,88.5,98.05,0.11,9.1,C,0
2025-04-12 04:00:00,4.4,113.0,0.4808,0.9314,0.0459,346.06,342.08,55.5,57.5,78.1,107.4,89.6,100.44,0.16,13.7,A,0
2025-04-12 05:00:00,3.23,86.6,0.4781,0.88,0.0463,221.37,230.32,44.9,41.8,79.6,108.0,93.3,106.11,0.1,9.2,B,0
2025-04-12 06:00:00,3.95,110.6,0.6079,0.88,0.06,331.04,319.22,73.9,36.7,78.3,110.6,100.4,100.58,0.15,12.8,B,0
2025-04-12 07:00:00,2.68,88.7,0.623,0.9236,0.0617,219.66,226.96,57.7,30.9,80.2,112.1,92.5,99.26,0.1,9.1,B,0
2025-04-12 08:00:00,3.48,116.9,0.3712,0.88,0.0423,283.04,294.95,45.9,71.0,83.8,109.0,96.3,103.12,0.13,11.8,B,0
2025-04-12 09:00:00,3.36,96.1,0.5262,0.88,0.0512,268.12,256.02,55.1,41.0,76.7,110.9,100.6,104.02,0.12,10.2,A,0
2025-04-12 10:00:00,3.68,103.2,0.4379,0.8818,0.0536,255.91,236.53,47.9,55.3,81.0,110.4,96.9,99.0,0.12,9.5,A,0
2025-04-12 11:00:00,3.2,114.4,0.4801,0.9016,0.0509,343.23,342.11,57.7,56.7,84.9,110.8,104.9,99.23,0.16,13.7,C,0
2025-04-12 12:00:00,3.39,98.4,0.5247,0.907,0.05,255.19,252.67,54.5,43.9,85.2,108.6,95.3,106.38,0.12,10.1,A,0
2025-04-12 13:00:00,4.16,109.1,0.483,0.88,0.0446,361.15,331.35,57.3,51.9,80.0,109.7,94.2,105.05,0.16,13.3,B,0
2025-04-12 14:00:00,3.15,87.3,0.5184,0.9312,0.057,234.8,245.11,46.1,41.2,88.6,109.9,93.1,105.85,0.11,9.8,B,0
2025-04-12 15:00:00,2.21,119.5,0.5538,0.88,0.0555,246.66,229.04,72.2,47.3,78.8,113.0,105.0,104.12,0.11,9.2,A,1
2025-04-12 16:00:00,4.9,136.5,0.5236,0.9152,0.0524,405.63,370.0,74.5,61.9,81.3,107.8,101.1,98.74,0.18,14.8,C,0
2025-04-12 17:00:00,4.61,151.9,0.4483,0.9124,0.0418,511.57,422.9,70.9,81.0,78.5,107.2,87.7,101.2,0.23,16.9,C,0
2025-04-12 18:00:00,2.47,111.4,0.4497,0.88,0.0447,243.95,250.04,54.0,57.4,83.3,116.0,105.6,98.12,0.11,10.0,A,0
2025-04-12 19:00:00,4.05,121.8,0.3848,0.88,0.0353,372.18,381.24,50.4,71.4,90.4,110.6,97.5,104.23,0.17,15.2,A,0
2025-04-12 20:00:00,3.1,83.3,0.4317,0.9311,0.05,219.1,220.9,36.1,47.2,87.5,111.1,95.6,99.67,0.1,8.8,A,0
2025-04-12 21:00:00,3.71,132.5,0.657,0.8963,0.0693,366.25,338.99,94.2,38.4,84.5,111.3,97.6,96.16,0.17,13.6,B,0
2025-04-12 22:00:00,3.74,121.6,0.4366,0.88,0.0428,312.46,329.29,57.2,64.4,80.2,111.5,90.2,101.64,0.14,13.2,A,0
2025-04-12 23:00:00,3.31,102.7,0.4045,0.9156,0.0395,268.15,275.08,42.8,59.9,81.5,111.8,96.0,104.68,0.12,11.0,A,0
2025-04-13 00:00:00,2.87,128.6,0.5256,0.88,0.053,288.5,314.41,73.5,55.1,85.3,111.6,93.5,97.17,0.13,12.6,C,0
2025-04-13 01:00:00,2.95,106.2,0.4912,0.88,0.0491,244.79,249.75,56.5,49.7,84.2,112.3,93.2,100.92,0.11,10.0,C,0
2025-04-13 02:00:00,2.77,103.1,0.4844,0.88,0.0437,246.86,252.21,54.3,48.8,82.2,110.3,99.8,99.64,0.11,10.1,B,0
2025-04-13 03:00:00,2.83,117.1,0.6127,0.9129,0.0518,282.73,297.68,76.3,40.8,82.4,112.1,93.7,104.27,0.13,11.9,C,0
2025-04-13 04:00:00,3.45,94.0,0.5439,0.898,0.0504,264.33,263.01,54.8,39.3,85.2,113.8,95.5,95.16,0.12,10.5,C,0
2025-04-13 05:00:00,2.93,125.3,0.4576,0.88,0.0451,293.58,292.63,61.9,63.4,85.9,110.4,96.6,104.7,0.13,11.7,A,0
2025-04-13 06:00:00,4.05,94.2,0.466,0.88,0.0429,297.32,262.12,47.6,46.6,77.5,111.0,99.7,99.18,0.14,10.5,C,0
2025-04-13 07:00:00,4.69,94.2,0.4598,0.9544,0.0501,324.62,339.9,42.7,51.5,82.7,108.8,101.3,100.82,0.15,13.6,C,0
2025-04-13 08:00:00,3.04,96.4,0.57,0.88,0.0559,246.34,253.48,60.1,36.2,83.7,109.7,95.1,103.88,0.11,10.1,C,1
2025-04-13 09:00:00,3.69,121.4,0.4753,0.8962,0.0569,339.49,327.02,60.5,60.9,80.4,110.7,93.1,105.74,0.15,13.1,C,0
2025-04-13 10:00:00,3.9,100.7,0.3565,0.8842,0.0328,326.02,329.69,38.3,62.4,85.8,109.2,104.5,101.45,0.15,13.2,C,1
2025-04-13 11:00:00,3.88,89.8,0.4961,0.9032,0.0503,242.57,234.0,46.9,42.8,81.1,110.2,82.1,99.13,0.11,9.4,C,0
2025-04-13 12:00:00,3.56,100.9,0.377,0.9445,0.0363,272.79,265.48,37.9,63.0,85.9,110.7,99.3,99.71,0.12,10.6,C,0
2025-04-13 13:00:00,4.09,109.5,0.6747,0.88,0.0697,338.39,335.59,81.8,27.7,80.9,113.0,94.3,104.8,0.15,13.4,C,0
2025-04-13 14:00:00,3.89,92.3,0.4227,0.9006,0.0476,239.76,244.25,40.6,51.7,82.8,108.3,97.9,98.65,0.11,9.8,B,0
2025-04-13 15:00:00,2.51,92.7,0.4871,0.88,0.0517,235.22,244.41,48.7,44.0,82.7,110.8,95.2,102.29,0.11,9.8,A,0
2025-04-13 16:00:00,4.2,141.7,0.5207,0.9637,0.0419,427.39,407.81,73.6,68.1,87.0,108.8,101.4,101.32,0.19,16.3,C,0
2025-04-13 17:00:00,4.21,97.1,0.4769,0.8863,0.0502,327.12,326.82,49.5,47.5,84.2,111.5,97.1,103.58,0.15,13.1,A,0
2025-04-13 18:00:00,2.89,105.2,0.4768,0.88,0.0426,277.39,260.21,54.5,50.6,80.6,111.7,87.9,101.4,0.13,10.4,C,0
2025-04-13 19:00:00,3.53,104.5,0.5337,0.88,0.0518,296.45,308.09,60.8,43.7,81.2,113.4,87.7,100.0,0.13,12.3,B,0
2025-04-13 20:00:00,4.05,103.7,0.6221,0.88,0.0657,253.21,250.02,70.8,32.8,81.2,109.1,93.9,99.79,0.12,10.0,C,0
2025-04-13 21:00:00,3.33,119.3,0.5614,0.88,0.0505,312.3,306.22,73.5,45.8,82.1,110.3,98.0,99.73,0.14,12.2,B,0
2025-04-13 22:00:00,4.36,124.2,0.6183,0.88,0.0676,389.87,361.43,84.2,40.0,79.2,111.6,101.5,97.16,0.18,14.5,C,0
2025-04-13 23:00:00,5.39,105.4,0.4163,0.8836,0.0399,350.23,333.42,47.0,58.4,81.8,111.3,91.7,102.82,0.16,13.3,C,0
2025-04-14 00:00:00,2.87,91.5,0.5254,0.8842,0.0634,195.34,207.94,51.5,40.0,86.1,105.0,83.9,101.93,0.09,8.3,A,0
2025-04-14 01:00:00,2.4,129.1,0.5124,0.884,0.0516,279.31,286.14,71.5,57.6,86.0,108.6,97.2,96.9,0.13,11.4,C,0
2025-04-14 02:00:00,3.74,108.6,0.5281,0.88,0.0613,275.31,284.56,61.9,46.7,77.3,111.1,95.2,100.08,0.13,11.4,C,0
2025-04-14 03:00:00,4.08,136.0,0.6101,0.88,0.067,466.29,444.91,90.8,45.1,76.8,109.6,95.7,100.47,0.21,17.8,B,0
2025-04-14 04:00:00,3.32,76.3,0.4823,0.883,0.0452,219.0,220.6,39.8,36.5,80.2,111.6,89.5,99.54,0.1,8.8,A,0
2025-04-14 05:00:00,4.66,112.9,0.4676,0.88,0.0402,412.96,397.5,57.5,55.5,76.7,112.1,101.0,100.94,0.19,15.9,C,0
2025-04-14 06:00:00,2.43,138.8,0.5427,0.8939,0.0548,288.69,288.33,80.7,58.1,78.2,109.6,90.9,100.98,0.13,11.5,A,0
2025-04-14 07:00:00,4.05,104.7,0.3577,0.88,0.0329,334.48,325.15,40.2,64.5,83.1,111.2,96.5,103.98,0.15,13.0,A,0
2025-04-14 08:00:00,3.02,106.6,0.4811,0.9297,0.056,265.19,271.43,51.9,54.8,81.9,112.9,96.4,101.29,0.12,10.9,C,0
2025-04-14 09:00:00,4.88,114.4,0.4893,0.9041,0.0477,419.98,374.21,59.0,55.4,76.8,112.0,97.7,103.08,0.19,15.0,C,0
2025-04-14 10:00:00,5.09,101.6,0.4264,0.8895,0.0411,296.52,266.5,46.1,55.5,85.5,108.5,91.3,97.13,0.13,10.7,C,1
2025-04-14 11:00:00,2.89,105.3,0.5846,0.9239,0.0515,272.85,285.72,64.4,41.0,80.7,109.6,90.4,98.12,0.12,11.4,C,0
2025-04-14 12:00:00,3.06,104.9,0.415,0.8884,0.0436,277.28,274.14,46.1,58.8,80.4,110.1,99.3,97.18,0.13,11.0,C,0
2025-04-14 13:00:00,4.19,100.6,0.4891,0.88,0.043,306.89,306.28,53.6,47.0,85.0,108.1,97.8,100.11,0.14,12.3,A,0
2025-04-14 14:00:00,3.19,128.4,0.5235,0.88,0.0546,308.08,290.51,73.0,55.5,83.2,112.1,96.7,101.47,0.14,11.6,B,0
2025-04-14 15:00:00,3.46,116.9,0.6083,0.891,0.0637,303.13,313.92,77.0,40.0,81.9,108.7,100.6,106.3,0.14,12.6,A,0
2025-04-14 16:00:00,3.52,113.8,0.4992,0.88,0.0462,314.38,311.9,61.8,52.0,80.5,109.8,96.7,98.81,0.14,12.5,C,0
2025-04-14 17:00:00,1.96,122.1,0.5749,0.9144,0.0623,252.99,253.11,73.5,48.7,83.7,112.1,93.1,103.85,0.11,10.1,A,0
2025-04-14 18:00:00,3.49,106.0,0.556,0.88,0.0542,275.28,277.33,64.4,41.6,80.7,109.1,97.6,98.8,0.13,11.1,B,0
2025-04-14 19:00:00,2.95,98.4,0.5099,0.88,0.0436,211.17,203.87,54.8,43.5,81.3,109.3,97.3,101.37,0.1,8.2,A,0
2025-04-14 20:00:00,3.11,101.0,0.4128,0.9433,0.049,308.74,307.32,41.1,59.9,78.5,110.7,97.4,100.84,0.14,12.3,C,0
2025-04-14 21:00:00,4.65,110.0,0.3852,0.8894,0.0339,381.99,388.83,45.2,64.8,85.4,109.2,90.6,98.53,0.17,15.6,C,0
2025-04-14 22:00:00,2.49,94.1,0.5085,0.88,0.0534,208.02,219.6,51.8,42.3,86.7,113.1,90.1,98.76,0.09,8.8,C,0
2025-04-14 23:00:00,4.15,102.5,0.4566,0.88,0.0478,345.34,336.27,50.3,52.1,82.6,108.2,99.4,106.09,0.16,13.5,B,0
2025-04-15 00:00:00,3.28,102.3,0.5735,0.88,0.0593,289.09,281.83,64.1,38.2,80.5,105.4,94.3,99.7,0.13,11.3,C,0
2025-04-15 01:00:00,3.28,141.9,0.5597,0.88,0.0578,368.26,369.97,86.6,55.3,84.8,111.7,85.3,104.3,0.17,14.8,C,0
2025-04-15 02:00:00,4.13,68.4,0.4852,0.88,0.0437,217.13,235.92,36.1,32.3,83.8,109.3,88.1,103.34,0.1,9.4,C,0
2025-04-15 03:00:00,3.77,107.3,0.4074,0.8896,0.0492,323.12,308.72,45.7,61.6,80.7,108.4,88.4,99.47,0.15,12.3,C,0
2025-04-15 04:00:00,3.96,135.9,0.5409,0.8935,0.0589,423.45,406.39,78.5,57.4,85.5,110.8,100.3,101.29,0.19,16.3,A,0
2025-04-15 05:00:00,4.27,111.8,0.4186,0.935,0.0442,294.19,292.97,47.0,64.8,80.7,110.8,94.8,101.66,0.13,11.7,C,0
2025-04-15 06:00:00,3.23,121.3,0.4393,0.9087,0.0373,312.62,311.06,56.0,65.3,78.1,108.5,95.2,102.76,0.14,12.4,A,0
2025-04-15 07:00:00,3.01,111.5,0.4216,0.9171,0.0373,280.23,268.99,48.7,62.8,81.8,112.4,93.2,100.08,0.13,10.8,B,0
2025-04-15 08:00:00,2.63,100.0,0.4889,0.8827,0.0522,236.41,252.43,52.6,47.4,85.3,111.7,89.7,96.78,0.11,10.1,A,0
2025-04-15 09:00:00,2.84,76.4,0.5936,0.9357,0.0493,197.3,212.44,46.9,29.5,82.3,113.9,98.8,99.2,0.09,8.5,A,0
2025-04-15 10:00:00,5.86,113.1,0.4996,0.88,0.0517,483.83,475.98,61.2,51.9,78.5,109.1,98.3,104.8,0.22,19.0,A,0
2025-04-15 11:00:00,4.5,98.4,0.4645,0.88,0.0398,314.59,292.49,49.7,48.6,80.8,110.3,91.5,101.21,0.14,11.7,A,0
2025-04-15 12:00:00,2.42,98.0,0.378,0.88,0.0335,217.48,215.09,39.9,58.1,85.6,110.5,102.0,100.04,0.1,8.6,A,0
2025-04-15 13:00:00,2.44,102.5,0.5442,0.9229,0.0474,232.0,257.51,58.2,44.3,82.8,109.3,98.7,96.87,0.11,10.3,A,0
2025-04-15 14:00:00,3.89,136.2,0.4376,0.8889,0.045,376.71,378.57,63.3,72.8,81.9,110.8,90.7,105.01,0.17,15.1,B,0
2025-04-15 15:00:00,3.94,146.1,0.5094,0.9885,0.0565,360.65,334.06,71.0,75.1,81.6,111.0,93.6,100.68,0.16,13.4,C,0
2025-04-15 16:00:00,3.94,113.3,0.4717,0.8813,0.0489,335.69,337.72,57.5,55.7,85.2,111.0,93.2,104.56,0.15,13.5,B,0
2025-04-15 17:00:00,3.3,103.0,0.5671,0.913,0.059,276.3,269.38,61.3,41.7,85.0,109.3,96.6,103.35,0.13,10.8,A,0
2025-04-15 18:00:00,3.4,92.3,0.4874,0.8992,0.0496,245.72,231.12,47.6,44.8,77.8,109.6,87.9,103.69,0.11,9.2,A,0
2025-04-15 19:00:00,3.76,117.0,0.4953,0.88,0.0529,324.97,287.22,62.6,54.4,84.8,108.9,91.5,106.28,0.15,11.5,A,0
2025-04-15 20:00:00,3.57,136.7,0.5389,0.8961,0.0562,263.04,263.34,78.6,58.2,83.5,108.5,99.0,101.66,0.12,10.5,B,0
2025-04-15 21:00:00,1.72,106.3,0.6686,0.88,0.0533,212.29,234.53,79.1,27.2,86.8,109.9,87.1,100.9,0.1,9.4,A,0
2025-04-15 22:00:00,3.32,74.3,0.5711,0.8887,0.0616,224.83,245.64,45.8,28.5,81.8,113.0,94.0,105.99,0.1,9.8,B,0
2025-04-15 23:00:00,2.82,120.1,0.4929,0.919,0.0533,248.56,264.59,61.0,59.1,85.4,114.1,88.9,103.8,0.11,10.6,A,0
2025-04-16 00:00:00,3.64,124.8,0.5003,0.88,0.0482,319.95,323.24,67.8,57.0,83.4,112.6,99.6,99.19,0.15,12.9,A,0
2025-04-16 01:00:00,5.89,86.2,0.458,0.9041,0.0359,389.93,376.7,41.9,44.3,78.7,109.1,96.7,104.43,0.18,15.1,B,0
2025-04-16 02:00:00,3.79,112.6,0.424,0.9165,0.0436,288.83,299.65,49.1,63.6,85.1,110.8,87.7,105.84,0.13,12.0,B,0
2025-04-16 03:00:00,3.25,116.8,0.4558,0.8807,0.0472,309.95,276.97,57.2,59.5,84.4,105.9,89.8,94.4,0.14,11.1,B,0
2025-04-16 04:00:00,4.24,108.9,0.4382,0.88,0.0416,321.16,326.49,51.5,57.4,80.1,109.7,95.1,97.57,0.15,13.1,B,0
2025-04-16 05:00:00,3.89,98.1,0.5523,0.9693,0.0562,299.59,280.38,53.3,44.8,82.9,109.2,83.5,98.87,0.14,11.2,A,0
2025-04-16 06:00:00,3.84,125.2,0.4143,0.9127,0.0468,354.35,327.45,53.2,72.1,88.3,113.7,89.5,103.47,0.16,13.1,A,0
2025-04-16 07:00:00,3.99,103.9,0.6067,0.88,0.0727,301.78,305.44,68.8,35.2,80.6,110.5,90.9,103.67,0.14,12.2,C,0
2025-04-16 08:00:00,5.15,87.7,0.5602,0.9279,0.0568,330.01,333.53,50.7,37.0,84.2,110.1,101.4,102.86,0.15,13.3,A,0
2025-04-16 09:00:00,2.6,79.3,0.5016,0.88,0.0518,185.45,192.83,43.0,36.2,78.7,109.9,92.1,103.93,0.08,7.7,A,0
2025-04-16 10:00:00,3.88,128.9,0.5,0.88,0.0459,308.37,310.58,70.2,58.7,80.3,109.4,98.3,97.98,0.14,12.4,A,0
2025-04-16 11:00:00,2.76,119.2,0.4554,0.9187,0.043,253.33,261.39,56.2,63.1,84.4,111.1,92.6,97.68,0.12,10.5,A,0
2025-04-16 12:00:00,3.94,111.3,0.5216,0.88,0.0515,296.37,288.0,63.2,48.2,82.8,108.7,98.7,105.06,0.13,11.5,A,0
2025-04-16 13:00:00,2.77,103.4,0.587,0.9491,0.0646,213.42,222.8,61.1,42.3,81.4,111.1,87.2,101.61,0.1,8.9,C,0
2025-04-16 14:00:00,3.17,102.1,0.4437,0.8811,0.0485,270.46,293.81,48.5,53.6,87.1,112.9,91.4,104.93,0.12,11.8,B,1
2025-04-16 15:00:00,3.26,93.9,0.3773,0.9258,0.0474,246.66,246.71,35.3,58.6,79.2,110.2,94.5,99.2,0.11,9.9,A,0
2025-04-16 16:00:00,4.28,103.5,0.5563,0.88,0.0482,333.02,319.57,63.2,40.3,81.6,109.4,95.9,98.13,0.15,12.8,A,0
2025-04-16 17:00:00,4.23,78.2,0.5259,0.9135,0.046,265.33,267.23,43.3,34.9,83.5,109.8,96.6,97.49,0.12,10.7,B,0
2025-04-16 18:00:00,2.5,99.0,0.4104,0.9038,0.0465,236.46,239.15,42.0,57.0,79.4,112.4,96.0,103.7,0.11,9.6,B,0
2025-04-16 19:00:00,3.54,105.3,0.4413,0.9279,0.0514,299.06,304.25,46.9,58.5,83.5,110.3,97.5,104.7,0.14,12.2,C,0
2025-04-16 20:00:00,2.93,119.1,0.4313,0.9222,0.0433,261.32,278.44,52.6,66.6,85.2,108.8,94.9,102.93,0.12,11.1,C,0
2025-04-16 21:00:00,2.49,109.4,0.442,0.8918,0.0219,252.15,251.69,52.8,56.6,81.7,111.6,95.9,99.85,0.11,10.1,C,0
2025-04-16 22:00:00,3.33,121.9,0.4741,0.88,0.0437,319.59,300.02,62.7,59.2,79.9,108.6,89.9,103.21,0.15,12.0,B,0
2025-04-16 23:00:00,3.25,130.2,0.4787,0.88,0.0495,387.62,402.01,67.3,62.9,81.1,109.5,86.9,103.13,0.18,16.1,A,0
2025-04-17 00:00:00,5.44,125.9,0.4479,0.88,0.0403,455.72,429.68,61.1,64.8,74.0,110.5,89.4,95.22,0.21,17.2,B,0
2025-04-17 01:00:00,3.85,117.1,0.4393,0.88,0.0449,344.51,307.88,55.3,61.8,85.0,108.4,86.6,100.25,0.16,12.3,A,0
2025-04-17 02:00:00,2.4,110.2,0.4817,0.88,0.0577,235.41,258.73,56.8,53.4,82.8,106.4,96.1,102.14,0.11,10.3,B,0
2025-04-17 03:00:00,3.05,95.3,0.5134,0.8889,0.0585,243.81,258.91,52.2,43.1,81.5,110.9,99.7,104.62,0.11,10.4,B,0
2025-04-17 04:00:00,4.32,121.1,0.4747,0.88,0.0515,371.35,380.92,61.9,59.2,77.0,105.6,90.3,101.04,0.17,15.2,B,0
2025-04-17 05:00:00,5.17,135.2,0.5927,0.888,0.0589,449.0,449.02,87.0,48.2,85.3,108.1,100.0,101.75,0.2,18.0,B,0
2025-04-17 06:00:00,2.23,115.1,0.5406,0.88,0.0516,239.31,270.31,68.0,47.2,80.7,111.6,97.3,101.1,0.11,10.8,A,0
2025-04-17 07:00:00,2.0,138.8,0.3727,0.88,0.0411,270.79,258.24,54.9,83.9,83.7,110.8,92.2,102.1,0.12,10.3,A,0
2025-04-17 08:00:00,5.0,87.1,0.5419,0.9096,0.0543,300.25,285.06,49.7,37.5,82.0,109.7,93.3,97.19,0.14,11.4,A,0
2025-04-17 09:00:00,3.81,92.7,0.5484,0.8804,0.0551,291.62,281.78,55.4,37.3,77.2,108.2,100.6,99.48,0.13,11.3,A,0
2025-04-17 10:00:00,2.81,122.8,0.4652,0.88,0.0388,300.4,288.69,62.3,60.6,85.8,109.1,83.4,94.61,0.14,11.5,C,0
2025-04-17 11:00:00,3.93,114.0,0.3804,0.8829,0.0345,306.07,301.76,46.5,67.5,85.2,111.2,100.6,99.97,0.14,12.1,C,0
2025-04-17 12:00:00,1.5,129.7,0.5006,0.9196,0.0538,196.51,202.94,66.9,62.8,84.3,109.7,99.5,102.79,0.09,8.1,B,0
2025-04-17 13:00:00,3.5,109.8,0.4994,0.9009,0.0444,308.2,286.39,58.3,51.5,82.9,107.5,92.1,98.92,0.14,11.5,A,0
2025-04-17 14:00:00,3.76,97.0,0.4103,0.9178,0.0424,267.36,257.32,40.8,56.2,78.4,108.2,94.5,100.55,0.12,10.3,A,0
2025-04-17 15:00:00,4.24,106.8,0.3839,0.88,0.0405,300.52,291.69,43.7,63.1,84.6,109.1,103.1,102.47,0.14,11.7,B,0
2025-04-17 16:00:00,2.69,87.0,0.493,0.8887,0.0517,238.04,253.91,45.9,41.1,88.6,110.7,88.5,109.47,0.11,10.2,B,0
2025-04-17 17:00:00,3.57,93.1,0.4814,0.8968,0.0509,242.06,239.83,47.4,45.7,82.3,110.2,94.1,101.06,0.11,9.6,B,0
2025-04-17 18:00:00,2.76,124.6,0.4666,0.8896,0.0498,248.52,259.8,61.8,62.7,82.4,107.5,98.2,103.46,0.11,10.4,A,0
2025-04-17 19:00:00,3.7,123.1,0.4933,0.8823,0.0462,316.84,291.52,65.8,57.3,78.7,112.7,96.0,100.74,0.14,11.7,A,0
2025-04-17 20:00:00,2.78,115.4,0.4118,0.901,0.0338,273.47,235.27,50.3,65.1,75.8,108.5,95.3,102.37,0.12,9.4,A,0
2025-04-17 21:00:00,3.17,84.2,0.4652,0.8848,0.0422,226.96,231.63,42.3,41.9,80.9,110.9,104.1,101.21,0.1,9.3,C,0
2025-04-17 22:00:00,2.7,104.6,0.5427,0.88,0.0579,280.29,270.98,61.7,42.9,86.4,108.1,89.5,100.03,0.13,10.8,B,0
2025-04-17 23:00:00,4.02,91.6,0.472,0.9747,0.0412,262.35,253.16,42.3,49.3,86.0,115.0,89.7,100.69,0.12,10.1,A,0
2025-04-18 00:00:00,4.19,127.6,0.3662,0.88,0.0314,388.86,354.02,50.4,77.3,81.8,112.7,82.4,105.04,0.18,14.2,B,0
2025-04-18 01:00:00,3.31,101.2,0.4622,0.9135,0.041,292.93,280.18,48.9,52.4,83.3,108.5,89.6,102.17,0.13,11.2,C,0
2025-04-18 02:00:00,3.53,93.7,0.4144,0.925,0.0322,248.3,240.64,40.1,53.6,78.3,110.2,91.7,97.71,0.11,9.6,B,0
2025-04-18 03:00:00,2.34,110.4,0.5214,0.9225,0.0464,247.49,240.94,59.9,50.6,82.3,107.9,96.6,100.03,0.11,9.6,A,0
2025-04-18 04:00:00,3.26,100.4,0.5255,0.8867,0.0576,224.68,218.0,56.7,43.7,80.4,109.3,99.8,98.62,0.1,8.7,B,0
2025-04-18 05:00:00,3.46,132.3,0.3673,0.8873,0.0331,396.79,341.36,51.7,80.5,82.2,110.8,90.2,104.08,0.18,13.7,A,0
2025-04-18 06:00:00,5.6,99.0,0.5607,0.88,0.0473,408.94,349.2,61.0,38.0,81.2,111.7,94.3,99.02,0.19,14.0,C,0
2025-04-18 07:00:00,2.61,89.0,0.411,0.9377,0.0385,199.75,230.68,36.9,52.1,81.1,107.5,102.0,103.89,0.09,9.2,C,0
2025-04-18 08:00:00,4.67,77.7,0.6247,0.88,0.065,288.63,284.56,53.4,24.3,85.0,108.5,94.1,104.23,0.13,11.4,A,0
2025-04-18 09:00:00,4.3,109.5,0.4961,0.8815,0.0405,378.24,386.01,59.3,50.2,87.9,111.9,97.6,101.73,0.17,15.4,C,0
2025-04-18 10:00:00,3.72,101.6,0.4003,0.88,0.0448,259.02,258.21,43.2,58.3,81.5,112.6,100.6,102.93,0.12,10.3,B,0
2025-04-18 11:00:00,4.91,88.6,0.4086,0.9069,0.0337,295.88,289.69,38.0,50.5,86.3,108.5,90.4,99.8,0.13,11.6,C,0
2025-04-18 12:00:00,3.8,127.8,0.5278,0.8877,0.0508,397.94,383.44,72.9,55.0,78.3,111.9,89.3,103.85,0.18,15.3,C,0
2025-04-18 13:00:00,3.81,120.0,0.4687,0.9408,0.0448,340.65,338.82,56.8,63.2,81.7,107.5,103.1,97.58,0.15,13.6,C,0
2025-04-18 14:00:00,3.46,109.6,0.4923,0.9006,0.0464,304.87,282.99,57.2,52.4,78.1,109.4,97.9,99.91,0.14,11.3,C,0
2025-04-18 15:00:00,4.48,130.5,0.629,0.9109,0.0626,409.91,381.81,87.1,43.3,81.1,107.7,88.4,100.38,0.19,15.3,A,0
2025-04-18 16:00:00,4.38,119.9,0.4441,0.88,0.0483,401.21,386.23,57.1,62.9,84.1,109.2,89.7,104.26,0.18,15.4,C,0
2025-04-18 17:00:00,3.0,97.7,0.5048,0.9356,0.0503,255.3,236.03,50.1,47.5,85.4,113.8,94.0,106.42,0.12,9.4,A,0
2025-04-18 18:00:00,2.44,94.4,0.6136,0.88,0.0583,214.33,234.0,63.8,30.6,79.7,109.9,102.0,99.94,0.1,9.4,A,0
2025-04-18 19:00:00,3.34,122.3,0.5216,0.9345,0.0545,259.45,272.25,64.9,57.4,83.4,109.4,99.9,101.01,0.12,10.9,A,0
2025-04-18 20:00:00,2.86,115.9,0.3715,0.8873,0.0382,288.09,259.15,45.5,70.4,85.7,108.9,100.3,97.76,0.13,10.4,B,0
2025-04-18 21:00:00,3.45,112.5,0.5404,0.9097,0.0507,318.63,298.93,64.2,48.4,85.3,109.4,92.8,101.05,0.14,12.0,B,0
2025-04-18 22:00:00,4.49,97.3,0.407,0.88,0.0409,283.99,282.65,42.4,54.9,82.8,108.4,95.0,104.6,0.13,11.3,A,0
2025-04-18 23:00:00,3.13,119.1,0.6125,0.8949,0.0575,267.38,276.84,79.0,40.2,80.2,110.3,91.0,95.91,0.12,11.1,B,0
2025-04-19 00:00:00,3.47,98.7,0.4342,0.9343,0.0391,281.72,297.73,43.5,55.1,79.9,109.9,92.9,101.36,0.13,11.9,C,0
2025-04-19 01:00:00,3.55,108.5,0.7376,0.9539,0.0778,301.37,288.0,81.7,26.8,79.5,109.1,89.4,103.45,0.14,11.5,B,0
2025-04-19 02:00:00,4.18,131.7,0.6174,0.9262,0.064,323.68,347.3,84.5,47.2,81.9,108.9,90.6,101.47,0.15,13.9,C,0
2025-04-19 03:00:00,1.7,100.1,0.4363,0.88,0.0475,174.13,187.65,46.7,53.3,79.5,110.4,91.4,100.73,0.08,7.5,B,0
2025-04-19 04:00:00,3.01,86.4,0.5016,0.9146,0.0533,228.89,232.37,45.0,41.4,84.0,108.5,94.3,103.93,0.1,9.3,A,0
2025-04-19 05:00:00,3.67,94.2,0.5603,0.8832,0.0516,284.82,288.9,57.6,36.6,82.7,109.5,97.1,98.87,0.13,11.6,A,0
2025-04-19 06:00:00,4.46,124.9,0.5627,0.9012,0.0613,371.09,360.33,74.6,50.3,82.5,109.1,103.3,98.96,0.17,14.4,B,0
2025-04-19 07:00:00,3.11,113.8,0.5354,0.88,0.0521,280.26,281.25,66.4,47.4,76.5,105.6,93.2,95.76,0.13,11.3,C,0
2025-04-19 08:00:00,2.0,108.1,0.6002,0.9096,0.0647,197.78,224.9,68.5,39.6,82.1,111.7,97.9,102.28,0.09,9.0,C,0
2025-04-19 09:00:00,4.0,102.4,0.4902,0.8924,0.0484,339.54,332.18,53.6,48.8,80.6,106.3,94.1,101.96,0.15,13.3,A,0
2025-04-19 10:00:00,2.99,117.3,0.4707,0.88,0.0486,288.16,272.88,59.5,57.7,88.5,106.5,99.8,99.58,0.13,10.9,C,0
2025-04-19 11:00:00,2.55,97.3,0.4723,0.8938,0.0489,211.04,211.85,48.7,48.5,78.2,111.8,88.7,98.62,0.1,8.5,A,0
2025-04-19 12:00:00,3.0,114.6,0.5687,0.8917,0.0609,252.7,270.61,70.0,44.6,81.4,107.8,92.3,101.16,0.11,10.8,B,0
2025-04-19 13:00:00,3.35,99.0,0.5292,0.88,0.0447,238.21,249.4,57.4,41.6,83.1,105.8,98.3,101.59,0.11,10.0,B,0
2025-04-19 14:00:00,3.02,96.5,0.5233,0.8918,0.0444,278.97,258.67,54.6,42.0,79.1,112.7,97.9,97.71,0.13,10.3,B,0
2025-04-19 15:00:00,1.74,100.4,0.5636,0.88,0.0597,184.99,184.62,61.7,38.7,87.8,108.7,98.0,95.46,0.08,7.4,A,0
2025-04-19 16:00:00,4.22,104.4,0.3359,0.88,0.0354,311.4,305.02,37.1,67.2,87.8,112.4,102.0,96.12,0.14,12.2,B,0
2025-04-19 17:00:00,4.52,109.3,0.5248,0.9293,0.0486,345.14,342.41,59.1,50.2,79.4,108.2,86.3,96.94,0.16,13.7,C,0
2025-04-19 18:00:00,4.02,113.5,0.5175,0.88,0.0536,317.07,300.37,63.7,49.8,80.2,106.7,88.7,97.68,0.14,12.0,A,0
2025-04-19 19:00:00,2.59,60.0,0.6335,0.9012,0.0563,156.54,161.88,41.0,19.0,88.4,109.4,97.8,101.05,0.07,6.5,C,0
2025-04-19 20:00:00,3.34,97.9,0.3777,0.88,0.0541,263.09,251.05,38.4,59.5,86.2,107.6,99.1,101.55,0.12,10.0,B,0
2025-04-19 21:00:00,3.49,104.1,0.6246,0.88,0.069,284.36,301.6,71.3,32.8,80.9,110.8,98.3,100.8,0.13,12.1,A,0
2025-04-19 22:00:00,3.98,132.6,0.506,0.88,0.0537,338.38,334.77,72.6,60.0,83.3,111.4,108.5,102.38,0.15,13.4,A,0
2025-04-19 23:00:00,4.03,93.8,0.5391,0.9255,0.0543,307.2,314.18,52.2,41.6,77.8,111.9,90.4,102.5,0.14,12.6,A,0
2025-04-20 00:00:00,2.91,112.4,0.6341,0.9408,0.0603,257.81,271.9,73.3,39.2,88.6,109.4,96.8,102.29,0.12,10.9,B,0
2025-04-20 01:00:00,3.57,132.4,0.5449,0.88,0.0479,332.39,313.69,79.1,53.3,82.2,112.8,94.6,101.57,0.15,12.5,A,0
2025-04-20 02:00:00,3.87,90.3,0.532,0.8801,0.0526,254.24,252.07,52.3,38.0,83.8,108.1,98.1,98.13,0.12,10.1,A,0
2025-04-20 03:00:00,4.66,115.9,0.5194,0.9068,0.0476,343.74,329.73,63.6,52.3,79.2,110.3,96.9,97.29,0.16,13.2,B,0
2025-04-20 04:00:00,4.06,98.0,0.4613,0.9273,0.0421,304.67,304.37,46.4,51.6,78.6,109.7,92.4,99.61,0.14,12.2,B,0
2025-04-20 05:00:00,4.13,102.4,0.4977,0.9064,0.0427,336.32,341.44,54.0,48.5,83.4,113.9,96.9,104.71,0.15,13.7,C,0
2025-04-20 06:00:00,3.57,98.0,0.4428,0.88,0.0455,257.51,279.35,46.6,51.3,87.7,112.4,95.4,108.33,0.12,11.2,C,0
2025-04-20 07:00:00,4.63,99.0,0.4964,0.8806,0.0478,277.3,285.31,53.3,45.7,80.4,110.1,95.6,102.97,0.13,11.4,C,0
2025-04-20 08:00:00,3.83,150.8,0.3131,0.88,0.034,376.69,373.34,49.8,101.1,79.1,110.4,100.7,102.37,0.17,14.9,A,0
2025-04-20 09:00:00,2.81,122.7,0.5343,0.88,0.0557,273.27,294.66,71.2,51.4,82.9,113.1,107.4,104.5,0.12,11.8,B,0
2025-04-20 10:00:00,4.62,126.5,0.4903,0.8828,0.0502,361.91,344.47,66.9,59.7,86.9,108.5,85.4,105.84,0.16,13.8,C,0
2025-04-20 11:00:00,4.06,117.4,0.4731,0.88,0.0606,329.1,336.36,59.1,58.3,80.1,105.9,101.4,98.53,0.15,13.5,C,0
2025-04-20 12:00:00,3.15,85.9,0.5176,0.88,0.0559,218.24,230.87,48.1,37.8,81.3,108.1,98.2,110.01,0.1,9.2,B,0
2025-04-20 13:00:00,3.12,115.9,0.3853,0.8836,0.0322,288.23,292.53,48.1,67.8,84.5,109.2,91.3,106.06,0.13,11.7,A,0
2025-04-20 14:00:00,3.74,126.1,0.6543,0.9044,0.0677,305.21,296.65,88.4,37.7,84.8,112.7,93.2,97.2,0.14,11.9,B,0
2025-04-20 15:00:00,3.87,97.2,0.4918,0.88,0.0489,300.44,277.57,51.8,45.4,81.1,112.1,99.4,98.3,0.14,11.1,B,0
2025-04-20 16:00:00,3.66,124.5,0.4883,0.9072,0.0421,388.05,375.53,64.2,60.3,85.3,109.9,95.3,109.75,0.18,15.0,B,0
2025-04-20 17:00:00,3.75,120.6,0.4228,0.88,0.0352,377.2,366.21,55.3,65.3,83.6,110.9,94.8,104.41,0.17,14.6,A,0
2025-04-20 18:00:00,4.86,137.8,0.5019,0.9099,0.0525,430.12,395.08,72.2,65.6,82.0,108.6,91.6,99.51,0.2,15.8,C,0
2025-04-20 19:00:00,4.36,103.7,0.611,0.9217,0.0646,346.44,333.05,66.1,37.6,84.7,114.2,91.2,101.54,0.16,13.3,C,0
2025-04-20 20:00:00,3.65,93.5,0.5829,0.88,0.0531,279.56,267.15,59.9,33.6,84.3,112.4,90.2,103.56,0.13,10.7,A,0
2025-04-20 21:00:00,4.25,104.6,0.5684,0.8818,0.0617,323.47,302.95,64.6,40.0,78.9,110.1,92.5,103.97,0.15,12.1,B,1
2025-04-20 22:00:00,2.67,131.5,0.5437,0.88,0.0558,295.9,285.47,77.9,53.7,86.5,109.9,94.4,105.4,0.13,11.4,B,0
2025-04-20 23:00:00,3.82,82.6,0.4713,0.9234,0.0531,262.52,248.32,39.7,42.9,83.0,111.4,96.8,102.03,0.12,9.9,C,0
2025-04-21 00:00:00,4.95,79.0,0.384,0.88,0.0438,305.59,292.18,32.1,46.8,86.1,109.9,90.9,102.14,0.14,11.7,C,0
2025-04-21 01:00:00,3.33,111.3,0.4839,0.9059,0.0476,271.26,278.8,56.6,54.7,82.2,106.4,98.8,100.21,0.12,11.2,B,0
2025-04-21 02:00:00,2.82,103.4,0.4811,0.88,0.0563,262.29,279.17,53.3,50.1,82.7,113.1,90.5,98.51,0.12,11.2,A,1
2025-04-21 03:00:00,2.98,110.1,0.5839,0.88,0.0528,305.54,326.66,70.7,39.4,83.2,112.3,98.8,98.37,0.14,13.1,C,1
2025-04-21 04:00:00,2.63,124.2,0.5248,0.9036,0.0644,295.15,285.86,68.1,56.1,83.6,110.7,90.7,100.87,0.13,11.4,A,0
2025-04-21 05:00:00,2.87,101.7,0.629,0.88,0.0585,277.18,289.74,70.6,31.1,86.6,109.2,105.1,102.33,0.13,11.6,A,0
2025-04-21 06:00:00,3.2,81.9,0.5958,0.88,0.0593,177.67,193.56,53.5,28.4,83.4,110.0,98.2,96.93,0.08,7.7,B,0
2025-04-21 07:00:00,2.38,140.7,0.4635,0.88,0.0435,301.56,293.28,70.6,70.0,81.9,104.7,99.2,107.44,0.14,11.7,A,0
2025-04-21 08:00:00,3.51,95.0,0.3564,0.88,0.0338,270.1,274.21,36.2,58.8,85.0,107.8,94.1,99.21,0.12,11.0,B,0
2025-04-21 09:00:00,4.22,94.1,0.6108,0.9211,0.0757,320.96,327.85,59.6,34.5,83.3,113.5,98.0,98.73,0.15,13.1,A,0
2025-04-21 10:00:00,2.77,126.6,0.6088,0.9162,0.0586,261.92,257.08,81.2,45.4,90.9,111.0,88.7,101.22,0.12,10.3,C,0
2025-04-21 11:00:00,4.72,104.2,0.3907,0.88,0.0433,332.79,315.5,43.3,61.0,82.9,106.1,90.1,94.19,0.15,12.6,B,0
2025-04-21 12:00:00,3.91,109.0,0.6207,0.8888,0.0609,341.74,324.53,73.7,35.3,85.7,108.3,93.5,102.39,0.16,13.0,B,0
2025-04-21 13:00:00,4.32,117.2,0.5306,0.88,0.0577,329.05,310.93,67.4,49.8,84.6,106.1,102.6,98.33,0.15,12.4,B,0
2025-04-21 14:00:00,2.97,126.3,0.5129,0.88,0.0486,306.93,316.53,70.5,55.8,75.9,108.4,100.0,95.53,0.14,12.7,B,0
2025-04-21 15:00:00,4.18,105.0,0.6292,0.88,0.0642,321.67,302.98,72.7,32.3,79.8,109.7,83.8,101.73,0.15,12.1,C,0
2025-04-21 16:00:00,2.63,132.8,0.6076,0.9131,0.0639,286.08,276.02,85.0,47.8,80.7,113.2,90.1,101.73,0.13,11.0,B,0
2025-04-21 17:00:00,4.21,78.0,0.5521,0.8919,0.0516,264.82,268.6,46.4,31.5,77.5,111.6,94.6,107.14,0.12,10.7,B,0
2025-04-21 18:00:00,3.64,121.4,0.5379,0.9138,0.0676,300.09,298.01,67.5,53.9,80.8,109.4,101.3,101.84,0.14,11.9,C,0
2025-04-21 19:00:00,3.94,97.4,0.5493,0.88,0.0583,271.94,266.41,58.2,39.2,77.9,109.5,96.2,101.82,0.12,10.7,A,0
2025-04-21 20:00:00,2.56,130.6,0.468,0.88,0.0457,279.17,297.27,66.1,64.5,78.7,108.4,82.3,101.42,0.13,11.9,C,0
2025-04-21 21:00:00,2.78,112.1,0.4956,0.88,0.0461,236.67,234.82,60.4,51.7,82.7,112.2,89.1,93.56,0.11,9.4,A,0
2025-04-21 22:00:00,3.98,99.9,0.4278,0.8986,0.0432,329.26,317.48,44.9,55.0,87.8,112.4,98.6,101.53,0.15,12.7,B,0
2025-04-21 23:00:00,2.74,119.9,0.4734,0.8957,0.0413,256.45,236.98,60.7,59.3,77.9,107.3,96.0,101.15,0.12,9.5,B,0
2025-04-22 00:00:00,3.87,123.4,0.4707,0.88,0.056,374.14,353.17,62.1,61.3,78.4,106.6,95.7,100.87,0.17,14.1,A,0
2025-04-22 01:00:00,2.41,119.6,0.4492,0.9504,0.0471,235.91,227.26,53.3,66.4,80.4,109.4,100.6,98.8,0.11,9.1,B,0
2025-04-22 02:00:00,4.18,94.6,0.5109,0.88,0.0507,312.07,293.11,52.5,42.1,81.6,109.6,93.3,103.0,0.14,11.7,C,0
2025-04-22 03:00:00,2.51,102.7,0.4741,0.88,0.0526,201.47,194.5,52.3,50.4,77.4,110.5,98.5,98.37,0.09,7.8,C,0
2025-04-22 04:00:00,3.94,109.9,0.5402,0.8932,0.0504,359.92,332.28,63.9,46.0,79.9,106.7,103.2,103.42,0.16,13.3,C,0
2025-04-22 05:00:00,4.0,109.4,0.3702,0.88,0.0312,354.52,340.21,43.7,65.7,79.6,108.6,96.1,102.46,0.16,13.6,A,0
2025-04-22 06:00:00,2.94,121.2,0.4909,0.88,0.0484,275.8,271.57,64.5,56.7,83.0,109.8,90.5,105.51,0.13,10.9,A,0
2025-04-22 07:00:00,3.97,79.8,0.5105,0.88,0.0517,231.72,232.87,44.2,35.6,83.3,108.4,92.9,99.91,0.11,9.3,A,0
2025-04-22 08:00:00,3.71,115.0,0.4751,0.88,0.0502,333.16,318.59,58.9,56.1,81.5,111.7,90.5,105.31,0.15,12.7,B,0
2025-04-22 09:00:00,3.07,105.7,0.4862,0.88,0.0412,232.14,232.34,56.0,49.6,80.9,113.7,83.8,101.94,0.11,9.3,A,0
2025-04-22 10:00:00,2.69,97.4,0.3732,0.88,0.035,230.52,235.61,39.0,58.4,79.9,108.9,91.0,101.07,0.1,9.4,C,0
2025-04-22 11:00:00,1.93,98.9,0.5285,0.8905,0.0374,183.13,194.8,56.9,42.0,82.2,111.8,98.2,98.74,0.08,7.8,A,0
2025-04-22 12:00:00,3.78,106.8,0.5518,0.9096,0.0493,298.7,297.39,62.4,44.4,79.1,109.3,95.0,102.49,0.14,11.9,C,0
2025-04-22 13:00:00,2.25,60.0,0.5395,0.8938,0.0575,141.17,158.79,34.6,25.4,86.6,108.1,101.8,99.87,0.06,6.4,B,0
2025-04-22 14:00:00,3.58,99.5,0.5831,0.88,0.0631,259.45,255.75,63.3,36.2,77.5,108.6,95.7,101.22,0.12,10.2,A,0
2025-04-22 15:00:00,3.29,96.9,0.5161,0.88,0.0459,293.15,298.87,54.6,42.3,80.0,111.5,99.4,103.63,0.13,12.0,C,0
2025-04-22 16:00:00,4.04,118.0,0.5383,0.88,0.0522,370.76,364.64,69.3,48.7,84.6,108.7,86.2,101.21,0.17,14.6,C,0
2025-04-22 17:00:00,3.26,97.9,0.5125,0.88,0.0514,227.63,233.17,54.5,43.4,80.8,109.1,92.8,102.25,0.1,9.3,A,0
2025-04-22 18:00:00,3.24,106.8,0.555,0.88,0.0609,256.36,270.93,64.4,42.4,84.0,107.7,93.7,105.84,0.12,10.8,B,1
2025-04-22 19:00:00,4.09,133.1,0.3738,0.88,0.045,417.55,396.39,52.4,80.7,87.2,111.3,90.9,102.99,0.19,15.9,A,0
2025-04-22 20:00:00,3.77,124.9,0.4285,0.88,0.0436,376.65,357.57,57.5,67.4,84.5,110.9,102.6,99.26,0.17,14.3,B,0
2025-04-22 21:00:00,3.75,123.5,0.627,0.8809,0.0614,302.91,296.59,85.3,38.3,78.4,112.9,85.4,100.08,0.14,11.9,C,0
2025-04-22 22:00:00,3.88,102.5,0.3032,0.8801,0.0231,317.33,311.95,33.5,69.0,78.5,111.2,94.4,101.72,0.14,12.5,A,0
2025-04-22 23:00:00,2.27,118.1,0.4888,0.88,0.0494,248.38,241.44,62.5,55.6,81.4,110.8,100.7,107.66,0.11,9.7,A,0
2025-04-23 00:00:00,4.11,106.5,0.5938,0.88,0.0698,269.06,247.28,68.9,37.6,83.3,111.2,98.8,97.3,0.12,9.9,C,0
2025-04-23 01:00:00,3.99,107.1,0.4925,0.8872,0.0557,306.34,304.05,56.2,50.8,85.6,109.5,93.1,101.87,0.14,12.2,B,0
2025-04-23 02:00:00,2.69,116.1,0.4676,0.9,0.0476,261.18,271.26,57.2,58.9,79.6,110.2,90.5,105.39,0.12,10.9,A,0
2025-04-23 03:00:00,3.3,101.0,0.5104,0.8878,0.0526,268.54,256.84,55.4,45.7,80.5,111.9,100.5,103.14,0.12,10.3,A,0
2025-04-23 04:00:00,3.47,132.4,0.4718,0.9146,0.0437,306.74,314.72,65.1,67.3,81.2,108.4,92.4,100.9,0.14,12.6,A,0
2025-04-23 05:00:00,3.39,107.6,0.5025,0.9064,0.0485,268.28,249.26,56.9,50.7,81.2,113.4,90.8,96.14,0.12,10.0,B,0
2025-04-23 06:00:00,3.77,119.3,0.4453,0.9003,0.0453,316.59,301.58,55.8,63.5,86.5,111.3,100.0,105.83,0.14,12.1,C,0
2025-04-23 07:00:00,4.65,131.8,0.5887,0.9584,0.0596,402.17,411.01,77.6,54.2,81.7,114.0,96.5,99.88,0.18,16.4,C,0
2025-04-23 08:00:00,4.37,125.5,0.6139,0.88,0.0664,369.14,359.35,84.4,41.0,82.5,107.6,93.2,98.44,0.17,14.4,C,0
2025-04-23 09:00:00,2.45,88.9,0.4893,0.88,0.0537,201.27,208.49,46.8,42.0,84.7,107.6,96.6,102.05,0.09,8.3,B,0
2025-04-23 10:00:00,4.0,116.7,0.3891,0.9037,0.0415,350.57,341.75,47.0,69.6,86.8,110.7,97.2,105.58,0.16,13.7,B,0
2025-04-23 11:00:00,4.56,122.8,0.4581,0.8845,0.0408,452.05,447.23,60.7,62.0,81.9,110.2,94.7,102.51,0.21,17.9,C,0
2025-04-23 12:00:00,3.81,123.4,0.4853,0.9073,0.0437,372.53,333.77,63.1,60.3,85.8,109.1,95.8,100.21,0.17,13.4,A,0
2025-04-23 13:00:00,4.37,93.3,0.5404,0.8872,0.0496,333.65,342.29,54.7,38.6,87.5,107.5,84.2,102.04,0.15,13.7,B,0
2025-04-23 14:00:00,5.11,100.1,0.4194,0.9219,0.0431,341.22,322.93,42.9,57.3,81.7,109.5,94.5,101.66,0.16,12.9,C,0
2025-04-23 15:00:00,4.32,124.9,0.4385,0.88,0.0337,348.87,347.04,59.7,65.2,80.3,110.4,91.8,99.9,0.16,13.9,C,0
2025-04-23 16:00:00,3.7,98.6,0.5409,0.9278,0.0541,300.18,287.32,54.9,43.7,88.6,107.4,91.0,101.5,0.14,11.5,A,0
2025-04-23 17:00:00,4.34,105.5,0.5751,0.9161,0.0646,331.03,345.07,63.3,42.2,85.4,109.2,91.6,98.83,0.15,13.8,A,0
2025-04-23 18:00:00,3.62,133.6,0.4503,0.88,0.0484,380.96,363.31,64.6,69.1,82.0,110.8,92.5,98.33,0.17,14.5,B,0
2025-04-23 19:00:00,3.52,109.3,0.3933,0.9131,0.0376,275.14,258.33,44.4,64.9,83.9,111.6,93.5,102.96,0.13,10.3,B,0
2025-04-23 20:00:00,3.22,99.1,0.7627,0.9022,0.0728,272.6,277.16,82.4,16.7,78.9,109.4,95.8,100.12,0.12,11.1,C,0
2025-04-23 21:00:00,4.75,96.8,0.5627,0.88,0.0603,323.56,332.92,59.3,37.5,85.3,108.4,91.3,101.22,0.15,13.3,B,0
2025-04-23 22:00:00,2.85,115.0,0.4786,0.88,0.0494,260.89,274.94,59.4,55.6,76.6,110.2,97.6,98.98,0.12,11.0,A,0
2025-04-23 23:00:00,4.73,90.0,0.5695,0.88,0.0557,298.22,294.67,56.1,33.9,85.2,109.6,98.7,99.6,0.14,11.8,B,0
2025-04-24 00:00:00,3.9,106.3,0.49,0.9011,0.0461,323.18,325.85,55.2,51.1,79.8,107.1,98.6,99.85,0.15,13.0,B,0
2025-04-24 01:00:00,2.38,115.0,0.5694,0.9108,0.0573,259.43,255.86,69.0,46.0,77.0,109.1,99.7,99.54,0.12,10.2,B,0
2025-04-24 02:00:00,3.79,129.5,0.5128,0.88,0.0498,349.02,345.43,72.2,57.3,76.0,108.8,92.2,100.07,0.16,13.8,B,0
2025-04-24 03:00:00,1.82,120.0,0.5073,0.9201,0.0547,225.04,234.76,62.8,57.2,80.6,110.0,93.6,101.89,0.1,9.4,A,0
2025-04-24 04:00:00,4.0,99.3,0.4909,0.9156,0.0553,306.7,262.96,50.3,49.0,84.1,108.5,96.2,105.47,0.14,10.5,B,0
2025-04-24 05:00:00,4.21,127.7,0.3842,0.9125,0.0316,407.03,368.67,51.1,76.6,77.8,108.9,92.9,103.58,0.19,14.7,A,0
2025-04-24 06:00:00,3.03,105.5,0.655,0.8857,0.0594,283.35,283.35,76.1,29.4,78.3,109.6,89.2,100.3,0.13,11.3,B,0
2025-04-24 07:00:00,3.6,91.5,0.4247,0.9004,0.0492,298.41,295.74,40.3,51.1,80.5,111.3,92.5,99.4,0.14,11.8,C,0
2025-04-24 08:00:00,5.06,107.4,0.3912,0.8894,0.0399,360.51,345.99,44.4,63.0,84.4,110.2,103.2,95.96,0.16,13.8,B,0
2025-04-24 09:00:00,3.1,131.6,0.483,0.9127,0.0426,358.76,346.31,66.6,65.0,84.8,115.3,91.3,99.28,0.16,13.9,A,0
2025-04-24 10:00:00,2.65,112.5,0.4231,0.8992,0.0472,257.84,272.4,49.6,62.9,82.4,107.5,91.0,98.0,0.12,10.9,A,0
2025-04-24 11:00:00,4.69,110.2,0.4959,0.88,0.0513,328.93,324.55,59.1,51.1,85.0,111.8,92.3,101.46,0.15,13.0,C,0
2025-04-24 12:00:00,5.07,134.6,0.555,0.88,0.0665,431.82,364.24,80.8,53.8,84.1,109.8,97.8,106.31,0.2,14.6,C,0
2025-04-24 13:00:00,3.5,88.5,0.5796,0.88,0.0568,258.61,281.23,56.2,32.3,80.7,107.2,96.7,100.11,0.12,11.2,A,0
2025-04-24 14:00:00,4.31,90.7,0.5652,0.9032,0.0621,308.24,277.03,54.3,36.5,84.7,109.2,98.5,96.94,0.14,11.1,A,0
2025-04-24 15:00:00,4.57,85.8,0.4755,0.8906,0.0403,264.7,275.77,43.9,41.9,78.1,107.0,107.7,100.71,0.12,11.0,B,0
2025-04-24 16:00:00,2.91,115.6,0.504,0.908,0.0574,258.5,242.54,60.7,54.9,83.5,110.2,99.1,99.98,0.12,9.7,A,0
2025-04-24 17:00:00,3.11,112.5,0.5326,0.88,0.058,268.95,284.88,65.0,47.5,78.5,109.4,99.5,105.08,0.12,11.4,A,0
2025-04-24 18:00:00,4.48,133.1,0.3594,0.921,0.044,383.6,361.52,47.9,85.3,82.4,108.6,109.3,95.65,0.17,14.5,C,0
2025-04-24 19:00:00,4.85,113.7,0.5456,0.88,0.0601,319.84,317.09,67.3,46.3,85.7,107.9,97.4,98.33,0.15,12.7,A,0
2025-04-24 20:00:00,3.95,103.9,0.3834,0.9115,0.0378,250.17,231.52,41.1,62.8,82.6,112.0,93.0,103.58,0.11,9.3,C,0
2025-04-24 21:00:00,2.8,110.0,0.6632,0.9043,0.0605,250.87,261.01,78.6,31.4,82.0,109.7,93.5,96.59,0.11,10.4,B,0
2025-04-24 22:00:00,5.09,111.8,0.4676,0.88,0.0438,398.89,386.11,56.7,55.1,82.7,110.4,100.3,103.02,0.18,15.4,C,0
2025-04-24 23:00:00,3.08,84.9,0.4852,0.881,0.0397,234.39,245.38,45.0,40.0,84.0,110.4,88.7,99.3,0.11,9.8,B,0
2025-04-25 00:00:00,3.23,150.7,0.4384,0.88,0.0392,325.35,329.68,71.5,79.1,88.4,110.2,85.3,104.38,0.15,13.2,C,0
2025-04-25 01:00:00,3.77,117.8,0.4496,0.943,0.0471,293.35,291.57,52.9,64.9,84.0,109.3,90.9,101.15,0.13,11.7,C,0
2025-04-25 02:00:00,4.74,113.2,0.6819,0.9021,0.068,357.78,340.91,83.3,29.9,80.5,113.0,99.1,100.82,0.16,13.6,B,0
2025-04-25 03:00:00,4.18,119.2,0.5752,0.88,0.0564,359.09,332.85,75.1,44.1,81.4,114.5,98.0,103.1,0.16,13.3,A,1
2025-04-25 04:00:00,3.83,120.6,0.3761,0.88,0.0336,370.86,348.25,48.8,71.8,79.3,112.9,94.2,101.36,0.17,13.9,C,0
2025-04-25 05:00:00,3.87,107.9,0.6203,0.8979,0.0532,331.61,338.87,72.4,35.5,78.3,110.0,100.3,97.59,0.15,13.6,A,0
2025-04-25 06:00:00,3.53,100.5,0.5955,0.9111,0.0605,269.56,259.53,63.2,37.3,74.7,109.9,98.0,99.74,0.12,10.4,A,0
2025-04-25 07:00:00,3.95,119.0,0.4775,0.88,0.0496,354.9,313.86,61.3,57.7,80.6,112.2,96.7,96.42,0.16,12.6,A,0
2025-04-25 08:00:00,1.5,115.8,0.5245,0.88,0.0475,182.52,187.48,66.3,49.4,77.8,108.5,94.9,98.71,0.08,7.5,B,0
2025-04-25 09:00:00,3.26,97.9,0.4988,0.88,0.0472,260.11,267.79,53.1,44.8,82.3,113.4,99.5,94.88,0.12,10.7,C,0
2025-04-25 10:00:00,3.69,131.3,0.6578,0.9205,0.0735,356.14,338.14,90.6,40.7,80.5,111.6,98.8,108.31,0.16,13.5,C,0
2025-04-25 11:00:00,2.58,114.4,0.4363,0.88,0.0494,283.48,288.24,53.3,61.1,78.7,109.4,93.6,101.22,0.13,11.5,A,0
2025-04-25 12:00:00,3.81,120.9,0.5117,0.9015,0.0437,355.17,311.7,66.0,55.0,75.7,110.6,99.1,102.9,0.16,12.5,C,0
2025-04-25 13:00:00,3.34,130.9,0.4657,0.88,0.0462,311.9,265.58,65.9,65.0,81.0,111.3,91.7,98.79,0.14,10.6,A,0
2025-04-25 14:00:00,4.9,110.3,0.3854,0.8964,0.0458,350.94,342.24,44.0,66.3,76.7,109.1,96.2,102.88,0.16,13.7,B,0
2025-04-25 15:00:00,4.76,114.8,0.6753,0.9496,0.0665,369.4,369.76,79.1,35.6,84.1,112.1,97.0,103.62,0.17,14.8,B,0
2025-04-25 16:00:00,3.13,122.2,0.4055,0.8831,0.0392,262.64,244.15,53.0,69.1,82.8,112.5,93.3,104.11,0.12,9.8,C,0
2025-04-25 17:00:00,3.38,99.1,0.5176,0.911,0.0572,262.06,268.61,53.5,45.7,81.3,109.5,95.7,101.05,0.12,10.7,A,0
2025-04-25 18:00:00,3.44,110.8,0.3607,0.8855,0.041,292.51,303.43,42.0,68.9,86.4,109.0,98.0,104.35,0.13,12.1,B,0
2025-04-25 19:00:00,3.14,111.9,0.4681,0.88,0.0515,292.33,288.42,56.3,55.6,82.0,109.8,89.6,99.48,0.13,11.5,C,0
2025-04-25 20:00:00,3.66,95.7,0.5338,0.88,0.0521,286.33,294.34,55.7,40.0,83.2,107.7,95.9,102.42,0.13,11.8,A,0
2025-04-25 21:00:00,2.89,144.8,0.434,0.9069,0.0467,334.6,327.12,65.2,79.6,84.1,106.7,106.1,101.44,0.15,13.1,A,0
2025-04-25 22:00:00,2.6,88.9,0.5469,0.88,0.0622,183.76,194.14,52.7,36.2,80.4,109.1,90.9,97.77,0.08,7.8,C,0
2025-04-25 23:00:00,4.0,90.5,0.4785,0.88,0.0476,248.61,260.0,46.9,43.7,80.5,108.1,100.1,95.81,0.11,10.4,A,0
2025-04-26 00:00:00,4.0,129.7,0.5928,0.9059,0.0573,354.88,370.5,81.9,47.9,82.1,113.5,94.5,100.4,0.16,14.8,C,0
2025-04-26 01:00:00,2.86,120.7,0.6089,0.88,0.067,297.92,286.17,80.5,40.2,78.0,109.1,100.9,100.41,0.14,11.4,C,0
2025-04-26 02:00:00,4.22,94.6,0.4531,0.88,0.0555,312.02,304.05,45.6,49.0,87.4,110.9,91.4,100.49,0.14,12.2,B,0
2025-04-26 03:00:00,2.99,119.1,0.5061,0.9428,0.0612,281.97,267.8,60.1,59.0,82.5,108.7,95.0,104.45,0.13,10.7,B,0
2025-04-26 04:00:00,3.7,132.0,0.5147,0.88,0.0496,433.66,411.47,73.9,58.1,81.4,113.6,106.1,105.43,0.2,16.5,C,1
2025-04-26 05:00:00,4.16,109.5,0.5495,0.88,0.0536,376.53,357.55,65.7,43.8,88.3,109.6,94.1,103.27,0.17,14.3,A,0
2025-04-26 06:00:00,3.47,149.0,0.5012,0.88,0.045,424.52,421.74,81.4,67.6,78.7,107.5,98.2,103.06,0.19,16.9,B,0
2025-04-26 07:00:00,3.86,84.1,0.5152,0.8841,0.0521,268.95,284.84,46.8,37.3,86.6,111.3,98.0,101.06,0.12,11.4,A,0
2025-04-26 08:00:00,3.09,120.4,0.4805,0.88,0.0427,307.33,311.52,63.0,57.4,84.4,110.5,84.9,101.83,0.14,12.5,C,0
2025-04-26 09:00:00,3.34,127.5,0.5092,0.88,0.0483,337.53,341.91,70.7,56.8,85.4,112.4,97.2,102.59,0.15,13.7,C,0
2025-04-26 10:00:00,3.34,123.4,0.6038,0.9465,0.0639,269.15,260.72,75.5,47.9,81.5,109.7,88.8,101.72,0.12,10.4,A,0
2025-04-26 11:00:00,2.9,106.9,0.5517,0.8962,0.0571,236.73,231.61,63.0,43.9,82.2,110.2,98.2,103.08,0.11,9.3,B,0
2025-04-26 12:00:00,3.36,105.6,0.5561,0.9025,0.0466,275.11,278.95,62.9,42.8,81.0,107.0,95.6,101.44,0.13,11.2,B,0
2025-04-26 13:00:00,2.26,116.7,0.5578,0.88,0.0636,242.66,246.46,70.6,46.0,85.0,111.7,89.4,99.81,0.11,9.9,B,0
2025-04-26 14:00:00,3.11,122.2,0.4877,0.8889,0.0433,297.89,318.52,64.2,58.0,83.2,110.1,89.0,102.08,0.14,12.7,B,0
2025-04-26 15:00:00,3.27,119.0,0.5255,0.913,0.0477,311.19,279.1,65.7,53.3,80.3,109.8,94.6,100.59,0.14,11.2,A,0
2025-04-26 16:00:00,3.3,125.6,0.4132,0.88,0.0351,263.0,270.47,56.2,69.4,80.5,109.5,107.4,105.66,0.12,10.8,B,0
2025-04-26 17:00:00,3.31,94.7,0.6015,0.8915,0.0568,264.28,271.41,61.8,32.9,82.0,109.4,103.1,100.02,0.12,10.9,A,0
2025-04-26 18:00:00,3.45,106.6,0.2774,0.9024,0.0233,288.65,276.01,30.8,75.8,81.0,111.7,96.8,109.88,0.13,11.0,B,0
2025-04-26 19:00:00,3.88,95.9,0.493,0.9373,0.0449,279.78,266.3,48.2,47.7,86.3,108.1,97.6,106.22,0.13,10.7,B,0
2025-04-26 20:00:00,4.2,104.2,0.5913,0.9361,0.0468,346.04,329.15,63.8,40.4,84.4,111.5,98.0,97.9,0.16,13.2,A,0
2025-04-26 21:00:00,2.98,125.2,0.3909,0.88,0.0397,273.16,253.13,52.3,72.9,84.4,106.8,92.3,105.05,0.12,10.1,A,0
2025-04-26 22:00:00,2.54,111.6,0.532,0.9165,0.0544,242.75,261.37,61.8,49.8,82.7,106.2,91.5,100.92,0.11,10.5,A,0
2025-04-26 23:00:00,2.67,149.1,0.4455,0.88,0.0558,331.11,359.45,70.5,78.6,79.5,112.8,99.3,103.0,0.15,14.4,C,0
2025-04-27 00:00:00,3.11,112.9,0.4705,0.9378,0.0495,262.23,259.09,53.5,59.4,84.1,108.0,92.0,106.03,0.12,10.4,A,0
2025-04-27 01:00:00,3.22,110.9,0.5757,0.8812,0.0551,237.05,235.05,69.9,41.0,75.7,110.2,102.2,98.97,0.11,9.4,C,0
2025-04-27 02:00:00,2.88,111.6,0.5158,0.8849,0.0456,241.73,232.0,62.5,49.1,82.5,109.5,88.2,99.91,0.11,9.3,A,0
2025-04-27 03:00:00,2.46,100.4,0.3373,0.8878,0.0332,222.78,218.98,35.7,64.7,79.6,110.7,90.5,103.56,0.1,8.8,A,0
2025-04-27 04:00:00,3.14,109.1,0.4219,0.88,0.0444,270.02,262.75,49.3,59.8,79.3,110.1,102.1,100.2,0.12,10.5,A,0
2025-04-27 05:00:00,3.65,126.9,0.578,0.904,0.0553,344.23,350.28,78.2,48.7,80.6,112.1,93.6,94.63,0.16,14.0,C,0
2025-04-27 06:00:00,3.98,111.7,0.5359,0.9616,0.0539,309.61,345.18,59.3,52.4,81.7,107.1,94.4,104.19,0.14,13.8,C,0
2025-04-27 07:00:00,3.05,98.1,0.6399,0.8841,0.0735,222.75,222.5,68.5,29.6,81.9,111.3,98.2,102.41,0.1,8.9,C,0
2025-04-27 08:00:00,3.17,96.1,0.6346,0.88,0.0615,253.14,245.47,67.3,28.8,84.4,109.9,100.8,101.23,0.12,9.8,A,0
2025-04-27 09:00:00,2.76,103.2,0.4726,0.9423,0.0378,240.8,232.73,49.6,53.6,81.5,106.9,98.0,101.68,0.11,9.3,A,0
2025-04-27 10:00:00,3.47,111.1,0.7003,0.9118,0.0744,314.45,313.31,83.0,28.1,81.7,108.9,96.4,108.01,0.14,12.5,C,0
2025-04-27 11:00:00,2.82,127.9,0.502,0.9401,0.0518,276.1,278.73,64.8,63.1,77.8,106.8,99.0,104.34,0.13,11.1,C,0
2025-04-27 12:00:00,3.96,89.9,0.423,0.9183,0.0338,227.83,234.63,39.6,50.3,78.2,106.7,97.0,98.72,0.1,9.4,A,0
2025-04-27 13:00:00,2.07,105.2,0.4493,0.88,0.0471,169.48,180.86,50.8,54.4,82.9,109.1,100.4,101.67,0.08,7.2,B,0
2025-04-27 14:00:00,3.21,112.2,0.3195,0.8969,0.027,276.75,291.23,37.7,74.5,83.9,112.4,109.3,104.86,0.13,11.6,C,0
2025-04-27 15:00:00,3.74,82.5,0.6286,0.88,0.0651,248.05,258.9,57.0,25.5,81.2,110.6,97.5,104.79,0.11,10.4,A,0
2025-04-27 16:00:00,3.65,97.5,0.6276,0.9011,0.0723,271.27,278.89,65.3,32.2,84.8,112.6,90.7,96.79,0.12,11.2,B,0
2025-04-27 17:00:00,5.65,99.8,0.4188,0.8894,0.041,363.29,354.52,44.4,55.4,77.8,110.2,100.2,99.8,0.17,14.2,B,0
2025-04-27 18:00:00,3.78,98.1,0.4818,0.88,0.0536,247.06,248.01,50.8,47.3,83.2,113.1,94.3,97.9,0.11,9.9,C,0
2025-04-27 19:00:00,2.7,112.9,0.5076,0.88,0.0446,219.22,219.68,62.6,50.3,79.4,112.9,96.7,103.22,0.1,8.8,A,0
2025-04-27 20:00:00,3.42,107.6,0.4232,0.953,0.0347,296.71,298.76,45.5,62.1,79.2,108.1,96.8,98.58,0.13,12.0,A,0
2025-04-27 21:00:00,2.08,101.7,0.3596,0.88,0.046,202.96,216.17,38.2,63.4,79.7,110.1,92.1,105.96,0.09,8.6,C,0
2025-04-27 22:00:00,3.44,116.4,0.4832,0.8839,0.0499,298.8,301.19,60.5,55.9,81.8,108.6,93.1,105.19,0.14,12.0,C,0
2025-04-27 23:00:00,2.83,135.8,0.4743,0.9396,0.0506,270.24,251.74,64.7,71.1,83.3,109.7,83.5,100.56,0.12,10.1,A,0
2025-04-28 00:00:00,4.23,134.6,0.4689,0.8821,0.0527,368.08,358.18,67.5,67.0,83.1,113.3,94.5,97.51,0.17,14.3,B,0
2025-04-28 01:00:00,3.06,81.2,0.5178,0.881,0.0491,215.51,220.36,45.7,35.4,81.1,108.7,97.8,98.93,0.1,8.8,C,0
2025-04-28 02:00:00,3.41,118.7,0.6144,0.9092,0.0656,318.88,299.14,77.2,41.5,83.9,107.6,95.1,102.65,0.14,12.0,A,0
2025-04-28 03:00:00,2.99,107.3,0.4758,0.883,0.0509,260.69,269.66,54.8,52.5,87.1,107.8,92.7,103.86,0.12,10.8,B,0
2025-04-28 04:00:00,4.89,112.3,0.5136,0.88,0.0449,426.5,405.74,63.0,49.3,81.6,109.2,96.9,101.18,0.19,16.2,B,0
2025-04-28 05:00:00,3.24,104.0,0.5581,0.88,0.0634,257.99,285.1,63.0,41.0,82.3,117.5,90.3,93.6,0.12,11.4,B,0
2025-04-28 06:00:00,4.97,111.8,0.5443,0.88,0.061,426.3,411.13,66.0,45.8,80.2,112.9,89.7,103.34,0.19,16.4,B,0
2025-04-28 07:00:00,4.15,112.3,0.4508,0.88,0.0387,345.44,329.26,55.0,57.3,80.8,104.3,97.6,95.24,0.16,13.2,B,0
2025-04-28 08:00:00,3.89,101.3,0.5077,0.8945,0.0518,300.17,293.77,54.8,46.5,85.7,109.9,97.9,94.94,0.14,11.8,A,0
2025-04-28 09:00:00,3.79,96.6,0.5438,0.88,0.0532,303.08,282.52,57.3,39.3,85.8,108.7,97.6,104.29,0.14,11.3,A,0
2025-04-28 10:00:00,3.82,103.3,0.4097,0.9622,0.0481,283.11,295.45,40.9,62.4,81.4,112.0,93.5,97.74,0.13,11.8,B,0
2025-04-28 11:00:00,1.96,113.5,0.6011,0.88,0.0531,212.35,223.34,75.2,38.3,83.5,107.6,100.5,102.05,0.1,8.9,A,0
2025-04-28 12:00:00,3.28,119.0,0.6145,0.9172,0.0795,273.31,276.17,76.0,43.0,84.8,107.9,89.4,101.58,0.12,11.0,A,0
2025-04-28 13:00:00,4.18,122.8,0.4422,0.8832,0.0433,397.54,359.93,58.3,64.5,80.7,108.9,93.5,98.88,0.18,14.4,A,0
2025-04-28 14:00:00,3.46,102.6,0.5155,0.9003,0.0552,286.49,293.0,55.9,46.7,78.1,108.6,98.7,101.92,0.13,11.7,C,0
2025-04-28 15:00:00,2.38,114.3,0.5514,0.898,0.0621,264.03,253.93,66.9,47.4,84.1,111.3,99.3,99.65,0.12,10.2,B,0
2025-04-28 16:00:00,3.46,124.4,0.4564,0.88,0.0447,333.06,315.26,61.3,63.1,84.7,109.3,91.1,101.44,0.15,12.6,B,0
2025-04-28 17:00:00,4.86,127.5,0.5385,0.8875,0.0533,464.96,437.7,74.2,53.3,84.2,112.0,105.7,100.14,0.21,17.5,A,0
2025-04-28 18:00:00,4.5,109.1,0.5131,0.8938,0.0488,327.52,310.31,59.9,49.2,80.9,108.4,94.3,99.8,0.15,12.4,A,0
2025-04-28 19:00:00,3.45,106.7,0.3826,0.88,0.0338,310.83,293.74,44.0,62.7,86.6,111.7,95.4,99.32,0.14,11.7,A,0
2025-04-28 20:00:00,4.26,112.9,0.5367,0.9239,0.055,335.09,324.12,62.6,50.3,82.9,107.7,99.9,98.6,0.15,13.0,C,0
2025-04-28 21:00:00,3.21,92.8,0.412,0.9445,0.0405,245.15,258.9,38.1,54.6,78.6,111.2,102.8,103.86,0.11,10.4,C,0
2025-04-28 22:00:00,2.14,107.1,0.5751,0.88,0.055,230.21,244.44,67.5,39.6,77.2,109.0,95.3,99.94,0.1,9.8,B,0
2025-04-28 23:00:00,2.76,121.2,0.4463,0.88,0.0424,330.86,331.18,58.4,62.7,81.1,111.8,100.9,97.91,0.15,13.2,B,0
2025-04-29 00:00:00,4.75,119.6,0.4871,0.88,0.0516,422.16,407.56,62.9,56.7,82.7,105.1,92.7,100.07,0.19,16.3,C,0
2025-04-29 01:00:00,3.28,105.9,0.6098,0.9081,0.057,297.5,286.86,68.8,37.1,81.1,108.4,103.3,99.72,0.14,11.5,C,0
2025-04-29 02:00:00,3.31,113.3,0.5397,0.88,0.0527,280.52,291.81,66.7,46.6,88.0,112.3,95.2,100.12,0.13,11.7,C,0
2025-04-29 03:00:00,3.26,97.6,0.4136,0.8827,0.0459,261.22,242.77,42.9,54.7,83.2,109.6,96.6,103.44,0.12,9.7,B,0
2025-04-29 04:00:00,5.02,120.6,0.4188,0.9111,0.0431,409.58,395.7,52.2,68.4,79.1,106.6,93.3,99.42,0.19,15.8,B,0
2025-04-29 05:00:00,4.8,108.8,0.4521,0.9116,0.04,410.09,403.24,51.5,57.4,75.2,108.6,96.1,100.16,0.19,16.1,B,1
2025-04-29 06:00:00,5.28,105.9,0.5316,0.9786,0.053,377.29,359.25,54.7,51.1,82.7,110.8,91.3,103.23,0.17,14.4,A,0
2025-04-29 07:00:00,3.37,104.6,0.5287,0.88,0.0551,309.01,293.18,60.0,44.5,85.0,108.4,94.7,102.63,0.14,11.7,B,1
2025-04-29 08:00:00,3.74,109.1,0.4326,0.88,0.0482,274.66,273.02,50.4,58.7,87.6,112.3,95.1,99.24,0.12,10.9,A,0
2025-04-29 09:00:00,2.29,103.3,0.4066,0.904,0.0369,243.47,239.11,44.0,59.2,81.4,112.2,89.7,104.2,0.11,9.6,B,0
2025-04-29 10:00:00,4.68,119.9,0.5225,0.919,0.0495,361.2,354.91,65.2,54.7,87.2,111.3,92.1,104.03,0.16,14.2,B,0
2025-04-29 11:00:00,2.57,104.1,0.4855,0.8983,0.0451,251.39,263.79,53.7,50.4,77.9,112.1,84.5,103.82,0.11,10.6,B,0
2025-04-29 12:00:00,3.67,133.9,0.6726,0.9331,0.064,335.83,331.83,93.8,40.1,81.0,109.0,88.8,102.21,0.15,13.3,A,1
2025-04-29 13:00:00,2.62,132.0,0.5029,0.8854,0.0523,303.8,303.23,71.4,60.6,79.0,113.0,94.9,100.78,0.14,12.1,C,0
2025-04-29 14:00:00,3.03,96.6,0.6451,0.8832,0.0675,225.91,239.33,68.4,28.2,84.4,112.2,99.8,98.08,0.1,9.6,A,0
2025-04-29 15:00:00,2.83,111.0,0.4064,0.887,0.0459,284.7,292.6,47.6,63.5,78.1,109.7,93.2,97.15,0.13,11.7,B,0
2025-04-29 16:00:00,3.01,100.2,0.3741,0.88,0.037,268.17,259.07,40.1,60.1,83.2,106.7,94.8,101.05,0.12,10.4,C,0
2025-04-29 17:00:00,3.07,105.1,0.4104,0.8944,0.034,250.97,236.92,46.0,59.1,78.3,105.3,100.8,101.34,0.11,9.5,A,0
2025-04-29 18:00:00,3.06,140.0,0.5951,0.9198,0.0629,350.81,342.33,87.0,53.1,87.3,112.0,99.2,100.52,0.16,13.7,C,0
2025-04-29 19:00:00,4.17,105.4,0.6405,0.9016,0.0648,348.04,349.51,72.5,32.9,80.9,106.8,99.1,100.97,0.16,14.0,A,0
2025-04-29 20:00:00,2.62,115.4,0.4374,0.8949,0.044,239.39,227.4,53.4,62.0,83.1,108.2,95.6,105.39,0.11,9.1,C,0
2025-04-29 21:00:00,3.68,118.1,0.4632,0.8868,0.0399,297.63,293.86,59.0,59.1,76.6,111.0,92.5,106.18,0.14,11.8,B,0
2025-04-29 22:00:00,4.47,95.0,0.4065,0.9094,0.0397,282.15,293.36,40.1,54.9,77.5,107.4,97.0,97.98,0.13,11.7,A,0
2025-04-29 23:00:00,3.09,97.2,0.3551,0.88,0.0295,224.59,229.79,37.2,60.0,79.7,114.9,101.4,102.17,0.1,9.2,A,0
2025-04-30 00:00:00,2.93,91.9,0.5575,0.88,0.0582,210.99,232.98,55.8,36.1,84.6,110.5,104.0,101.46,0.1,9.3,A,0
2025-04-30 01:00:00,3.32,96.7,0.5178,0.8948,0.0496,277.98,292.04,53.6,43.1,84.0,113.0,107.0,103.32,0.13,11.7,C,0
2025-04-30 02:00:00,4.44,67.2,0.5008,0.9038,0.0475,243.26,244.88,35.6,31.6,85.3,112.1,102.6,106.5,0.11,9.8,B,0
2025-04-30 03:00:00,3.66,118.2,0.388,0.8955,0.0311,278.41,272.29,48.8,69.4,77.5,104.9,95.2,107.86,0.13,10.9,B,0
2025-04-30 04:00:00,3.08,140.8,0.6312,0.8887,0.0683,322.27,309.15,96.6,44.2,83.5,111.5,89.0,103.46,0.15,12.4,B,0
2025-04-30 05:00:00,3.89,112.2,0.4597,0.88,0.0447,292.46,290.27,55.8,56.5,80.3,110.0,98.0,101.42,0.13,11.6,A,0
2025-04-30 06:00:00,2.62,88.8,0.5427,0.9173,0.0547,224.4,219.55,50.2,38.5,79.6,109.9,100.5,100.21,0.1,8.8,A,1
2025-04-30 07:00:00,4.05,100.4,0.3836,0.8949,0.0347,291.78,271.16,40.7,59.6,80.4,109.9,82.2,108.76,0.13,10.8,C,0
2025-04-30 08:00:00,3.83,103.1,0.4848,0.9151,0.0402,260.43,236.22,52.4,50.7,81.7,112.1,87.6,99.0,0.12,9.4,A,0
2025-04-30 09:00:00,3.25,94.7,0.5233,0.88,0.0497,254.92,256.45,54.0,40.7,84.0,113.3,92.7,103.77,0.12,10.3,B,0
2025-04-30 10:00:00,2.83,122.9,0.5262,0.9012,0.0508,299.58,320.6,68.7,54.2,85.4,107.6,91.2,100.51,0.14,12.8,A,0
2025-04-30 11:00:00,2.79,122.2,0.5124,0.8884,0.0527,259.44,238.58,67.2,55.0,83.6,110.2,87.0,97.28,0.12,9.5,B,0
2025-04-30 12:00:00,3.93,92.7,0.5396,0.88,0.0522,272.28,269.31,54.6,38.1,83.9,112.8,96.9,106.45,0.12,10.8,B,0
2025-04-30 13:00:00,4.48,120.9,0.4096,0.8922,0.0374,351.49,335.57,52.6,68.2,87.5,109.6,101.2,96.07,0.16,13.4,C,0
2025-04-30 14:00:00,2.99,132.9,0.5158,0.9004,0.0441,348.14,333.67,73.2,59.7,84.1,110.4,94.1,94.85,0.16,13.3,B,0
2025-04-30 15:00:00,3.87,138.5,0.5091,0.905,0.0512,372.57,376.59,74.3,64.2,81.4,110.4,86.7,103.4,0.17,15.1,B,0
2025-04-30 16:00:00,1.83,153.0,0.5185,0.8982,0.0479,250.87,243.76,84.7,68.3,83.7,114.2,96.0,100.39,0.11,9.8,C,0
2025-04-30 17:00:00,3.03,96.5,0.5058,0.8959,0.0572,243.5,226.83,51.6,44.9,87.1,111.5,89.5,102.59,0.11,9.1,B,0
2025-04-30 18:00:00,3.48,152.4,0.3981,0.88,0.0406,383.85,357.56,64.9,87.5,79.4,114.1,90.0,101.28,0.17,14.3,C,0
2025-04-30 19:00:00,2.77,104.7,0.3946,0.9203,0.0423,261.05,254.48,42.0,62.7,80.7,113.5,99.8,103.1,0.12,10.2,A,0
2025-04-30 20:00:00,2.75,101.1,0.3229,0.8899,0.031,262.69,238.38,34.4,66.8,86.4,109.5,101.0,100.41,0.12,9.5,A,0
2025-04-30 21:00:00,2.97,114.9,0.5654,0.88,0.0575,305.73,303.06,71.0,44.0,81.1,110.6,93.6,104.01,0.14,12.1,A,0
2025-04-30 22:00:00,3.73,101.3,0.5662,0.88,0.0522,280.54,264.32,62.9,38.4,84.3,114.1,98.7,104.09,0.13,10.6,B,0
2025-04-30 23:00:00,3.35,116.0,0.5675,0.8861,0.0509,309.97,302.38,71.7,44.2,85.9,107.7,89.6,105.95,0.14,12.1,A,0
2025-05-01 00:00:00,1.71,90.2,0.5245,0.9171,0.0525,190.38,198.89,49.2,41.0,78.2,111.5,97.6,105.09,0.09,8.0,A,0
2025-05-01 01:00:00,1.8,106.4,0.3294,0.88,0.0358,221.95,218.52,37.0,69.4,80.8,111.5,93.1,100.98,0.1,8.7,A,0
2025-05-01 02:00:00,3.01,129.3,0.4179,0.9504,0.0321,286.78,294.61,54.3,75.0,85.6,109.4,88.4,103.39,0.13,11.8,C,0
2025-05-01 03:00:00,3.87,109.1,0.5136,0.88,0.0489,331.28,317.63,61.0,48.1,81.6,109.2,90.5,102.55,0.15,12.7,B,0
2025-05-01 04:00:00,1.5,112.1,0.5108,0.88,0.0603,196.09,207.13,61.6,50.5,75.9,109.5,97.1,102.56,0.09,8.3,B,0
2025-05-01 05:00:00,3.1,117.1,0.4822,0.8852,0.0506,312.37,313.3,60.6,56.6,80.5,111.4,87.6,97.33,0.14,12.5,C,0
2025-05-01 06:00:00,3.08,127.6,0.5295,0.8861,0.0606,342.51,335.34,72.5,55.1,84.4,112.9,93.6,103.56,0.16,13.4,B,0
2025-05-01 07:00:00,4.61,85.2,0.5009,0.88,0.0469,264.06,266.08,46.4,38.8,85.8,111.5,100.3,103.13,0.12,10.6,B,0
2025-05-01 08:00:00,3.19,118.8,0.5097,0.88,0.0487,281.74,269.61,65.9,52.9,82.2,107.5,92.5,106.76,0.13,10.8,A,0
2025-05-01 09:00:00,3.81,106.0,0.4489,0.915,0.0497,327.8,303.14,48.9,57.1,83.5,113.0,87.3,104.8,0.15,12.1,A,0
2025-05-01 10:00:00,3.61,112.5,0.5786,0.9097,0.061,313.32,308.43,68.6,43.9,80.9,112.4,93.6,101.75,0.14,12.3,B,0
2025-05-01 11:00:00,1.8,125.9,0.4655,0.9316,0.0461,186.78,191.13,59.6,66.3,84.7,109.5,98.4,100.99,0.08,7.6,C,0
2025-05-01 12:00:00,4.11,92.1,0.3935,0.88,0.033,246.25,257.63,39.2,52.9,86.3,108.7,88.5,98.29,0.11,10.3,C,0
2025-05-01 13:00:00,3.67,94.8,0.4383,0.8805,0.0496,286.17,281.67,44.4,50.5,84.3,108.2,100.9,106.75,0.13,11.3,A,0
2025-05-01 14:00:00,3.91,81.0,0.4721,0.88,0.0598,265.31,272.83,40.7,40.3,81.6,112.1,98.8,98.1,0.12,10.9,A,0
2025-05-01 15:00:00,6.0,101.8,0.5795,0.935,0.0501,358.1,329.39,60.9,40.9,83.3,106.2,96.8,95.69,0.16,13.2,B,0
2025-05-01 16:00:00,1.83,130.0,0.4966,0.9,0.0567,254.3,243.82,67.8,62.2,84.9,112.2,97.9,104.0,0.12,9.8,C,0
2025-05-01 17:00:00,4.88,108.2,0.4851,0.88,0.0462,361.8,373.34,57.0,51.2,82.1,109.1,95.6,101.56,0.16,14.9,C,0
2025-05-01 18:00:00,3.27,89.9,0.4001,0.88,0.0383,222.31,227.55,38.6,51.3,84.4,110.6,96.7,102.09,0.1,9.1,A,0
2025-05-01 19:00:00,3.73,102.7,0.5628,0.9117,0.0576,279.3,288.25,60.8,42.0,83.1,103.2,95.4,101.86,0.13,11.5,C,0
2025-05-01 20:00:00,3.46,87.7,0.4478,0.9018,0.0388,221.76,215.19,41.6,46.1,86.3,106.5,99.4,98.13,0.1,8.6,C,0
2025-05-01 21:00:00,3.16,93.1,0.492,0.9065,0.049,231.79,234.23,48.1,45.0,84.1,108.6,101.5,102.41,0.11,9.4,A,0
2025-05-01 22:00:00,3.04,115.8,0.6184,0.88,0.0538,240.45,257.69,79.2,36.7,80.5,108.2,90.9,100.33,0.11,10.3,C,0
2025-05-01 23:00:00,3.76,92.4,0.5407,0.88,0.0565,268.43,250.32,54.3,38.1,86.2,111.5,91.5,99.91,0.12,10.0,A,0
2025-05-02 00:00:00,2.29,126.7,0.3697,0.88,0.0481,270.39,295.98,49.0,77.7,83.4,110.6,93.0,105.57,0.12,11.8,C,0
2025-05-02 01:00:00,4.1,108.9,0.3584,0.8994,0.0326,290.37,289.32,40.9,68.0,81.6,113.9,92.0,103.67,0.13,11.6,A,0
2025-05-02 02:00:00,3.17,111.3,0.4949,0.9382,0.0486,282.26,270.09,55.8,55.5,77.9,111.0,100.7,94.4,0.13,10.8,B,0
2025-05-02 03:00:00,2.6,105.8,0.403,0.88,0.0397,224.96,234.58,45.8,60.1,82.7,108.7,87.5,101.95,0.1,9.4,C,0
2025-05-02 04:00:00,3.14,121.6,0.5519,0.9519,0.0601,318.53,325.77,67.0,54.5,87.5,112.4,97.7,104.5,0.14,13.0,C,0
2025-05-02 05:00:00,4.51,121.7,0.5034,0.9292,0.0524,307.59,290.66,62.6,59.1,73.8,109.1,101.9,97.56,0.14,11.6,B,0
2025-05-02 06:00:00,3.07,115.0,0.5132,0.88,0.0559,300.85,287.0,63.8,51.2,73.9,109.0,92.1,98.71,0.14,11.5,C,0
2025-05-02 07:00:00,3.79,118.5,0.4435,0.88,0.0418,282.01,282.69,56.8,61.7,84.3,110.0,102.4,104.3,0.13,11.3,A,0
2025-05-02 08:00:00,2.92,106.8,0.6393,0.9154,0.0661,254.72,261.52,72.1,34.7,82.7,113.2,100.8,99.94,0.12,10.5,C,0
2025-05-02 09:00:00,4.11,118.1,0.7274,0.88,0.0559,330.23,317.91,96.3,21.9,84.0,112.1,93.3,95.37,0.15,12.7,B,0
2025-05-02 10:00:00,4.05,104.9,0.4777,0.8992,0.0511,305.32,304.74,52.8,52.2,80.4,112.0,99.1,104.9,0.14,12.2,A,0
2025-05-02 11:00:00,4.98,110.0,0.5282,0.9263,0.0467,328.63,331.26,60.2,49.8,75.6,113.9,90.9,100.78,0.15,13.3,A,0
2025-05-02 12:00:00,3.36,105.9,0.5078,0.9143,0.0491,319.11,313.59,56.1,49.7,79.5,112.0,89.5,102.42,0.15,12.5,C,0
2025-05-02 13:00:00,4.03,103.1,0.4792,0.8936,0.0516,276.25,266.69,52.4,50.8,86.7,107.5,92.7,101.15,0.13,10.7,B,0
2025-05-02 14:00:00,3.58,99.7,0.4334,0.8869,0.0357,250.6,252.79,46.6,53.1,80.6,111.1,101.8,104.66,0.11,10.1,C,0
2025-05-02 15:00:00,4.54,117.0,0.4132,0.88,0.0468,432.08,439.52,51.5,65.6,80.7,113.2,92.7,98.0,0.2,17.6,C,0
2025-05-02 16:00:00,2.92,129.7,0.4092,0.88,0.0403,312.66,310.19,57.0,72.7,74.1,107.0,95.2,103.29,0.14,12.4,C,0
2025-05-02 17:00:00,4.1,127.6,0.5324,0.88,0.0605,334.27,341.75,73.5,54.1,76.6,110.0,90.0,105.26,0.15,13.7,B,0
2025-05-02 18:00:00,3.34,91.2,0.4584,0.8821,0.0413,245.44,243.26,45.2,45.9,85.3,107.9,99.3,97.25,0.11,9.7,A,0
2025-05-02 19:00:00,3.45,129.3,0.2937,0.88,0.0203,330.91,324.97,41.1,88.2,81.2,110.3,99.2,99.08,0.15,13.0,B,0
2025-05-02 20:00:00,3.57,105.2,0.5356,0.88,0.0534,250.02,260.95,61.4,43.8,85.0,112.3,91.5,106.23,0.11,10.4,B,0
2025-05-02 21:00:00,3.7,119.0,0.4969,0.88,0.0526,308.57,321.92,63.9,55.1,79.7,112.7,83.4,104.54,0.14,12.9,A,0
2025-05-02 22:00:00,3.41,96.4,0.6077,0.9102,0.0641,261.87,276.25,61.9,34.5,77.6,109.6,93.2,98.84,0.12,11.1,C,0
2025-05-02 23:00:00,3.67,112.1,0.5298,0.88,0.0473,345.09,316.91,65.0,47.2,81.2,111.3,97.2,97.66,0.16,12.7,C,0
2025-05-03 00:00:00,4.76,114.7,0.3817,0.88,0.03,374.26,376.44,47.5,67.2,80.3,107.0,94.9,102.15,0.17,15.1,B,0
2025-05-03 01:00:00,4.29,87.7,0.3216,0.9019,0.0306,279.34,297.46,29.3,58.4,79.5,106.5,95.4,102.29,0.13,11.9,B,0
2025-05-03 02:00:00,4.2,119.1,0.4424,0.88,0.0468,334.22,315.92,56.6,62.6,79.6,112.2,96.7,101.12,0.15,12.6,A,0
2025-05-03 03:00:00,3.14,130.2,0.45,0.8929,0.0473,348.7,323.14,62.0,68.2,81.6,103.9,92.4,108.3,0.16,12.9,B,0
2025-05-03 04:00:00,2.79,107.4,0.5755,0.9253,0.0654,271.77,270.72,63.7,43.7,80.5,108.6,88.7,103.24,0.12,10.8,C,0
2025-05-03 05:00:00,4.26,130.4,0.4993,0.88,0.0481,420.33,400.49,70.7,59.7,79.2,111.4,98.7,98.78,0.19,16.0,A,0
2025-05-03 06:00:00,4.2,107.2,0.5907,0.88,0.0498,331.76,317.06,69.8,37.3,87.4,110.4,90.6,104.47,0.15,12.7,C,0
2025-05-03 07:00:00,4.68,122.7,0.394,0.8818,0.0454,342.77,314.07,51.2,71.6,83.4,104.3,89.0,101.47,0.16,12.6,C,0
2025-05-03 08:00:00,3.02,76.7,0.5772,0.88,0.0587,220.83,241.53,48.4,28.3,82.5,111.1,97.5,99.27,0.1,9.7,A,0
2025-05-03 09:00:00,3.32,146.3,0.5577,0.8819,0.0572,367.51,338.95,88.8,57.5,81.8,108.3,89.5,104.0,0.17,13.6,A,0
2025-05-03 10:00:00,2.19,132.4,0.3385,0.8844,0.0377,254.61,250.93,47.1,85.4,84.0,110.2,90.9,105.73,0.12,10.0,C,0
2025-05-03 11:00:00,3.19,105.7,0.6058,0.88,0.0669,281.22,280.34,70.1,35.7,83.6,108.8,102.9,101.95,0.13,11.2,A,0
2025-05-03 12:00:00,4.3,80.4,0.5075,0.8977,0.0506,267.77,250.85,43.4,37.0,78.9,108.6,102.9,98.37,0.12,10.0,A,0
2025-05-03 13:00:00,3.13,114.3,0.5314,0.88,0.059,260.67,244.41,65.8,48.5,77.4,106.4,101.0,101.64,0.12,9.8,B,0
2025-05-03 14:00:00,4.01,88.3,0.4308,0.9205,0.0458,264.3,259.8,38.9,49.5,75.2,109.3,98.8,98.43,0.12,10.4,B,0
2025-05-03 15:00:00,3.35,116.7,0.602,0.8985,0.0569,255.33,265.99,75.6,41.1,87.4,112.5,100.8,101.98,0.12,10.6,C,0
2025-05-03 16:00:00,3.76,116.2,0.4051,0.9256,0.0393,328.83,322.13,47.9,68.2,80.7,109.2,104.8,103.56,0.15,12.9,C,0
2025-05-03 17:00:00,2.58,95.9,0.5666,0.9226,0.0597,244.55,226.46,56.3,39.6,83.8,109.2,100.5,95.37,0.11,9.1,A,0
2025-05-03 18:00:00,3.57,126.8,0.5656,0.88,0.053,287.64,301.48,78.6,48.2,82.6,108.6,96.3,103.45,0.13,12.1,A,0
2025-05-03 19:00:00,1.5,122.1,0.4221,0.88,0.0466,204.57,220.82,55.0,67.1,84.7,107.4,99.4,100.18,0.09,8.8,B,0
2025-05-03 20:00:00,3.35,124.6,0.6587,0.88,0.0667,339.24,331.11,90.7,33.9,81.8,108.0,92.7,99.61,0.15,13.2,A,0
2025-05-03 21:00:00,2.2,110.1,0.5185,0.9408,0.0538,240.34,245.96,57.7,52.4,78.0,110.4,95.7,97.32,0.11,9.8,C,0
2025-05-03 22:00:00,4.46,88.8,0.5523,0.8861,0.0624,274.45,281.14,52.8,36.0,78.9,114.9,96.0,98.08,0.12,11.2,B,0
2025-05-03 23:00:00,4.12,124.7,0.3778,0.88,0.0396,334.08,357.0,50.2,74.5,80.9,112.0,94.3,106.59,0.15,14.3,C,1
2025-05-04 00:00:00,3.87,105.9,0.6694,0.9127,0.0673,293.0,300.01,75.5,30.5,77.2,111.2,93.4,103.85,0.13,12.0,C,0
2025-05-04 01:00:00,4.72,89.2,0.402,0.88,0.0398,335.18,329.13,38.4,50.7,79.4,114.0,101.4,105.18,0.15,13.2,C,0
2025-05-04 02:00:00,2.74,130.3,0.582,0.88,0.0575,252.02,241.08,83.1,47.2,78.4,110.9,90.2,98.73,0.11,9.6,C,0
2025-05-04 03:00:00,4.9,141.5,0.4204,0.9155,0.0436,416.51,396.95,61.2,80.3,81.0,112.1,95.7,106.7,0.19,15.9,C,0
2025-05-04 04:00:00,4.25,109.4,0.4505,0.8922,0.0519,323.73,325.81,51.9,57.5,80.5,110.4,88.6,101.1,0.15,13.0,B,0
2025-05-04 05:00:00,3.31,142.4,0.5631,0.88,0.0533,326.95,316.31,87.8,54.6,82.4,110.9,85.0,98.93,0.15,12.7,C,0
2025-05-04 06:00:00,4.41,111.4,0.5822,0.88,0.0548,349.92,329.65,71.2,40.2,84.6,107.2,101.0,98.07,0.16,13.2,C,0
2025-05-04 07:00:00,2.61,104.3,0.3983,0.88,0.0463,265.17,271.64,44.0,60.3,81.3,109.4,101.4,98.15,0.12,10.9,C,0
2025-05-04 08:00:00,2.84,100.5,0.5872,0.9176,0.0559,219.82,217.62,62.0,38.5,77.5,108.9,92.6,99.06,0.1,8.7,C,0
2025-05-04 09:00:00,3.01,134.6,0.5836,0.88,0.0594,316.04,320.3,86.0,48.6,75.9,108.8,95.3,98.62,0.14,12.8,A,0
2025-05-04 10:00:00,3.08,98.3,0.425,0.88,0.0395,250.21,248.04,45.1,53.2,82.5,108.7,93.6,104.01,0.11,9.9,B,0
2025-05-04 11:00:00,2.65,121.0,0.6279,0.8806,0.0544,263.77,240.41,84.0,37.0,80.0,112.9,93.6,109.1,0.12,9.6,B,0
2025-05-04 12:00:00,4.48,101.6,0.3835,0.8865,0.0393,284.41,276.25,41.3,60.3,81.5,109.3,92.6,100.56,0.13,11.0,A,0
2025-05-04 13:00:00,3.29,103.1,0.45,0.8964,0.0506,257.18,257.97,48.7,54.4,83.0,109.7,97.3,100.62,0.12,10.3,C,0
2025-05-04 14:00:00,3.78,125.5,0.5383,0.88,0.0535,330.92,329.05,73.6,51.9,86.3,114.5,93.1,95.73,0.15,13.2,B,0
2025-05-04 15:00:00,3.04,104.3,0.4317,0.88,0.0358,274.24,278.2,48.9,55.4,76.8,111.6,97.1,98.52,0.12,11.1,C,0
2025-05-04 16:00:00,2.04,103.9,0.5211,0.8959,0.0527,214.79,210.79,57.7,46.2,79.0,110.0,103.3,96.44,0.1,8.4,A,0
2025-05-04 17:00:00,3.72,127.0,0.5193,0.8979,0.0481,302.98,299.1,70.4,56.6,81.7,112.1,96.9,103.74,0.14,12.0,B,0
2025-05-04 18:00:00,1.97,134.0,0.485,0.88,0.0354,241.24,239.58,71.3,62.6,78.6,108.7,95.6,107.1,0.11,9.6,B,0
2025-05-04 19:00:00,3.45,119.7,0.5666,0.9261,0.0563,302.67,292.63,70.2,49.5,77.5,109.2,92.1,98.06,0.14,11.7,C,0
2025-05-04 20:00:00,2.41,100.2,0.4817,0.8816,0.0508,253.91,245.05,52.0,48.2,85.9,109.3,94.9,100.69,0.12,9.8,A,0
2025-05-04 21:00:00,5.09,102.3,0.5185,0.915,0.0577,370.73,354.32,55.0,47.3,78.9,110.5,86.6,100.55,0.17,14.2,B,0
2025-05-04 22:00:00,4.23,111.2,0.5917,0.9543,0.068,309.41,344.19,65.7,45.5,78.1,110.9,102.7,103.35,0.14,13.8,C,0
2025-05-04 23:00:00,3.58,114.8,0.5633,0.8962,0.0596,292.74,311.93,69.1,45.7,78.6,108.1,90.2,101.62,0.13,12.5,C,0
2025-05-05 00:00:00,4.51,95.2,0.5629,0.8815,0.061,302.34,284.16,58.2,37.0,85.3,110.8,85.4,107.64,0.14,11.4,C,0
2025-05-05 01:00:00,2.82,120.8,0.4081,0.88,0.0344,289.36,286.77,53.4,67.4,79.9,111.2,94.5,99.05,0.13,11.5,C,0
2025-05-05 02:00:00,3.93,111.3,0.542,0.9308,0.0623,337.89,322.7,61.5,49.8,77.8,109.1,96.8,104.0,0.15,12.9,A,0
2025-05-05 03:00:00,3.66,84.3,0.4297,0.88,0.0493,250.27,254.24,38.6,45.7,79.5,109.7,101.6,99.51,0.11,10.2,B,0
2025-05-05 04:00:00,3.71,96.1,0.3975,0.88,0.0379,271.55,281.39,41.0,55.0,81.9,107.7,96.2,96.49,0.12,11.3,C,0
2025-05-05 05:00:00,4.52,102.4,0.4943,0.8879,0.0528,328.78,317.65,54.2,48.3,84.7,107.0,99.6,105.58,0.15,12.7,A,0
2025-05-05 06:00:00,4.09,108.9,0.4277,0.88,0.0457,323.38,305.08,49.9,59.0,84.4,107.7,99.6,106.92,0.15,12.2,B,0
2025-05-05 07:00:00,3.73,138.3,0.5632,0.9245,0.0637,318.9,326.74,80.3,58.1,79.7,111.4,99.2,102.53,0.14,13.1,B,0
2025-05-05 08:00:00,2.18,113.6,0.5652,0.8981,0.0558,229.25,222.84,68.7,44.9,80.4,111.0,89.3,99.41,0.1,8.9,C,0
2025-05-05 09:00:00,2.73,97.4,0.3478,0.8863,0.031,221.23,229.83,36.1,61.3,88.3,113.9,97.6,97.88,0.1,9.2,B,0
2025-05-05 10:00:00,3.4,113.3,0.4337,0.91,0.0409,258.17,243.14,51.2,62.1,85.0,110.1,88.1,102.98,0.12,9.7,C,0
2025-05-05 11:00:00,3.57,104.7,0.3832,0.8857,0.0428,347.44,320.18,42.3,62.4,81.2,110.1,105.0,94.92,0.16,12.8,A,0
2025-05-05 12:00:00,2.6,114.9,0.463,0.88,0.0367,262.96,271.84,58.1,56.8,75.1,110.7,98.5,103.92,0.12,10.9,B,0
2025-05-05 13:00:00,5.43,118.7,0.5364,0.88,0.0387,432.11,394.82,70.2,48.5,80.6,107.9,91.9,100.05,0.2,15.8,C,0
2025-05-05 14:00:00,4.71,128.1,0.4806,0.9103,0.0525,402.45,349.99,64.0,64.2,78.0,111.8,96.9,99.98,0.18,14.0,A,0
2025-05-05 15:00:00,3.98,109.6,0.4528,0.9178,0.0467,343.03,321.04,51.1,58.5,79.4,110.8,89.9,98.08,0.16,12.8,C,0
2025-05-05 16:00:00,3.56,134.6,0.604,0.88,0.0605,321.05,301.57,89.3,45.3,79.1,108.1,87.2,96.99,0.15,12.1,B,0
2025-05-05 17:00:00,3.33,123.6,0.3156,0.8914,0.025,309.28,286.3,41.5,82.2,81.3,110.7,99.4,101.13,0.14,11.5,A,0
2025-05-05 18:00:00,2.74,99.4,0.5989,0.9288,0.0513,218.09,230.48,62.0,37.4,82.2,111.5,90.1,101.89,0.1,9.2,B,0
2025-05-05 19:00:00,3.56,143.1,0.4565,0.88,0.0425,400.08,353.77,70.8,72.4,79.8,107.3,94.1,101.02,0.18,14.2,B,0
2025-05-05 20:00:00,3.71,114.9,0.4938,0.8827,0.0512,298.03,285.88,61.2,53.8,78.2,112.1,96.0,104.58,0.14,11.4,C,0
2025-05-05 21:00:00,2.51,97.5,0.4578,0.9161,0.0429,239.72,245.12,46.3,51.2,81.5,109.1,94.1,101.48,0.11,9.8,C,0
2025-05-05 22:00:00,3.77,134.8,0.6234,0.88,0.0668,368.11,347.53,92.3,42.5,80.5,103.9,89.9,103.45,0.17,13.9,A,0
2025-05-05 23:00:00,3.38,141.2,0.4015,0.9269,0.0354,382.78,358.79,58.0,83.2,76.3,111.9,95.3,96.89,0.17,14.4,C,0
2025-05-06 00:00:00,1.97,109.5,0.5009,0.9624,0.0475,219.33,219.69,54.3,55.2,83.8,112.7,95.7,99.97,0.1,8.8,A,0
2025-05-06 01:00:00,2.81,102.4,0.5422,0.8991,0.0577,265.93,252.26,59.0,43.5,79.8,107.8,99.4,105.75,0.12,10.1,B,0
2025-05-06 02:00:00,3.17,107.4,0.3711,0.8857,0.0352,252.97,248.18,42.4,65.0,81.2,106.7,107.2,104.22,0.11,9.9,B,0
2025-05-06 03:00:00,5.01,120.7,0.4264,0.906,0.041,445.63,431.24,53.8,66.9,81.3,112.7,85.1,102.3,0.2,17.2,B,0
2025-05-06 04:00:00,3.95,129.2,0.4881,0.9332,0.0456,309.9,297.69,64.4,64.8,82.0,108.8,91.0,100.16,0.14,11.9,B,0
2025-05-06 05:00:00,2.43,118.6,0.4291,0.88,0.0388,254.3,257.96,55.0,63.6,82.4,112.7,96.1,98.49,0.12,10.3,A,0
2025-05-06 06:00:00,3.89,111.5,0.4348,0.88,0.0452,307.73,316.18,52.0,59.5,78.1,106.4,100.1,99.71,0.14,12.6,A,0
2025-05-06 07:00:00,2.26,132.5,0.472,0.88,0.0496,235.72,246.37,67.4,65.1,82.9,112.8,96.7,103.21,0.11,9.9,B,0
2025-05-06 08:00:00,4.37,105.3,0.552,0.9131,0.0563,307.3,284.54,60.9,44.4,81.0,112.1,100.6,95.35,0.14,11.4,C,0
2025-05-06 09:00:00,3.12,125.5,0.4726,0.9023,0.0442,292.08,293.83,62.6,62.8,85.3,111.1,87.6,106.69,0.13,11.8,B,0
2025-05-06 10:00:00,3.43,105.7,0.5863,0.88,0.0576,279.22,289.77,67.9,37.7,84.4,106.0,93.4,105.02,0.13,11.6,A,0
2025-05-06 11:00:00,4.56,116.5,0.4202,0.88,0.05,356.82,334.46,51.9,64.5,86.0,109.3,102.3,104.95,0.16,13.4,C,0
2025-05-06 12:00:00,2.47,108.3,0.3998,0.907,0.0329,239.41,227.37,45.5,62.8,79.2,112.0,90.7,103.14,0.11,9.1,B,0
2025-05-06 13:00:00,2.38,109.2,0.6541,0.9127,0.0748,219.28,222.28,75.5,33.7,85.9,106.6,80.5,101.62,0.1,8.9,B,0
2025-05-06 14:00:00,3.03,104.3,0.4474,0.88,0.0452,250.37,254.82,50.3,54.1,82.3,109.0,90.9,102.43,0.11,10.2,A,0
2025-05-06 15:00:00,4.33,130.2,0.3951,0.88,0.0386,386.93,378.63,55.2,75.0,84.1,110.8,97.2,100.2,0.18,15.1,A,0
2025-05-06 16:00:00,2.28,99.0,0.3606,0.88,0.0408,215.55,218.45,37.7,61.3,84.0,107.7,94.6,107.65,0.1,8.7,A,0
2025-05-06 17:00:00,1.5,98.9,0.586,0.88,0.0483,184.11,180.57,63.9,35.0,83.4,112.6,88.6,100.88,0.08,7.2,A,0
2025-05-06 18:00:00,3.14,141.8,0.4727,0.914,0.0542,368.55,333.27,69.0,72.8,78.7,112.2,91.4,99.87,0.17,13.3,C,0
2025-05-06 19:00:00,3.94,124.7,0.4797,0.88,0.0573,365.33,356.12,64.0,60.7,84.9,110.5,88.3,100.5,0.17,14.2,C,0
2025-05-06 20:00:00,4.46,74.2,0.4873,0.88,0.0542,261.36,284.26,38.9,35.3,83.1,110.9,88.9,99.13,0.12,11.4,A,0
2025-05-06 21:00:00,3.13,101.5,0.581,0.88,0.0476,266.15,265.98,65.1,36.5,77.6,108.9,90.6,103.73,0.12,10.6,C,0
2025-05-06 22:00:00,3.17,82.8,0.4856,0.9179,0.0524,217.28,236.81,41.5,41.4,80.5,111.2,95.5,99.74,0.1,9.5,B,0
2025-05-06 23:00:00,4.42,95.7,0.6875,0.9089,0.077,332.98,308.08,70.3,25.5,78.4,108.8,83.1,100.92,0.15,12.3,C,0
2025-05-07 00:00:00,2.0,62.9,0.5107,0.88,0.0588,135.87,151.75,34.6,28.3,77.7,109.6,101.8,105.31,0.06,6.1,B,0
2025-05-07 01:00:00,3.19,107.9,0.5849,0.88,0.0515,229.79,212.47,69.5,38.4,84.6,109.0,94.5,104.51,0.1,8.5,A,0
2025-05-07 02:00:00,3.65,92.9,0.5644,0.88,0.0615,243.53,250.83,57.1,35.8,77.6,112.9,89.5,98.23,0.11,10.0,B,0
2025-05-07 03:00:00,3.86,110.9,0.4971,0.9021,0.0587,357.26,330.1,57.6,53.3,78.0,112.4,90.1,104.84,0.16,13.2,A,0
2025-05-07 04:00:00,3.09,85.6,0.453,0.88,0.0455,220.02,232.62,41.8,43.8,87.9,108.0,91.8,97.05,0.1,9.3,A,1
2025-05-07 05:00:00,3.53,111.2,0.5266,0.88,0.0454,308.73,295.83,64.1,47.1,80.7,112.7,95.0,96.8,0.14,11.8,A,0
2025-05-07 06:00:00,1.51,103.8,0.5408,0.953,0.0582,176.64,205.32,56.0,47.8,84.0,108.4,95.8,100.32,0.08,8.2,C,0
2025-05-07 07:00:00,2.97,132.5,0.4542,0.88,0.0507,328.08,343.88,64.5,68.0,85.4,113.7,94.0,102.18,0.15,13.8,B,0
2025-05-07 08:00:00,3.86,131.2,0.5133,0.88,0.0506,371.18,319.17,73.2,58.0,84.3,113.1,91.2,100.63,0.17,12.8,C,0
2025-05-07 09:00:00,2.71,121.8,0.5989,0.8877,0.0539,274.6,280.31,79.6,42.2,82.4,114.4,94.9,102.62,0.12,11.2,A,0
2025-05-07 10:00:00,3.55,105.1,0.6656,0.88,0.0715,303.62,288.49,77.2,27.9,81.9,110.6,84.6,100.17,0.14,11.5,C,0
2025-05-07 11:00:00,3.86,139.8,0.5683,0.937,0.053,373.68,367.9,81.5,58.3,83.6,109.4,88.9,95.12,0.17,14.7,A,0
2025-05-07 12:00:00,3.23,86.7,0.649,0.9306,0.0669,240.02,230.31,58.4,28.3,81.3,109.4,91.6,100.73,0.11,9.2,B,0
2025-05-07 13:00:00,3.64,88.9,0.4497,0.8901,0.0528,252.59,270.18,42.2,46.8,84.1,110.8,88.3,96.74,0.11,10.8,A,0
2025-05-07 14:00:00,2.73,108.7,0.5562,0.88,0.0473,250.62,264.0,66.5,42.3,81.2,108.0,93.9,101.31,0.11,10.6,A,0
2025-05-07 15:00:00,3.33,143.8,0.6071,0.88,0.0652,336.17,305.55,95.6,48.2,81.6,105.2,88.3,97.54,0.15,12.2,C,0
2025-05-07 16:00:00,3.99,107.0,0.4283,0.8883,0.0418,311.02,301.97,48.8,58.1,87.6,109.2,103.6,102.85,0.14,12.1,A,0
2025-05-07 17:00:00,3.63,107.3,0.4612,0.882,0.0452,284.62,283.89,53.3,53.9,80.6,110.1,87.7,105.36,0.13,11.4,B,0
2025-05-07 18:00:00,3.03,88.4,0.639,0.9005,0.0665,248.23,258.58,60.7,27.7,82.1,111.1,102.6,96.11,0.11,10.3,B,0
2025-05-07 19:00:00,3.68,124.2,0.422,0.88,0.0383,291.63,287.74,56.6,67.6,83.3,110.8,85.0,95.17,0.13,11.5,A,0
2025-05-07 20:00:00,4.07,124.3,0.3927,0.918,0.0334,393.23,387.39,50.5,73.8,83.5,110.3,105.0,100.4,0.18,15.5,B,0
2025-05-07 21:00:00,1.86,121.8,0.6222,0.8804,0.0533,193.84,204.18,83.8,38.0,82.9,112.3,97.9,104.69,0.09,8.2,A,0
2025-05-07 22:00:00,4.43,100.6,0.5957,0.88,0.0657,337.55,335.69,65.5,35.1,78.2,108.3,99.0,101.77,0.15,13.4,A,0
2025-05-07 23:00:00,3.23,99.4,0.5346,0.88,0.0516,242.66,232.16,58.0,41.4,82.5,108.7,88.2,100.02,0.11,9.3,B,0
2025-05-08 00:00:00,3.84,90.6,0.4963,0.8922,0.0525,281.7,279.13,47.9,42.7,82.7,114.2,93.4,98.07,0.13,11.2,C,0
2025-05-08 01:00:00,4.46,111.3,0.4649,0.88,0.0441,349.93,354.54,56.0,55.2,85.4,103.6,93.7,103.47,0.16,14.2,A,0
2025-05-08 02:00:00,2.4,93.8,0.5226,0.9316,0.0464,186.72,209.91,50.5,43.3,84.2,112.2,94.5,105.91,0.08,8.4,C,0
2025-05-08 03:00:00,2.93,92.3,0.6264,0.88,0.0659,256.23,259.68,63.6,28.8,85.6,111.1,101.4,95.69,0.12,10.4,C,0
2025-05-08 04:00:00,3.27,103.6,0.5191,0.921,0.0535,288.42,283.94,55.6,48.0,79.0,110.0,98.5,102.18,0.13,11.4,A,0
2025-05-08 05:00:00,2.87,102.7,0.6734,0.8892,0.0662,258.81,275.04,75.7,26.9,79.0,111.8,94.2,108.93,0.12,11.0,B,0
2025-05-08 06:00:00,4.89,101.9,0.4282,0.8817,0.0443,330.86,319.82,46.7,55.2,83.0,111.4,100.0,99.48,0.15,12.8,A,0
2025-05-08 07:00:00,2.81,117.0,0.4984,0.8868,0.045,291.25,301.73,63.0,54.0,85.4,107.1,100.9,100.73,0.13,12.1,B,0
2025-05-08 08:00:00,3.06,111.2,0.4702,0.9295,0.0523,246.53,248.43,53.0,58.2,81.4,108.1,92.2,101.2,0.11,9.9,A,0
2025-05-08 09:00:00,3.66,105.7,0.4132,0.88,0.0478,241.52,245.7,46.4,59.3,79.8,109.0,92.0,100.07,0.11,9.8,C,0
2025-05-08 10:00:00,2.54,112.7,0.4878,0.88,0.0526,218.3,215.31,59.3,53.4,77.2,105.8,105.8,104.59,0.1,8.6,A,0
2025-05-08 11:00:00,3.18,95.1,0.5334,0.88,0.0515,230.63,223.79,55.3,39.8,83.1,110.0,93.8,106.7,0.1,9.0,B,0
2025-05-08 12:00:00,3.75,111.6,0.5419,0.9049,0.0545,295.2,303.19,64.0,47.6,81.7,111.3,91.8,96.19,0.13,12.1,B,0
2025-05-08 13:00:00,3.23,112.3,0.6736,0.88,0.0752,277.3,296.01,83.5,28.8,80.7,112.3,94.2,98.5,0.13,11.8,A,0
2025-05-08 14:00:00,3.43,87.5,0.5372,0.88,0.0601,235.95,241.62,50.9,36.6,84.7,110.2,100.4,105.04,0.11,9.7,B,0
2025-05-08 15:00:00,3.08,124.9,0.592,0.88,0.0692,288.1,282.85,80.6,44.4,81.7,108.5,98.6,103.1,0.13,11.3,A,0
2025-05-08 16:00:00,2.29,96.8,0.5053,0.9177,0.0466,175.45,196.76,51.0,45.8,82.0,110.4,94.4,102.61,0.08,7.9,C,0
2025-05-08 17:00:00,3.76,111.4,0.6342,0.8968,0.0591,319.96,316.55,76.5,34.9,84.7,109.8,98.1,103.39,0.15,12.7,A,0
2025-05-08 18:00:00,4.9,127.5,0.6919,0.8992,0.0699,416.32,351.44,95.6,31.9,88.6,111.6,96.3,101.59,0.19,14.1,A,0
2025-05-08 19:00:00,3.51,123.9,0.5425,0.8893,0.0563,310.18,316.75,72.3,51.6,80.7,109.9,94.3,102.74,0.14,12.7,B,0
2025-05-08 20:00:00,3.68,110.5,0.4206,0.88,0.0413,344.77,313.47,50.0,60.5,79.4,111.8,93.5,100.32,0.16,12.5,A,0
2025-05-08 21:00:00,4.05,104.6,0.4561,0.88,0.0437,307.84,301.51,51.6,53.0,79.0,109.5,95.7,100.62,0.14,12.1,C,0
2025-05-08 22:00:00,2.48,124.2,0.5226,0.8917,0.0586,267.68,262.5,69.2,55.0,83.4,112.6,92.9,101.01,0.12,10.5,C,0
2025-05-08 23:00:00,4.86,120.1,0.5365,0.9039,0.0532,430.09,393.87,68.2,51.9,78.7,110.4,95.4,100.08,0.2,15.8,A,0
2025-05-09 00:00:00,3.66,100.7,0.5559,0.88,0.0495,249.8,252.83,61.4,39.3,80.9,108.8,94.8,102.71,0.11,10.1,B,0
2025-05-09 01:00:00,4.81,98.1,0.5368,0.8896,0.0482,334.05,336.63,57.0,41.1,81.1,109.3,87.7,102.19,0.15,13.5,C,0
2025-05-09 02:00:00,2.91,78.9,0.5006,0.88,0.0513,216.66,224.45,42.8,36.1,86.7,111.5,92.4,95.7,0.1,9.0,A,0
2025-05-09 03:00:00,4.95,112.3,0.4491,0.8934,0.0599,381.32,386.97,52.4,59.9,85.6,107.5,93.7,100.69,0.17,15.5,A,0
2025-05-09 04:00:00,4.12,108.8,0.5321,0.88,0.0483,292.14,307.37,63.3,45.5,77.4,109.7,104.3,101.36,0.13,12.3,C,0
2025-05-09 05:00:00,3.94,127.0,0.6484,0.88,0.0633,348.8,359.09,91.0,36.0,86.8,112.1,94.2,105.89,0.16,14.4,B,0
2025-05-09 06:00:00,3.69,115.4,0.5816,0.88,0.0702,325.53,315.93,72.9,42.5,78.4,111.0,96.4,100.44,0.15,12.6,A,0
2025-05-09 07:00:00,3.3,130.0,0.5428,0.8932,0.0519,270.7,264.59,75.9,54.2,82.5,107.7,105.8,101.59,0.12,10.6,C,0
2025-05-09 08:00:00,4.46,99.5,0.5824,0.9066,0.0605,285.0,281.84,61.4,38.1,79.5,110.6,87.1,101.07,0.13,11.3,A,0
2025-05-09 09:00:00,3.61,127.1,0.4703,0.9238,0.0564,400.88,399.92,60.6,66.4,80.8,107.3,87.3,105.27,0.18,16.0,C,0
2025-05-09 10:00:00,1.93,102.1,0.4593,0.88,0.0412,206.58,224.94,50.9,51.2,79.1,110.4,91.1,97.72,0.09,9.0,A,0
2025-05-09 11:00:00,2.61,121.7,0.4402,0.8962,0.0425,301.92,263.33,56.7,65.0,87.0,112.8,93.3,98.95,0.14,10.5,B,0
2025-05-09 12:00:00,3.35,88.1,0.49,0.9146,0.0466,258.33,262.93,45.0,43.1,81.6,110.1,93.8,98.74,0.12,10.5,B,0
2025-05-09 13:00:00,3.75,113.5,0.4662,0.8852,0.039,330.13,287.39,57.3,56.2,82.7,107.7,92.4,101.34,0.15,11.5,C,0
2025-05-09 14:00:00,3.45,80.2,0.5967,0.9218,0.0675,223.18,229.52,49.7,30.5,78.8,109.6,88.8,96.82,0.1,9.2,A,0
2025-05-09 15:00:00,4.48,106.0,0.462,0.88,0.0433,351.23,330.65,53.0,53.0,77.8,110.4,99.9,105.7,0.16,13.2,B,0
2025-05-09 16:00:00,1.94,116.6,0.4358,0.8939,0.0392,246.2,240.52,54.1,62.5,80.7,112.2,92.7,102.55,0.11,9.6,C,0
2025-05-09 17:00:00,3.61,102.2,0.6554,0.88,0.0633,305.25,310.48,74.1,28.1,83.6,112.2,100.9,103.06,0.14,12.4,B,0
2025-05-09 18:00:00,2.05,94.2,0.4639,0.88,0.051,195.91,201.13,46.9,47.3,81.6,107.8,89.9,107.61,0.09,8.0,B,0
2025-05-09 19:00:00,4.11,122.7,0.5123,0.9181,0.0518,357.94,344.1,65.2,57.5,84.9,109.4,104.8,100.27,0.16,13.8,A,0
2025-05-09 20:00:00,3.42,108.4,0.5361,0.9351,0.0497,301.87,284.62,59.6,48.9,82.4,110.8,86.7,103.87,0.14,11.4,A,0
2025-05-09 21:00:00,3.84,102.7,0.4091,0.88,0.043,285.0,283.14,44.9,57.8,82.0,108.8,94.9,103.05,0.13,11.3,B,0
2025-05-09 22:00:00,2.81,110.6,0.5988,0.88,0.0639,271.19,281.57,72.5,38.1,83.6,111.0,90.0,105.92,0.12,11.3,B,0
2025-05-09 23:00:00,4.52,149.6,0.551,0.891,0.055,434.2,392.87,88.7,60.8,82.3,107.3,95.2,103.37,0.2,15.7,B,0
2025-05-10 00:00:00,4.33,127.3,0.6247,0.8946,0.0613,377.46,371.11,86.1,41.2,84.8,110.5,90.1,99.77,0.17,14.8,B,0
2025-05-10 01:00:00,3.97,127.4,0.4457,0.88,0.0496,333.96,324.67,60.8,66.7,83.7,112.1,84.3,102.57,0.15,13.0,C,0
2025-05-10 02:00:00,3.4,116.5,0.5079,0.8932,0.0499,294.9,291.26,63.3,53.2,84.7,110.1,91.1,99.36,0.13,11.7,C,0
2025-05-10 03:00:00,3.96,112.5,0.5031,0.88,0.0584,310.12,298.98,60.9,51.6,84.1,110.4,103.0,99.9,0.14,12.0,B,0
2025-05-10 04:00:00,2.93,74.1,0.5211,0.9055,0.0483,220.34,234.53,40.8,33.2,86.1,111.7,90.0,101.26,0.1,9.4,A,0
2025-05-10 05:00:00,4.18,99.8,0.3836,0.88,0.0345,285.6,290.9,41.2,58.6,84.5,109.1,97.5,100.74,0.13,11.6,A,0
2025-05-10 06:00:00,4.82,102.8,0.5089,0.9063,0.0464,360.61,344.48,55.3,47.5,87.2,111.2,95.0,98.62,0.16,13.8,C,0
2025-05-10 07:00:00,4.36,81.9,0.3859,0.927,0.0374,248.52,253.38,32.1,49.8,80.4,109.9,92.7,94.49,0.11,10.1,B,0
2025-05-10 08:00:00,2.92,92.6,0.5287,0.88,0.0529,232.25,244.75,53.3,39.3,84.5,108.2,105.2,102.19,0.11,9.8,A,0
2025-05-10 09:00:00,3.79,80.3,0.3297,0.88,0.0263,247.83,256.36,28.5,51.8,77.9,111.8,93.4,102.4,0.11,10.3,B,0
2025-05-10 10:00:00,2.47,109.4,0.3519,0.8905,0.0357,204.51,211.17,40.5,69.0,84.8,112.8,95.8,102.39,0.09,8.4,C,0
2025-05-10 11:00:00,3.96,122.3,0.5655,0.88,0.0594,310.76,319.54,75.4,46.9,82.2,112.3,95.4,107.02,0.14,12.8,C,0
2025-05-10 12:00:00,3.86,126.6,0.4563,0.88,0.0383,328.3,331.11,62.9,63.7,84.8,111.8,102.9,96.69,0.15,13.2,A,0
2025-05-10 13:00:00,2.0,116.2,0.421,0.9045,0.0395,201.82,229.66,51.3,65.0,87.0,111.0,87.5,105.96,0.09,9.2,B,0
2025-05-10 14:00:00,2.57,95.5,0.6017,0.9067,0.063,222.02,213.9,61.0,34.5,84.4,110.7,106.2,108.78,0.1,8.6,C,0
2025-05-10 15:00:00,3.27,81.0,0.5262,0.9603,0.0472,227.32,240.0,42.5,38.5,80.8,109.8,102.6,106.59,0.1,9.6,A,0
2025-05-10 16:00:00,3.26,83.6,0.5698,0.8874,0.0554,209.2,228.06,51.7,31.9,78.7,108.7,97.0,100.25,0.1,9.1,B,0
2025-05-10 17:00:00,2.53,91.0,0.4867,0.8848,0.0541,212.66,229.84,47.4,43.6,83.6,105.9,98.1,102.66,0.1,9.2,B,0
2025-05-10 18:00:00,3.81,96.7,0.7144,0.894,0.08,272.68,268.85,75.3,21.3,81.1,106.9,93.9,98.99,0.12,10.8,C,0
2025-05-10 19:00:00,3.7,107.6,0.4516,0.88,0.0474,300.42,277.95,52.2,55.4,84.0,110.0,95.8,99.27,0.14,11.1,A,1
2025-05-10 20:00:00,3.34,94.8,0.6396,0.88,0.0631,242.97,262.42,66.9,27.9,80.5,107.4,97.1,106.47,0.11,10.5,B,0
2025-05-10 21:00:00,2.9,115.1,0.4951,0.88,0.047,285.08,276.48,61.9,53.2,79.2,110.8,90.5,103.4,0.13,11.1,A,0
2025-05-10 22:00:00,4.34,106.5,0.3676,0.88,0.0413,380.83,358.92,41.4,65.1,81.3,113.5,102.6,103.58,0.17,14.4,B,0
2025-05-10 23:00:00,4.82,110.2,0.5386,0.88,0.0595,395.64,411.04,64.3,45.8,83.5,103.5,96.1,97.93,0.18,16.4,B,0
2025-05-11 00:00:00,3.11,127.1,0.5252,0.88,0.0467,347.82,316.83,73.0,54.1,82.4,108.1,95.7,96.88,0.16,12.7,B,0
2025-05-11 01:00:00,3.01,92.3,0.4159,0.88,0.0461,209.11,225.02,40.9,51.4,79.6,114.4,90.7,104.46,0.1,9.0,A,0
2025-05-11 02:00:00,3.89,116.3,0.4262,0.887,0.0396,315.26,297.87,53.1,63.2,87.4,111.7,100.8,102.57,0.14,11.9,C,0
2025-05-11 03:00:00,3.21,109.8,0.498,0.88,0.0455,294.38,280.52,59.5,50.3,81.6,109.8,94.8,100.4,0.13,11.2,B,0
2025-05-11 04:00:00,3.39,105.0,0.528,0.9181,0.052,315.14,310.11,57.7,47.3,75.2,108.9,92.4,106.51,0.14,12.4,C,0
2025-05-11 05:00:00,4.09,123.3,0.3023,0.88,0.0352,384.26,377.67,39.0,84.3,84.8,111.2,89.6,103.08,0.17,15.1,B,0
2025-05-11 06:00:00,1.97,123.2,0.5842,0.9034,0.06,214.3,230.81,76.6,46.6,82.0,112.0,94.2,98.75,0.1,9.2,C,0
2025-05-11 07:00:00,4.55,95.8,0.4604,0.88,0.0475,304.51,312.83,47.5,48.3,81.5,107.5,89.2,95.49,0.14,12.5,A,1
2025-05-11 08:00:00,3.56,107.3,0.3935,0.88,0.0411,302.62,288.14,45.1,62.2,81.4,113.0,96.7,103.09,0.14,11.5,B,0
2025-05-11 09:00:00,3.17,114.2,0.5753,0.8967,0.0599,284.27,267.81,70.3,43.9,81.4,110.8,98.9,99.89,0.13,10.7,B,0
2025-05-11 10:00:00,3.43,105.9,0.4981,0.9448,0.0492,265.77,262.04,53.1,52.8,87.0,111.9,93.0,100.88,0.12,10.5,C,0
2025-05-11 11:00:00,3.47,118.8,0.5973,0.8846,0.0629,307.75,306.14,77.2,41.5,83.4,112.0,96.2,100.63,0.14,12.2,C,0
2025-05-11 12:00:00,2.12,114.2,0.535,0.88,0.0502,227.64,231.5,66.7,47.5,82.8,110.6,101.1,105.59,0.1,9.3,C,0
2025-05-11 13:00:00,4.7,137.5,0.4999,0.9211,0.0532,399.08,317.63,70.8,66.7,81.2,110.9,94.1,103.83,0.18,12.7,A,0
2025-05-11 14:00:00,3.53,87.0,0.4878,0.88,0.0531,266.72,246.0,45.8,41.3,87.2,111.0,94.5,101.01,0.12,9.8,B,1
2025-05-11 15:00:00,3.85,108.2,0.5386,0.88,0.0574,300.99,292.77,63.3,44.9,84.5,109.3,95.0,100.93,0.14,11.7,A,0
2025-05-11 16:00:00,4.26,96.4,0.4669,0.8966,0.0504,301.68,307.39,47.4,48.9,85.0,111.3,92.8,102.16,0.14,12.3,A,0
2025-05-11 17:00:00,2.68,119.1,0.4318,0.88,0.0455,291.95,276.93,55.1,63.9,82.8,109.5,93.2,105.25,0.13,11.1,C,0
2025-05-11 18:00:00,3.88,85.7,0.5488,0.88,0.0607,256.54,266.06,51.1,34.7,85.0,110.0,91.2,101.55,0.12,10.6,C,0
2025-05-11 19:00:00,3.29,115.2,0.4884,0.88,0.0375,321.06,292.48,61.7,53.5,83.2,113.1,97.1,99.58,0.15,11.7,B,0
2025-05-11 20:00:00,4.18,100.5,0.5027,0.9368,0.0545,283.5,284.06,51.1,49.5,80.9,109.9,94.6,97.69,0.13,11.4,B,0
2025-05-11 21:00:00,1.8,99.0,0.5872,0.9006,0.0686,194.49,207.49,61.7,37.3,83.1,110.8,98.0,101.04,0.09,8.3,B,0
2025-05-11 22:00:00,3.42,88.3,0.4909,0.88,0.046,261.56,267.54,47.1,41.2,88.3,109.7,100.1,97.71,0.12,10.7,C,0
2025-05-11 23:00:00,3.02,103.0,0.5012,0.9229,0.0465,239.79,233.54,53.5,49.6,82.6,109.3,89.7,102.32,0.11,9.3,C,0
2025-05-12 00:00:00,3.85,126.3,0.452,0.9068,0.0516,350.48,314.85,59.1,67.1,85.8,113.9,90.8,102.66,0.16,12.6,A,0
2025-05-12 01:00:00,3.88,109.6,0.5345,0.88,0.0488,313.05,315.75,64.1,45.6,85.6,107.1,98.5,104.87,0.14,12.6,B,0
2025-05-12 02:00:00,2.93,119.4,0.528,0.895,0.0495,289.81,267.54,67.6,51.8,83.7,110.1,93.7,100.67,0.13,10.7,A,0
2025-05-12 03:00:00,2.93,135.0,0.5721,0.9267,0.0581,327.83,307.91,79.9,55.1,87.0,107.6,95.4,104.4,0.15,12.3,B,0
2025-05-12 04:00:00,3.41,114.0,0.4537,0.88,0.0414,278.45,293.16,56.0,57.9,75.5,112.5,95.4,106.13,0.13,11.7,B,0
2025-05-12 05:00:00,2.78,101.6,0.4634,0.925,0.0507,241.04,246.62,48.0,53.7,76.5,109.9,90.3,101.52,0.11,9.9,B,0
2025-05-12 06:00:00,4.17,117.0,0.5634,0.88,0.0524,400.84,387.0,72.2,44.8,87.2,109.1,97.5,108.01,0.18,15.5,A,0
2025-05-12 07:00:00,3.2,101.8,0.5202,0.88,0.0538,286.65,291.27,57.5,44.4,80.1,106.3,96.2,105.61,0.13,11.7,A,0
2025-05-12 08:00:00,1.5,102.4,0.4275,0.88,0.0442,188.21,204.69,47.0,55.5,82.3,113.2,90.0,99.86,0.09,8.2,A,0
2025-05-12 09:00:00,3.2,87.2,0.6045,0.9244,0.0688,229.6,234.95,54.6,32.6,87.3,107.3,94.2,110.13,0.1,9.4,C,0
2025-05-12 10:00:00,2.67,123.9,0.3641,0.88,0.0422,325.68,304.35,47.6,76.3,82.6,111.0,94.5,101.1,0.15,12.2,C,0
2025-05-12 11:00:00,2.19,104.2,0.5627,0.88,0.0536,233.62,265.22,64.2,40.0,87.1,111.9,98.7,105.5,0.11,10.6,A,0
2025-05-12 12:00:00,2.51,112.7,0.3988,0.9026,0.0336,248.59,248.21,47.4,65.4,80.8,114.3,100.9,103.19,0.11,9.9,C,0
2025-05-12 13:00:00,3.59,94.5,0.6509,0.9208,0.0693,271.45,274.55,64.5,29.9,83.8,108.9,95.0,102.21,0.12,11.0,C,0
2025-05-12 14:00:00,4.56,116.5,0.3764,0.9215,0.0344,359.28,352.1,44.9,71.6,82.2,108.3,86.6,105.23,0.16,14.1,A,0
2025-05-12 15:00:00,3.75,98.6,0.5922,0.8967,0.0575,293.34,282.7,62.8,35.8,86.5,109.1,98.6,101.75,0.13,11.3,B,0
2025-05-12 16:00:00,3.01,107.9,0.4935,0.8864,0.044,279.39,272.43,57.6,50.3,81.2,108.8,106.0,101.07,0.13,10.9,C,0
2025-05-12 17:00:00,3.86,123.2,0.4707,0.88,0.0505,370.64,378.48,62.4,60.8,79.1,106.2,98.6,101.16,0.17,15.1,A,0
2025-05-12 18:00:00,3.13,121.9,0.5148,0.9381,0.0483,297.26,283.34,63.9,58.0,80.6,113.3,93.6,97.87,0.14,11.3,B,0
2025-05-12 19:00:00,2.94,109.7,0.5506,0.8913,0.0549,234.41,243.36,65.0,44.7,80.7,109.2,97.0,104.5,0.11,9.7,C,0
2025-05-12 20:00:00,2.58,83.5,0.4276,0.9026,0.0427,202.89,220.18,37.4,46.1,80.1,109.7,99.0,99.32,0.09,8.8,A,1
2025-05-12 21:00:00,2.1,154.9,0.4347,0.9013,0.0444,306.93,298.1,70.6,84.3,79.9,111.3,95.6,101.93,0.14,11.9,B,0
2025-05-12 22:00:00,3.19,136.2,0.552,0.9089,0.0585,307.28,299.96,79.0,57.2,85.4,112.8,101.6,101.36,0.14,12.0,C,0
2025-05-12 23:00:00,3.63,120.8,0.3634,0.88,0.0351,326.99,331.24,47.0,73.9,86.2,107.7,89.3,103.12,0.15,13.2,A,0
2025-05-13 00:00:00,3.42,98.7,0.4533,0.9282,0.0416,297.54,291.18,45.8,52.9,83.2,110.7,93.0,101.26,0.14,11.6,A,0
2025-05-13 01:00:00,3.17,108.3,0.7433,0.8922,0.065,248.49,229.28,88.8,19.5,80.1,107.6,97.3,100.49,0.11,9.2,C,0
2025-05-13 02:00:00,2.74,101.8,0.4226,0.9306,0.0428,235.22,254.97,43.6,58.3,80.2,110.7,98.5,102.54,0.11,10.2,A,0
2025-05-13 03:00:00,3.99,129.0,0.5918,0.9154,0.0584,419.35,379.06,80.3,48.7,75.8,110.6,92.3,102.29,0.19,15.2,B,1
2025-05-13 04:00:00,2.45,113.9,0.4531,0.8964,0.0418,249.43,254.3,54.8,59.1,83.1,109.1,92.7,98.11,0.11,10.2,A,0
2025-05-13 05:00:00,4.12,98.2,0.5407,0.88,0.0544,288.3,268.91,57.9,40.4,80.0,110.5,91.7,100.97,0.13,10.8,C,0
2025-05-13 06:00:00,2.7,102.9,0.5523,0.88,0.0595,240.21,238.96,61.8,41.1,86.4,110.5,91.3,105.11,0.11,9.6,B,0
2025-05-13 07:00:00,2.9,126.8,0.5903,0.88,0.0646,317.59,304.06,81.8,45.1,77.9,109.8,97.6,108.67,0.14,12.2,A,0
2025-05-13 08:00:00,2.33,134.0,0.484,0.8994,0.0407,268.35,270.08,69.2,64.8,80.2,109.6,94.8,96.18,0.12,10.8,A,0
2025-05-13 09:00:00,3.1,132.9,0.6591,0.88,0.0641,338.7,315.27,96.9,36.0,81.7,107.3,101.5,103.78,0.15,12.6,B,0
2025-05-13 10:00:00,4.28,121.4,0.4529,0.8834,0.0501,377.92,393.08,58.7,62.7,83.4,107.8,89.5,101.62,0.17,15.7,B,0
2025-05-13 11:00:00,3.91,106.2,0.5187,0.898,0.0599,319.15,311.61,58.2,48.1,87.4,108.8,94.2,99.52,0.15,12.5,C,0
2025-05-13 12:00:00,4.28,61.4,0.5196,0.88,0.0479,222.84,237.76,34.8,26.6,77.9,108.0,98.7,100.02,0.1,9.5,A,0
2025-05-13 13:00:00,3.92,114.5,0.4102,0.88,0.0479,323.14,314.54,49.8,64.6,81.1,108.9,96.7,98.48,0.15,12.6,B,0
2025-05-13 14:00:00,2.62,110.0,0.4771,0.88,0.041,230.1,245.34,57.2,52.8,77.7,109.8,89.5,97.21,0.1,9.8,A,0
2025-05-13 15:00:00,3.24,112.1,0.5129,0.88,0.057,298.65,267.19,62.1,50.0,84.4,110.2,100.8,102.46,0.14,10.7,A,0
2025-05-13 16:00:00,2.88,110.8,0.4654,0.9231,0.0451,261.89,254.77,53.0,57.8,80.1,111.1,95.5,106.65,0.12,10.2,A,0
2025-05-13 17:00:00,4.56,90.1,0.6953,0.88,0.0773,289.46,279.62,69.4,20.7,81.7,110.3,104.6,102.36,0.13,11.2,C,0
2025-05-13 18:00:00,2.54,118.4,0.4329,0.9293,0.041,270.69,263.99,52.2,66.1,81.5,110.2,94.3,101.81,0.12,10.6,A,0
2025-05-13 19:00:00,4.21,119.5,0.5944,0.929,0.0579,401.35,389.99,73.6,45.9,82.3,111.1,100.8,99.43,0.18,15.6,C,1
2025-05-13 20:00:00,4.21,120.2,0.5685,0.88,0.0562,358.63,353.78,74.8,45.5,81.5,108.2,93.2,98.51,0.16,14.2,A,0
2025-05-13 21:00:00,4.96,124.2,0.4989,0.972,0.0422,420.65,396.23,61.0,63.2,79.1,108.3,93.8,101.37,0.19,15.8,C,0
2025-05-13 22:00:00,3.17,119.1,0.4308,0.9086,0.0343,269.02,268.11,54.0,65.1,82.3,109.3,97.5,98.21,0.12,10.7,C,0
2025-05-13 23:00:00,4.07,103.8,0.4385,0.88,0.0464,307.39,333.16,48.9,55.0,79.6,108.6,86.5,104.67,0.14,13.3,A,0
2025-05-14 00:00:00,5.33,108.9,0.4586,0.914,0.0508,402.16,387.38,51.5,57.5,84.4,106.5,84.9,99.57,0.18,15.5,C,0
2025-05-14 01:00:00,3.01,111.4,0.3571,0.8993,0.0388,272.61,245.93,41.2,70.2,82.2,111.2,91.6,98.77,0.12,9.8,C,0
2025-05-14 02:00:00,2.27,111.6,0.4197,0.88,0.0357,225.99,239.49,50.8,60.8,78.9,108.0,88.5,108.05,0.1,9.6,C,0
2025-05-14 03:00:00,2.0,125.0,0.3814,0.88,0.0405,250.8,259.14,50.7,74.2,89.2,113.6,83.7,105.2,0.11,10.4,A,0
2025-05-14 04:00:00,4.07,119.7,0.6077,0.9149,0.0558,355.1,359.33,76.9,42.8,87.0,110.3,98.7,97.71,0.16,14.4,B,0
2025-05-14 05:00:00,1.99,141.2,0.5495,0.88,0.057,315.98,316.62,84.5,56.7,89.3,107.0,91.0,98.65,0.14,12.7,B,1
2025-05-14 06:00:00,3.2,143.1,0.5629,0.88,0.0619,356.9,329.64,87.6,55.5,81.0,111.3,93.3,100.72,0.16,13.2,A,0
2025-05-14 07:00:00,3.85,111.2,0.5471,0.88,0.0565,245.58,258.03,66.2,45.0,79.5,110.1,95.7,100.82,0.11,10.3,C,0
2025-05-14 08:00:00,3.65,60.0,0.5134,0.88,0.0587,173.94,188.58,33.2,26.8,84.4,110.6,97.5,99.92,0.08,7.5,A,0
2025-05-14 09:00:00,3.84,128.6,0.6169,0.8987,0.0609,377.68,377.82,85.3,43.2,85.3,109.0,96.4,105.31,0.17,15.1,B,0
2025-05-14 10:00:00,3.68,101.9,0.4511,0.88,0.044,272.99,290.0,49.6,52.3,82.6,108.1,96.0,101.93,0.12,11.6,B,0
2025-05-14 11:00:00,4.52,98.0,0.5085,0.88,0.0512,304.84,297.54,54.1,43.9,75.7,107.1,97.3,101.19,0.14,11.9,C,0
2025-05-14 12:00:00,2.74,104.0,0.5598,0.8951,0.0493,220.33,235.48,62.8,41.2,79.1,107.4,92.5,99.48,0.1,9.4,A,0
2025-05-14 13:00:00,2.96,103.3,0.3943,0.88,0.0374,244.71,258.75,43.8,59.5,83.3,107.3,91.4,98.15,0.11,10.3,B,0
2025-05-14 14:00:00,2.88,119.2,0.7477,0.9314,0.0732,285.81,284.87,93.7,25.5,80.0,109.3,83.4,99.43,0.13,11.4,A,0
2025-05-14 15:00:00,4.16,86.6,0.5023,0.9767,0.0488,282.26,303.41,42.3,44.3,77.9,109.9,98.2,98.67,0.13,12.1,B,0
2025-05-14 16:00:00,4.22,93.8,0.5114,0.8866,0.0525,269.94,281.45,51.6,42.2,81.2,106.9,91.6,97.52,0.12,11.3,B,0
2025-05-14 17:00:00,3.86,115.1,0.6006,0.88,0.0527,352.41,330.78,76.3,38.9,72.3,111.8,104.9,104.53,0.16,13.2,B,0
2025-05-14 18:00:00,4.45,119.3,0.5732,0.88,0.0516,336.3,329.57,75.1,44.2,80.2,110.3,98.7,104.09,0.15,13.2,A,0
2025-05-14 19:00:00,2.56,119.6,0.503,0.88,0.056,272.1,281.23,64.9,54.7,80.7,114.9,99.8,100.18,0.12,11.2,A,0
2025-05-14 20:00:00,4.83,98.2,0.5104,0.9353,0.041,346.08,362.41,51.5,46.7,82.9,109.2,98.5,105.25,0.16,14.5,C,0
2025-05-14 21:00:00,4.72,95.3,0.3797,0.9407,0.041,297.1,300.37,35.9,59.4,83.6,114.5,97.7,103.07,0.14,12.0,A,0
2025-05-14 22:00:00,4.09,102.4,0.4555,0.8808,0.0437,283.09,284.11,50.4,52.0,83.1,111.5,97.4,98.06,0.13,11.4,A,0
2025-05-14 23:00:00,4.93,113.6,0.5414,0.88,0.0549,399.43,400.97,67.0,46.6,84.7,106.1,97.8,96.93,0.18,16.0,B,0
2025-05-15 00:00:00,2.17,132.3,0.5355,0.8855,0.0613,248.22,248.67,76.1,56.2,81.5,107.6,95.9,102.22,0.11,9.9,C,0
2025-05-15 01:00:00,3.08,79.3,0.5977,0.8855,0.0591,208.68,208.6,51.7,27.6,77.6,110.6,91.9,102.73,0.09,8.3,C,0
2025-05-15 02:00:00,2.91,106.7,0.4904,0.8973,0.0522,273.01,280.23,55.3,51.4,82.1,106.5,89.1,97.42,0.12,11.2,A,0
2025-05-15 03:00:00,4.08,90.0,0.389,0.88,0.0392,289.45,281.38,37.4,52.6,79.4,108.2,97.1,99.72,0.13,11.3,A,0
2025-05-15 04:00:00,2.66,85.2,0.5845,0.917,0.0579,191.66,225.03,52.2,33.0,77.9,106.8,101.5,103.86,0.09,9.0,A,0
2025-05-15 05:00:00,4.11,124.5,0.6149,0.8923,0.0603,366.16,355.17,83.0,41.5,83.7,114.3,94.4,106.01,0.17,14.2,A,0
2025-05-15 06:00:00,4.6,118.2,0.5719,0.8816,0.0607,349.76,347.84,73.6,44.6,77.8,112.2,95.8,101.55,0.16,13.9,A,0
2025-05-15 07:00:00,4.06,116.7,0.4869,0.8808,0.045,370.81,345.28,61.7,55.0,84.0,109.3,88.4,101.47,0.17,13.8,C,0
2025-05-15 08:00:00,3.73,123.8,0.5836,0.88,0.0527,387.6,390.29,79.4,44.4,78.1,113.0,92.7,99.95,0.18,15.6,C,0
2025-05-15 09:00:00,2.71,102.8,0.7743,0.9031,0.0778,224.57,230.63,86.8,16.0,81.1,112.5,88.9,105.76,0.1,9.2,C,0
2025-05-15 10:00:00,2.82,103.5,0.5092,0.88,0.0519,247.22,248.83,57.2,46.3,80.3,112.6,89.2,102.97,0.11,10.0,B,0
2025-05-15 11:00:00,4.5,142.8,0.3951,0.9107,0.0304,478.66,444.82,59.2,83.6,85.4,108.9,95.5,98.78,0.22,17.8,B,0
2025-05-15 12:00:00,4.12,106.3,0.4531,0.88,0.0453,322.98,296.8,51.9,54.4,83.8,109.4,94.7,103.65,0.15,11.9,A,0
2025-05-15 13:00:00,3.47,121.0,0.55,0.88,0.0489,335.61,321.69,73.0,48.0,79.5,107.8,98.9,99.2,0.15,12.9,B,0
2025-05-15 14:00:00,3.17,110.1,0.3716,0.9443,0.0403,280.49,284.93,40.4,69.7,81.5,109.8,98.8,98.44,0.13,11.4,C,0
2025-05-15 15:00:00,1.88,82.3,0.5136,0.88,0.0423,155.93,162.3,46.3,36.0,86.0,108.4,90.6,99.96,0.07,6.5,A,0
2025-05-15 16:00:00,2.64,79.3,0.5304,0.88,0.0627,196.23,215.32,45.4,33.9,86.5,107.9,85.3,98.72,0.09,8.6,B,0
2025-05-15 17:00:00,5.03,101.3,0.6228,0.9172,0.0606,389.85,366.93,66.5,34.8,77.9,112.3,90.3,98.59,0.18,14.7,C,0
2025-05-15 18:00:00,2.48,125.8,0.6048,0.9279,0.0562,275.56,277.09,79.2,46.6,85.9,111.3,91.4,97.1,0.13,11.1,A,0
2025-05-15 19:00:00,3.65,121.8,0.5692,0.88,0.0555,379.34,326.42,75.9,45.9,85.7,108.2,97.8,99.2,0.17,13.1,A,0
2025-05-15 20:00:00,4.31,123.7,0.327,0.88,0.0355,320.06,315.11,42.7,81.0,82.5,111.9,98.1,99.7,0.15,12.6,C,0
2025-05-15 21:00:00,2.5,95.2,0.5737,0.88,0.0618,222.71,219.43,59.6,35.6,81.7,110.6,94.8,97.25,0.1,8.8,C,0
2025-05-15 22:00:00,3.65,134.2,0.5564,0.9101,0.0543,341.74,325.37,78.8,55.5,80.3,109.4,98.7,102.92,0.16,13.0,B,0
2025-05-15 23:00:00,4.25,95.5,0.5205,0.9474,0.0449,278.81,258.42,50.3,45.2,78.2,113.2,107.8,96.0,0.13,10.3,C,0
2025-05-16 00:00:00,3.51,113.2,0.3616,0.88,0.0301,339.31,315.7,44.1,69.0,83.0,110.6,94.4,100.16,0.15,12.6,C,0
2025-05-16 01:00:00,5.79,109.8,0.4379,0.9424,0.0452,413.67,388.74,48.1,61.8,81.5,113.6,93.8,103.28,0.19,15.5,C,0
2025-05-16 02:00:00,2.17,107.4,0.4067,0.88,0.0456,213.98,219.41,46.5,60.9,83.3,111.1,90.8,104.7,0.1,8.8,A,0
2025-05-16 03:00:00,4.35,130.1,0.3388,0.9018,0.0395,409.71,403.66,45.2,84.9,83.4,111.3,96.6,99.58,0.19,16.1,C,0
2025-05-16 04:00:00,3.36,99.4,0.4998,0.88,0.0508,220.16,209.65,53.8,45.6,89.6,107.8,100.7,104.34,0.1,8.4,C,0
2025-05-16 05:00:00,4.12,89.8,0.4362,0.8925,0.0485,310.78,303.49,41.2,48.5,85.6,108.9,92.5,100.2,0.14,12.1,A,0
2025-05-16 06:00:00,3.85,110.3,0.71,0.8876,0.08,368.62,351.77,86.0,24.3,83.6,112.9,93.0,108.07,0.17,14.1,A,0
2025-05-16 07:00:00,2.91,104.0,0.4865,0.88,0.0546,272.13,266.01,54.4,49.6,75.6,112.3,92.4,96.92,0.12,10.6,A,0
2025-05-16 08:00:00,3.68,160.7,0.6035,0.8894,0.065,441.7,398.3,104.9,55.7,83.2,109.3,89.2,98.28,0.2,15.9,A,0
2025-05-16 09:00:00,2.01,120.1,0.3745,0.88,0.0334,227.12,243.69,48.4,71.7,86.7,107.3,95.7,101.78,0.1,9.7,A,0
2025-05-16 10:00:00,3.98,103.9,0.4576,0.88,0.0506,280.93,303.23,51.0,52.9,80.7,113.3,95.8,97.52,0.13,12.1,C,0
2025-05-16 11:00:00,3.74,94.2,0.5078,0.9151,0.0531,299.72,272.93,49.7,44.5,88.6,112.1,94.8,99.18,0.14,10.9,C,0
2025-05-16 12:00:00,4.01,81.8,0.4273,0.934,0.046,273.72,261.91,35.1,46.7,83.6,107.7,104.2,102.66,0.12,10.5,B,0
2025-05-16 13:00:00,4.35,94.6,0.4662,0.8928,0.0529,314.33,293.77,46.6,48.1,82.9,107.7,97.0,101.87,0.14,11.8,C,0
2025-05-16 14:00:00,3.79,111.7,0.4826,0.909,0.05,326.74,313.82,56.3,55.5,79.0,113.7,89.4,101.19,0.15,12.6,A,0
2025-05-16 15:00:00,3.62,131.4,0.4813,0.8969,0.0476,362.58,367.54,67.1,64.3,86.5,109.0,98.2,101.23,0.16,14.7,C,0
2025-05-16 16:00:00,2.8,126.8,0.6484,0.9205,0.0595,278.0,282.54,86.7,40.1,79.5,109.0,93.3,93.92,0.13,11.3,C,0
2025-05-16 17:00:00,2.93,113.4,0.5303,0.88,0.0515,328.67,317.22,65.5,47.9,80.3,108.6,93.4,101.75,0.15,12.7,B,0
2025-05-16 18:00:00,4.45,105.2,0.5384,0.88,0.0549,328.32,319.3,61.6,43.5,76.4,110.7,94.1,99.39,0.15,12.8,A,0
2025-05-16 19:00:00,4.65,114.0,0.5432,0.88,0.0557,358.34,339.73,67.4,46.6,84.7,107.2,93.6,100.19,0.16,13.6,C,0
2025-05-16 20:00:00,3.31,102.2,0.549,0.9317,0.0561,294.94,299.96,57.5,44.7,83.8,110.5,96.3,96.53,0.13,12.0,B,0
2025-05-16 21:00:00,3.54,135.8,0.4934,0.8818,0.0541,357.09,356.59,72.1,63.7,82.0,107.2,105.6,103.32,0.16,14.3,C,0
2025-05-16 22:00:00,2.78,107.2,0.4743,0.9176,0.0518,251.95,260.49,52.3,54.9,84.2,107.2,93.2,102.96,0.11,10.4,C,0
2025-05-16 23:00:00,4.44,108.7,0.5133,0.89,0.051,387.39,333.12,59.9,48.8,83.9,107.3,95.4,97.81,0.18,13.3,C,0
2025-05-17 00:00:00,4.03,76.8,0.5925,0.88,0.055,256.25,257.96,50.0,26.7,80.9,107.3,96.2,101.84,0.12,10.3,B,0
2025-05-17 01:00:00,5.05,107.1,0.5901,0.9573,0.0609,397.68,374.87,63.2,43.9,79.6,111.4,92.4,106.24,0.18,15.0,C,1
2025-05-17 02:00:00,2.8,122.5,0.4808,0.8832,0.0593,249.69,262.76,62.7,59.9,76.9,111.4,93.0,101.72,0.11,10.5,C,0
2025-05-17 03:00:00,3.2,94.0,0.5614,0.9102,0.0577,255.15,259.47,55.5,38.5,81.5,109.7,100.0,95.26,0.12,10.4,B,0
2025-05-17 04:00:00,3.69,98.7,0.4844,0.88,0.047,258.04,265.44,51.9,46.9,78.1,108.7,92.4,99.59,0.12,10.6,A,0
2025-05-17 05:00:00,4.02,121.9,0.5027,0.9151,0.053,341.86,323.39,63.6,58.3,82.5,112.8,90.6,101.68,0.16,12.9,A,0
2025-05-17 06:00:00,3.33,87.9,0.4621,0.88,0.0492,243.42,256.63,43.7,44.2,81.5,111.4,103.9,107.65,0.11,10.3,C,0
2025-05-17 07:00:00,2.8,125.9,0.4855,0.88,0.0515,288.38,300.25,65.9,59.9,80.8,107.6,89.0,97.67,0.13,12.0,B,0
2025-05-17 08:00:00,4.21,102.0,0.6073,0.88,0.0676,332.88,299.93,67.8,34.2,85.1,110.7,99.4,100.86,0.15,12.0,C,0
2025-05-17 09:00:00,4.08,104.2,0.5074,0.88,0.0527,334.81,306.15,57.3,46.9,79.0,110.6,94.0,98.1,0.15,12.2,C,0
2025-05-17 10:00:00,2.77,93.1,0.5108,0.88,0.0577,240.27,252.01,51.3,41.8,76.5,111.4,88.9,103.94,0.11,10.1,B,0
2025-05-17 11:00:00,4.58,115.7,0.3842,0.907,0.0396,329.56,317.71,46.0,69.7,81.3,115.5,93.1,100.2,0.15,12.7,A,0
2025-05-17 12:00:00,4.44,146.9,0.4753,0.88,0.0551,543.62,525.84,74.8,72.1,79.8,108.4,93.9,93.11,0.25,21.0,B,0
2025-05-17 13:00:00,3.61,121.7,0.4807,0.8948,0.0541,329.73,323.66,61.8,60.0,82.4,111.1,86.8,100.12,0.15,12.9,B,0
2025-05-17 14:00:00,3.56,97.0,0.4337,0.9299,0.048,298.28,302.32,42.4,54.6,79.3,113.0,97.1,100.96,0.14,12.1,C,0
2025-05-17 15:00:00,3.94,127.0,0.5017,0.8954,0.0541,285.04,273.23,67.6,59.4,83.3,113.4,96.6,102.46,0.13,10.9,B,0
2025-05-17 16:00:00,2.81,105.2,0.4657,0.88,0.0581,245.21,251.97,52.2,53.1,79.1,110.4,93.3,101.85,0.11,10.1,B,0
2025-05-17 17:00:00,3.52,130.6,0.5064,0.8813,0.056,302.3,301.36,71.3,59.3,79.0,107.4,97.4,103.27,0.14,12.1,C,0
2025-05-17 18:00:00,1.78,122.1,0.5097,0.8821,0.0467,204.99,208.24,67.7,54.4,83.8,106.4,96.0,100.93,0.09,8.3,B,0
2025-05-17 19:00:00,4.2,65.9,0.4235,0.8854,0.0436,222.12,238.26,29.7,36.1,81.9,111.7,101.5,101.55,0.1,9.5,B,0
2025-05-17 20:00:00,2.25,94.9,0.4681,0.9432,0.0455,199.15,193.23,44.7,50.2,78.4,110.7,89.6,101.34,0.09,7.7,B,0
2025-05-17 21:00:00,4.7,124.2,0.5062,0.8948,0.0609,450.56,426.96,66.3,57.9,79.1,110.3,93.5,100.05,0.2,17.1,A,0
2025-05-17 22:00:00,3.24,112.3,0.5947,0.88,0.0657,329.86,302.24,72.9,39.3,80.9,110.6,100.0,103.0,0.15,12.1,B,0
2025-05-17 23:00:00,3.33,94.6,0.5205,0.8839,0.0622,235.12,229.64,52.8,41.9,78.6,112.0,97.7,103.84,0.11,9.2,B,0
2025-05-18 00:00:00,3.0,100.5,0.447,0.88,0.0409,241.08,255.02,48.6,51.9,81.1,111.1,83.5,101.17,0.11,10.2,B,0
2025-05-18 01:00:00,3.27,81.4,0.5319,0.9342,0.0587,205.87,205.36,44.0,37.4,81.2,110.8,86.7,99.82,0.09,8.2,C,0
2025-05-18 02:00:00,4.63,108.7,0.6366,0.9374,0.0568,391.57,353.83,71.6,37.1,79.2,108.8,95.0,98.05,0.18,14.2,C,0
2025-05-18 03:00:00,1.51,143.2,0.5733,0.905,0.0494,232.51,243.36,87.7,55.5,84.0,112.1,103.2,102.36,0.11,9.7,C,0
2025-05-18 04:00:00,4.52,122.1,0.5438,0.9084,0.0524,388.11,351.57,70.1,52.0,78.9,108.8,92.8,98.29,0.18,14.1,C,0
2025-05-18 05:00:00,3.77,142.9,0.558,0.9018,0.0634,401.39,398.55,84.3,58.6,85.7,111.9,98.2,101.78,0.18,15.9,A,0
2025-05-18 06:00:00,2.53,123.2,0.6152,0.8834,0.0566,261.0,269.0,83.3,40.0,81.3,109.2,95.4,101.69,0.12,10.8,C,0
2025-05-18 07:00:00,2.64,125.4,0.5861,0.88,0.0585,258.69,251.33,80.5,44.9,80.0,111.2,97.9,104.5,0.12,10.1,C,0
2025-05-18 08:00:00,4.84,139.6,0.5453,0.8964,0.0605,459.82,450.01,81.0,58.6,83.6,113.5,100.4,105.46,0.21,18.0,B,0
2025-05-18 09:00:00,2.74,115.7,0.5855,0.8868,0.0628,260.71,240.12,73.4,42.3,82.1,111.3,99.7,92.19,0.12,9.6,B,0
2025-05-18 10:00:00,2.58,107.2,0.4135,0.88,0.0524,248.38,256.11,46.8,60.4,84.3,112.8,99.5,100.7,0.11,10.2,C,0
2025-05-18 11:00:00,4.41,125.5,0.3798,0.9268,0.038,334.04,306.25,48.3,77.2,76.0,109.3,91.9,95.0,0.15,12.2,C,0
2025-05-18 12:00:00,3.77,131.8,0.5126,0.9305,0.049,370.28,346.5,69.3,62.5,83.6,110.2,94.2,104.78,0.17,13.9,B,0
2025-05-18 13:00:00,2.75,102.8,0.5055,0.88,0.0451,229.45,230.56,56.7,46.1,80.4,109.3,97.6,101.23,0.1,9.2,C,0
2025-05-18 14:00:00,3.67,99.2,0.4565,0.9289,0.0438,285.25,297.99,46.2,52.9,82.1,106.7,97.4,104.75,0.13,11.9,A,0
2025-05-18 15:00:00,2.68,112.1,0.5661,0.8819,0.0511,274.86,267.78,69.5,42.6,81.7,112.1,98.0,102.07,0.12,10.7,B,0
2025-05-18 16:00:00,4.38,122.5,0.351,0.88,0.0261,361.16,345.78,46.6,75.9,86.0,111.1,86.2,97.25,0.16,13.8,C,0
2025-05-18 17:00:00,4.35,122.0,0.4572,0.9181,0.0555,415.26,385.24,56.8,65.2,76.4,111.0,101.0,98.4,0.19,15.4,B,0
2025-05-18 18:00:00,3.93,88.6,0.4612,0.8928,0.0464,230.3,226.13,43.4,45.2,86.8,112.5,86.5,100.9,0.1,9.0,C,0
2025-05-18 19:00:00,3.79,138.7,0.3691,0.9338,0.0499,433.35,389.37,50.1,88.6,84.1,107.7,91.2,103.01,0.2,15.6,A,0
2025-05-18 20:00:00,4.91,100.4,0.6196,0.88,0.0578,383.31,370.84,68.6,31.8,82.5,107.2,96.0,101.47,0.17,14.8,A,0
2025-05-18 21:00:00,3.5,106.0,0.3913,0.88,0.037,267.39,266.98,44.6,61.5,77.7,112.5,94.9,101.83,0.12,10.7,A,0
2025-05-18 22:00:00,2.55,96.5,0.4529,0.88,0.0414,206.38,222.11,47.3,49.1,77.0,109.9,102.1,100.23,0.09,8.9,B,0
2025-05-18 23:00:00,3.86,150.5,0.5726,0.8973,0.0541,360.96,343.11,92.5,57.9,80.3,110.4,89.1,104.69,0.16,13.7,C,0
2025-05-19 00:00:00,5.17,113.6,0.5517,0.88,0.0595,432.78,404.01,68.2,45.5,83.9,107.1,93.2,101.74,0.2,16.2,B,0
2025-05-19 01:00:00,2.69,97.2,0.4113,0.88,0.044,223.39,237.15,42.7,54.5,82.0,112.9,85.2,101.45,0.1,9.5,B,0
2025-05-19 02:00:00,3.21,123.0,0.5546,0.9044,0.0598,298.43,288.94,72.0,50.9,83.7,111.3,95.7,102.19,0.14,11.6,B,0
2025-05-19 03:00:00,3.83,121.5,0.5232,0.88,0.059,310.73,285.11,68.7,52.8,77.6,108.8,94.0,100.05,0.14,11.4,A,0
2025-05-19 04:00:00,3.46,107.2,0.6866,0.9011,0.0742,332.13,334.28,79.4,27.8,82.1,114.2,88.8,100.25,0.15,13.4,A,0
2025-05-19 05:00:00,2.71,122.6,0.5323,0.8872,0.0482,255.55,249.86,70.7,51.9,85.3,107.3,101.5,102.74,0.12,10.0,C,0
2025-05-19 06:00:00,4.4,97.6,0.4887,0.9053,0.0463,314.09,307.87,50.3,47.3,86.4,109.3,100.4,103.63,0.14,12.3,A,0
2025-05-19 07:00:00,5.36,102.6,0.4315,0.88,0.0438,383.13,355.46,47.6,55.0,78.2,112.0,95.4,103.94,0.17,14.2,C,0
2025-05-19 08:00:00,3.66,79.8,0.4405,0.9188,0.0627,228.51,224.79,35.2,44.6,80.9,112.3,100.7,100.71,0.1,9.0,C,0
2025-05-19 09:00:00,2.78,90.1,0.4339,0.88,0.0473,209.99,201.55,41.9,48.3,81.0,107.0,94.5,101.67,0.1,8.1,A,0
2025-05-19 10:00:00,2.26,137.1,0.6097,0.9041,0.0615,265.3,269.33,89.2,47.9,80.1,109.4,98.6,99.48,0.12,10.8,A,0
2025-05-19 11:00:00,3.71,134.6,0.5014,0.9118,0.0535,384.7,311.5,70.3,64.4,84.7,111.5,99.3,103.66,0.17,12.5,A,0
2025-05-19 12:00:00,4.38,111.0,0.5452,0.8805,0.0515,338.36,346.28,66.1,44.9,90.6,112.9,89.7,98.47,0.15,13.9,C,0
2025-05-19 13:00:00,3.88,134.9,0.6211,0.9191,0.0634,432.8,426.86,87.9,47.0,78.7,112.8,97.2,101.97,0.2,17.1,B,0
2025-05-19 14:00:00,3.5,107.6,0.3113,0.88,0.0359,273.19,261.65,35.1,72.5,83.3,111.4,95.8,103.94,0.12,10.5,C,0
2025-05-19 15:00:00,3.03,106.3,0.6023,0.88,0.0601,280.37,297.24,70.3,36.0,82.9,110.2,89.9,101.68,0.13,11.9,C,0
2025-05-19 16:00:00,2.63,110.8,0.5044,0.959,0.0467,215.68,242.22,55.6,55.2,83.0,109.6,88.6,102.2,0.1,9.7,B,0
2025-05-19 17:00:00,4.17,108.1,0.5348,0.9148,0.0531,307.68,297.95,60.4,47.7,86.0,111.0,97.5,100.48,0.14,11.9,C,0
2025-05-19 18:00:00,4.23,106.8,0.4337,0.9553,0.0418,306.47,305.85,45.8,61.0,83.1,112.9,93.6,95.74,0.14,12.2,C,0
2025-05-19 19:00:00,2.26,127.2,0.4396,0.88,0.0372,234.57,240.74,60.7,66.4,75.6,109.6,87.7,99.28,0.11,9.6,A,0
2025-05-19 20:00:00,4.77,112.3,0.5391,0.88,0.0511,383.14,390.31,66.1,46.2,77.7,109.5,97.9,101.43,0.17,15.6,A,0
2025-05-19 21:00:00,3.96,120.7,0.6908,0.9118,0.0621,345.96,313.59,89.3,31.4,78.8,112.3,99.7,99.23,0.16,12.5,B,0
2025-05-19 22:00:00,4.62,125.5,0.5803,0.8838,0.0518,322.21,310.77,79.7,45.8,79.8,112.1,89.1,102.76,0.15,12.4,A,0
2025-05-19 23:00:00,2.43,115.8,0.6012,0.88,0.0544,288.02,296.07,76.7,39.1,81.6,109.0,95.0,96.91,0.13,11.8,A,0
2025-05-20 00:00:00,2.41,95.4,0.4846,0.88,0.0532,215.47,230.6,49.8,45.6,81.4,107.4,102.6,95.49,0.1,9.2,A,0
2025-05-20 01:00:00,3.38,89.7,0.452,0.9033,0.0526,246.52,249.09,42.1,47.6,76.5,106.6,90.4,103.39,0.11,10.0,B,0
2025-05-20 02:00:00,3.9,112.2,0.4375,0.88,0.0361,361.13,368.33,53.4,58.8,77.2,110.3,103.5,100.37,0.16,14.7,B,0
2025-05-20 03:00:00,4.94,107.4,0.4609,0.88,0.054,400.45,384.36,52.9,54.5,75.6,107.8,93.4,102.34,0.18,15.4,A,0
2025-05-20 04:00:00,4.06,111.3,0.3358,0.8877,0.0279,323.48,316.52,39.9,71.5,77.3,111.8,94.6,99.74,0.15,12.7,C,0
2025-05-20 05:00:00,3.31,109.8,0.442,0.88,0.0479,240.16,251.25,52.0,57.8,85.0,106.6,88.0,102.99,0.11,10.1,B,0
2025-05-20 06:00:00,2.68,148.8,0.4552,0.922,0.0468,339.07,327.33,69.4,79.3,81.2,113.2,88.2,105.37,0.15,13.1,B,0
2025-05-20 07:00:00,4.48,90.0,0.486,0.8817,0.0518,273.13,272.75,47.1,42.9,79.1,109.3,91.7,105.59,0.12,10.9,C,0
2025-05-20 08:00:00,2.73,80.2,0.5105,0.88,0.0452,217.93,217.95,44.7,35.5,76.2,108.4,99.4,99.36,0.1,8.7,C,0
2025-05-20 09:00:00,4.8,115.0,0.529,0.8897,0.0438,357.72,388.66,66.0,49.0,79.0,108.9,106.7,100.03,0.16,15.5,A,0
2025-05-20 10:00:00,3.27,104.4,0.4988,0.88,0.0459,262.85,258.14,56.7,47.7,83.8,108.3,108.0,101.81,0.12,10.3,C,0
2025-05-20 11:00:00,4.77,114.7,0.4535,0.88,0.0475,336.69,336.62,56.0,58.8,83.4,113.0,94.4,106.91,0.15,13.5,C,0
2025-05-20 12:00:00,4.04,118.8,0.3429,0.8851,0.0441,311.66,330.19,42.2,76.6,81.2,111.3,93.2,97.84,0.14,13.2,C,0
2025-05-20 13:00:00,3.39,129.3,0.454,0.88,0.0402,330.66,302.19,63.7,65.6,81.2,110.2,90.1,97.86,0.15,12.1,A,0
2025-05-20 14:00:00,3.08,87.4,0.4222,0.9309,0.0417,224.86,236.98,37.4,50.0,76.7,107.6,100.6,103.91,0.1,9.5,A,0
2025-05-20 15:00:00,3.23,101.6,0.5373,0.88,0.05,254.63,256.68,59.7,42.0,79.7,109.9,91.4,99.3,0.12,10.3,A,0
2025-05-20 16:00:00,3.84,116.4,0.5727,0.9517,0.0572,389.8,401.06,67.1,49.3,83.7,108.5,93.8,103.28,0.18,16.0,A,0
2025-05-20 17:00:00,3.56,121.6,0.5751,0.9216,0.0479,343.99,319.1,73.3,48.2,80.0,104.7,97.5,99.54,0.16,12.8,B,0
2025-05-20 18:00:00,3.02,142.9,0.5606,0.9186,0.0635,337.88,316.4,83.1,59.8,86.9,108.6,97.3,102.36,0.15,12.7,A,0
2025-05-20 19:00:00,3.37,124.3,0.4893,0.9856,0.0491,246.65,249.13,58.4,65.9,85.6,111.2,91.9,99.77,0.11,10.0,A,0
2025-05-20 20:00:00,3.56,109.1,0.4582,0.9374,0.0504,319.58,304.94,50.2,59.0,80.6,109.1,94.5,98.29,0.15,12.2,C,0
2025-05-20 21:00:00,1.8,96.6,0.4402,0.8827,0.0429,225.63,227.38,45.7,50.9,81.2,109.7,92.1,101.74,0.1,9.1,A,0
2025-05-20 22:00:00,3.87,101.5,0.3794,0.88,0.0389,292.42,313.77,41.1,60.4,88.7,112.1,90.8,97.66,0.13,12.6,A,0
2025-05-20 23:00:00,2.72,101.1,0.5793,0.88,0.0636,222.65,230.45,63.9,37.2,84.5,111.7,89.9,102.67,0.1,9.2,C,0
2025-05-21 00:00:00,2.58,119.8,0.486,0.8834,0.0493,267.83,258.73,62.7,57.1,82.2,113.9,87.6,100.6,0.12,10.3,A,0
2025-05-21 01:00:00,2.15,113.9,0.4003,0.88,0.0409,203.66,209.73,48.8,65.1,82.6,105.6,96.8,97.22,0.09,8.4,C,0
2025-05-21 02:00:00,2.06,90.1,0.4339,0.8984,0.0394,194.53,208.69,41.4,48.8,82.4,108.3,93.8,102.2,0.09,8.3,B,0
2025-05-21 03:00:00,2.42,103.5,0.4306,0.88,0.0404,253.2,258.85,48.1,55.4,81.9,111.8,89.3,102.14,0.12,10.4,C,0
2025-05-21 04:00:00,2.93,123.2,0.5034,0.9122,0.0453,275.94,267.78,65.1,58.1,78.8,110.9,88.9,94.24,0.13,10.7,C,0
2025-05-21 05:00:00,5.06,115.3,0.5854,0.88,0.0548,377.12,334.46,74.1,41.2,80.8,110.2,88.8,101.15,0.17,13.4,B,1
2025-05-21 06:00:00,3.08,118.5,0.4722,0.9008,0.0535,289.83,285.73,58.6,60.0,77.7,108.8,91.9,101.33,0.13,11.4,C,0
2025-05-21 07:00:00,3.64,115.7,0.3198,0.88,0.041,305.19,298.4,38.5,77.3,84.2,110.5,100.6,101.58,0.14,11.9,C,0
2025-05-21 08:00:00,3.82,134.4,0.4849,0.88,0.0423,324.93,307.27,71.0,63.4,81.6,110.3,91.6,95.84,0.15,12.3,B,0
2025-05-21 09:00:00,3.6,113.5,0.4875,0.9059,0.0507,301.35,312.54,58.0,55.6,84.3,106.3,97.8,102.36,0.14,12.5,C,0
2025-05-21 10:00:00,3.44,104.2,0.482,0.9098,0.0466,267.67,274.06,52.6,51.6,78.2,110.4,102.8,102.84,0.12,11.0,B,0
2025-05-21 11:00:00,2.54,96.3,0.4498,0.88,0.052,243.88,248.69,46.3,50.0,86.3,109.0,95.8,98.49,0.11,9.9,B,0
2025-05-21 12:00:00,4.66,113.7,0.5174,0.9055,0.0524,409.13,381.49,62.0,51.7,85.9,111.7,91.2,97.1,0.19,15.3,B,0
2025-05-21 13:00:00,4.95,73.4,0.5053,0.88,0.0505,298.66,315.86,40.2,33.2,77.3,110.7,94.6,98.36,0.14,12.6,A,0
2025-05-21 14:00:00,2.15,107.2,0.498,0.887,0.0461,232.66,226.35,57.6,49.6,80.5,113.9,94.8,101.69,0.11,9.1,B,0
2025-05-21 15:00:00,2.68,106.9,0.533,0.893,0.0456,250.81,247.89,61.5,45.4,80.8,110.0,103.6,97.59,0.11,9.9,C,0
2025-05-21 16:00:00,3.28,89.5,0.4656,0.8986,0.0504,224.69,226.67,43.8,45.7,77.7,107.8,86.3,97.24,0.1,9.1,A,0
2025-05-21 17:00:00,2.73,96.1,0.4611,0.9196,0.0479,252.85,258.14,45.5,50.5,81.2,105.0,100.6,107.6,0.11,10.3,C,0
2025-05-21 18:00:00,3.9,122.1,0.6104,0.9077,0.0629,359.96,356.08,79.2,43.0,83.7,108.1,86.3,101.28,0.16,14.2,B,0
2025-05-21 19:00:00,2.92,113.5,0.5447,0.8893,0.0515,244.5,233.94,66.8,46.7,80.6,110.8,99.1,100.37,0.11,9.4,A,0
2025-05-21 20:00:00,5.23,111.5,0.5662,0.88,0.0559,365.76,340.25,69.1,42.5,76.9,111.3,93.0,99.29,0.17,13.6,C,0
2025-05-21 21:00:00,4.45,114.6,0.5981,0.8854,0.0638,322.93,320.63,74.5,40.1,84.3,108.8,104.1,100.03,0.15,12.8,A,0
2025-05-21 22:00:00,3.67,111.4,0.5421,0.9221,0.0591,256.72,250.96,62.3,49.0,79.6,109.1,98.4,106.71,0.12,10.0,A,0
2025-05-21 23:00:00,4.32,128.6,0.5743,0.88,0.0515,405.59,377.83,81.2,47.5,79.9,110.1,97.9,103.75,0.18,15.1,B,0
2025-05-22 00:00:00,4.38,111.9,0.3737,0.9259,0.0342,313.87,309.09,42.6,69.3,87.0,110.8,90.3,108.46,0.14,12.4,A,0
2025-05-22 01:00:00,3.05,88.1,0.5163,0.88,0.0447,214.92,213.73,49.8,38.4,83.2,112.0,104.0,102.48,0.1,8.5,C,0
2025-05-22 02:00:00,2.85,134.5,0.4854,0.88,0.0495,309.62,306.83,70.6,63.9,79.6,108.8,109.1,98.43,0.14,12.3,A,0
2025-05-22 03:00:00,3.56,115.6,0.6342,0.88,0.0678,308.66,310.39,80.6,35.0,78.4,108.5,105.1,102.11,0.14,12.4,A,0
2025-05-22 04:00:00,4.19,101.2,0.5742,0.8994,0.056,293.75,290.17,62.2,39.0,84.9,114.0,90.0,102.95,0.13,11.6,B,0
2025-05-22 05:00:00,3.61,91.2,0.4496,0.8946,0.0416,292.21,306.08,43.6,47.6,84.7,113.6,94.1,103.14,0.13,12.2,B,0
2025-05-22 06:00:00,2.24,115.9,0.5298,0.9221,0.0513,209.07,224.15,63.7,52.2,80.5,108.9,89.1,99.97,0.1,9.0,B,0
2025-05-22 07:00:00,2.86,108.2,0.5134,0.88,0.0629,227.82,233.25,59.7,48.6,78.2,112.3,92.0,106.71,0.1,9.3,B,0
2025-05-22 08:00:00,3.44,133.6,0.5363,0.88,0.0596,360.26,341.3,77.6,56.0,83.2,114.4,96.4,97.49,0.16,13.7,B,0
2025-05-22 09:00:00,3.44,104.8,0.4185,0.8897,0.0455,268.09,287.87,46.3,58.5,83.8,112.6,98.6,102.32,0.12,11.5,A,0
2025-05-22 10:00:00,5.08,97.4,0.5288,0.88,0.0545,326.42,308.28,56.0,41.5,80.9,108.5,97.7,100.42,0.15,12.3,B,0
2025-05-22 11:00:00,2.39,123.4,0.4817,0.8884,0.0481,236.72,238.47,63.7,59.7,78.7,110.2,86.4,98.97,0.11,9.5,A,0
2025-05-22 12:00:00,3.9,123.9,0.5226,0.8986,0.0477,364.05,343.11,69.1,54.7,82.1,106.5,94.8,102.04,0.17,13.7,B,0
2025-05-22 13:00:00,4.69,112.5,0.442,0.9056,0.0389,377.44,367.21,52.3,60.2,83.4,108.1,97.6,105.07,0.17,14.7,B,0
2025-05-22 14:00:00,5.32,120.1,0.4532,0.9273,0.0425,434.01,450.51,55.8,64.4,80.5,110.0,99.7,102.51,0.2,18.0,C,0
2025-05-22 15:00:00,3.18,109.4,0.5939,0.88,0.0546,265.2,268.2,71.5,37.9,82.8,110.4,97.1,102.12,0.12,10.7,B,0
2025-05-22 16:00:00,3.89,113.5,0.4159,0.8883,0.0385,306.85,296.62,50.4,63.1,83.1,108.6,97.4,95.24,0.14,11.9,B,0
2025-05-22 17:00:00,3.96,127.5,0.4218,0.88,0.0417,360.72,349.5,57.8,69.7,85.4,104.5,93.8,104.06,0.16,14.0,A,0
2025-05-22 18:00:00,3.66,119.4,0.4959,0.8836,0.0495,354.8,321.79,63.9,55.5,80.7,110.4,96.4,100.08,0.16,12.9,A,0
2025-05-22 19:00:00,3.42,107.5,0.4382,0.8944,0.0407,324.79,313.48,50.0,57.4,78.6,111.5,107.9,102.9,0.15,12.5,B,0
2025-05-22 20:00:00,3.85,130.3,0.4292,0.88,0.0454,400.97,409.86,59.9,70.4,81.8,111.5,101.0,104.06,0.18,16.4,B,0
2025-05-22 21:00:00,1.5,74.5,0.5084,0.88,0.0499,147.87,169.85,41.2,33.4,87.1,109.6,96.8,101.88,0.07,6.8,C,0
2025-05-22 22:00:00,4.05,140.8,0.3796,0.915,0.039,440.05,437.06,54.7,86.0,76.7,109.7,98.6,95.3,0.2,17.5,C,0
2025-05-22 23:00:00,3.6,84.4,0.4194,0.8834,0.0382,221.23,237.58,38.1,46.3,75.1,110.5,95.4,105.55,0.1,9.5,A,0
2025-05-23 00:00:00,3.32,100.6,0.6643,0.88,0.0699,251.87,246.5,73.8,26.8,81.7,110.8,95.4,106.72,0.11,9.9,A,0
2025-05-23 01:00:00,5.14,109.4,0.5368,0.8976,0.051,403.28,415.56,62.8,46.6,80.9,109.8,99.8,103.74,0.18,16.6,A,0
2025-05-23 02:00:00,2.96,107.8,0.4403,0.9304,0.0521,260.93,242.1,47.6,60.2,81.4,105.4,92.0,99.12,0.12,9.7,A,0
2025-05-23 03:00:00,3.18,125.1,0.5335,0.8978,0.0522,320.12,316.62,71.2,53.9,81.3,112.8,94.4,104.99,0.15,12.7,A,0
2025-05-23 04:00:00,5.09,94.1,0.5454,0.88,0.0541,364.88,318.2,56.0,38.1,85.0,109.1,88.1,100.45,0.17,12.7,C,0
2025-05-23 05:00:00,2.83,113.9,0.5796,0.88,0.0609,286.38,262.57,72.1,41.8,81.9,107.6,98.9,101.1,0.13,10.5,C,0
2025-05-23 06:00:00,3.06,101.3,0.4898,0.8836,0.053,233.25,247.54,53.3,48.0,84.5,109.2,100.3,104.89,0.11,9.9,A,0
2025-05-23 07:00:00,3.38,114.4,0.5781,0.88,0.0624,301.03,287.03,72.2,42.3,74.6,110.2,98.0,103.24,0.14,11.5,C,0
2025-05-23 08:00:00,4.17,109.0,0.3369,0.8975,0.0426,306.01,316.3,37.5,71.5,80.4,108.8,93.8,94.24,0.14,12.7,C,0
2025-05-23 09:00:00,3.67,111.4,0.4155,0.9252,0.0449,289.69,259.47,46.9,64.5,79.6,108.9,94.8,101.92,0.13,10.4,A,0
2025-05-23 10:00:00,2.47,101.8,0.5131,0.88,0.051,196.16,206.0,56.7,45.0,75.1,109.4,95.7,104.86,0.09,8.2,B,0
2025-05-23 11:00:00,3.07,102.3,0.5264,0.88,0.05,261.28,248.59,58.7,43.6,82.3,110.7,100.5,97.21,0.12,9.9,A,0
2025-05-23 12:00:00,3.01,114.3,0.4271,0.9381,0.042,238.48,239.38,49.1,65.2,81.7,108.4,100.2,104.23,0.11,9.6,A,0
2025-05-23 13:00:00,3.44,124.2,0.5208,0.9337,0.0595,336.37,348.05,65.5,58.6,80.6,110.7,87.8,96.29,0.15,13.9,A,0
2025-05-23 14:00:00,3.84,101.0,0.4501,0.88,0.0381,327.73,343.53,49.4,51.6,81.6,107.2,90.6,100.66,0.15,13.7,C,0
2025-05-23 15:00:00,3.83,97.0,0.4778,0.8829,0.0437,296.83,298.78,50.2,46.8,82.3,114.0,97.2,102.92,0.13,12.0,A,0
2025-05-23 16:00:00,2.08,119.2,0.582,0.8987,0.0571,234.47,223.41,74.3,44.9,85.0,112.1,88.3,100.54,0.11,8.9,B,0
2025-05-23 17:00:00,4.35,109.5,0.5727,0.8832,0.0531,387.97,349.88,68.5,41.0,83.9,109.5,99.6,104.83,0.18,14.0,A,0
2025-05-23 18:00:00,3.7,122.5,0.4202,0.941,0.04,347.33,337.59,51.7,70.8,83.0,110.7,93.6,97.06,0.16,13.5,A,0
2025-05-23 19:00:00,4.61,96.4,0.4154,0.8998,0.0506,297.0,282.28,41.4,55.0,88.9,107.7,98.5,103.75,0.14,11.3,B,0
2025-05-23 20:00:00,3.86,83.3,0.4671,0.8977,0.0452,254.78,263.68,41.2,42.1,79.9,111.1,95.2,101.46,0.12,10.5,C,0
2025-05-23 21:00:00,4.38,102.0,0.4979,0.9122,0.0518,378.23,388.44,52.9,49.1,77.9,111.7,94.5,98.74,0.17,15.5,C,0
2025-05-23 22:00:00,3.87,98.5,0.4474,0.9019,0.0364,263.79,253.21,46.8,51.7,85.5,110.5,89.6,102.62,0.12,10.1,A,0
2025-05-23 23:00:00,4.58,108.8,0.5833,0.9132,0.0528,311.56,292.97,67.1,41.7,87.6,111.8,92.3,101.09,0.14,11.7,B,0
2025-05-24 00:00:00,3.92,100.4,0.5278,0.93,0.0574,312.18,289.69,54.1,46.3,80.1,110.0,94.4,105.74,0.14,11.6,C,0
2025-05-24 01:00:00,3.42,121.1,0.5325,0.88,0.0616,311.77,301.63,69.7,51.4,86.1,109.8,94.3,103.05,0.14,12.1,C,0
2025-05-24 02:00:00,5.32,105.7,0.3987,0.8851,0.041,366.07,351.97,44.8,60.9,80.4,108.7,98.6,102.54,0.17,14.1,B,0
2025-05-24 03:00:00,4.21,112.3,0.5934,0.9063,0.0578,305.67,300.1,70.9,41.4,83.8,111.1,91.8,99.28,0.14,12.0,B,0
2025-05-24 04:00:00,3.96,112.4,0.2744,0.8887,0.0299,274.28,283.6,32.0,80.4,83.9,108.3,94.9,101.74,0.12,11.3,B,0
2025-05-24 05:00:00,2.48,112.9,0.5667,0.912,0.0437,217.82,228.79,68.0,44.9,80.1,110.8,102.5,99.57,0.1,9.2,C,0
2025-05-24 06:00:00,2.47,109.6,0.5747,0.943,0.0586,270.9,269.59,64.0,45.7,87.5,110.6,99.1,101.11,0.12,10.8,A,0
2025-05-24 07:00:00,3.73,117.7,0.4654,0.88,0.0413,328.26,319.59,59.5,58.2,87.9,112.7,95.5,105.04,0.15,12.8,B,0
2025-05-24 08:00:00,3.62,98.1,0.6018,0.9011,0.0642,231.94,237.99,63.0,35.1,78.9,111.2,87.7,100.44,0.11,9.5,A,0
2025-05-24 09:00:00,3.01,131.0,0.495,0.88,0.0385,343.64,331.25,71.1,59.9,82.6,106.5,88.1,96.96,0.16,13.3,B,0
2025-05-24 10:00:00,3.61,106.5,0.505,0.9045,0.0474,325.84,307.59,56.8,49.6,84.7,108.7,98.2,102.78,0.15,12.3,B,0
2025-05-24 11:00:00,4.77,90.3,0.5272,0.8852,0.0525,342.67,313.75,51.5,38.8,76.4,108.6,98.7,103.66,0.16,12.5,B,0
2025-05-24 12:00:00,4.06,112.8,0.7549,0.9534,0.0717,323.18,316.66,87.4,25.4,82.1,108.5,85.3,106.07,0.15,12.7,B,0
2025-05-24 13:00:00,2.59,97.2,0.6076,0.9049,0.0589,219.71,222.09,63.1,34.2,77.0,111.9,98.5,103.89,0.1,8.9,A,0
2025-05-24 14:00:00,3.41,120.0,0.5561,0.88,0.0601,318.25,317.61,72.6,47.4,84.0,105.6,92.2,100.48,0.14,12.7,C,0
2025-05-24 15:00:00,2.86,143.1,0.427,0.9025,0.0426,364.65,351.07,64.0,79.2,82.3,112.8,93.0,102.08,0.17,14.0,C,0
2025-05-24 16:00:00,3.19,98.2,0.5115,0.9004,0.0465,244.31,247.82,53.5,44.7,80.9,112.0,99.4,102.47,0.11,9.9,A,0
2025-05-24 17:00:00,3.17,115.0,0.435,0.9025,0.0482,271.61,282.23,52.1,62.9,77.3,110.4,98.7,102.6,0.12,11.3,B,0
2025-05-24 18:00:00,3.12,83.7,0.5658,0.8986,0.0578,234.25,225.13,50.5,33.1,80.2,110.7,94.5,93.88,0.11,9.0,B,0
2025-05-24 19:00:00,2.5,116.8,0.5112,0.9609,0.0526,278.87,298.0,59.0,57.8,83.6,110.2,98.4,99.58,0.13,11.9,C,0
2025-05-24 20:00:00,3.4,96.7,0.41,0.8846,0.0365,261.55,238.03,42.6,54.1,81.9,110.3,93.2,102.73,0.12,9.5,A,0
2025-05-24 21:00:00,3.05,100.6,0.5065,0.88,0.0379,267.51,283.88,56.0,44.6,85.6,112.3,91.1,104.6,0.12,11.4,A,0
2025-05-24 22:00:00,1.5,93.5,0.432,0.88,0.0387,168.16,184.38,43.7,49.8,85.4,109.6,101.3,99.4,0.08,7.4,C,0
2025-05-24 23:00:00,5.14,121.0,0.5121,0.8963,0.0462,412.22,381.21,66.3,54.7,85.3,111.2,101.6,100.06,0.19,15.2,B,0
2025-05-25 00:00:00,4.37,125.1,0.4313,0.9039,0.0401,358.12,322.0,56.7,68.4,80.4,108.3,91.8,100.58,0.16,12.9,B,0
2025-05-25 01:00:00,3.2,110.4,0.5022,0.8894,0.046,254.95,250.21,59.7,50.7,82.9,111.1,92.3,100.9,0.12,10.0,B,0
2025-05-25 02:00:00,3.52,97.0,0.56,0.8913,0.0566,255.59,255.47,58.5,38.5,79.1,109.5,99.5,103.86,0.12,10.2,C,0
2025-05-25 03:00:00,2.56,133.8,0.4958,0.88,0.054,265.15,267.57,71.6,62.3,78.2,110.9,91.5,99.08,0.12,10.7,C,0
2025-05-25 04:00:00,4.86,98.7,0.4687,0.88,0.0523,347.35,356.59,49.7,49.1,85.5,108.3,99.0,103.89,0.16,14.3,C,0
2025-05-25 05:00:00,5.02,77.6,0.5163,0.88,0.0558,311.82,306.02,43.3,34.2,78.4,110.9,89.9,105.56,0.14,12.2,B,0
2025-05-25 06:00:00,3.63,116.9,0.5558,0.9215,0.0511,325.81,321.37,67.8,49.1,78.1,109.9,93.6,100.12,0.15,12.9,A,0
2025-05-25 07:00:00,4.32,93.4,0.4114,0.914,0.0414,275.59,278.35,39.6,53.8,82.3,113.1,99.9,100.01,0.13,11.1,B,0
2025-05-25 08:00:00,3.64,124.8,0.5209,0.8885,0.0599,364.39,344.66,69.4,55.4,81.2,110.5,90.2,101.77,0.17,13.8,C,0
2025-05-25 09:00:00,2.43,104.3,0.6054,0.88,0.0526,234.19,237.15,69.7,34.6,81.4,111.0,92.1,99.54,0.11,9.5,C,0
2025-05-25 10:00:00,3.17,119.1,0.5459,0.9017,0.0613,310.55,302.55,68.6,50.4,88.9,109.1,96.9,101.04,0.14,12.1,C,1
2025-05-25 11:00:00,3.61,131.0,0.5046,0.9446,0.0455,336.04,334.59,66.9,64.1,79.0,110.6,86.0,96.89,0.15,13.4,C,0
2025-05-25 12:00:00,3.14,91.9,0.5512,0.9215,0.0566,261.53,252.15,52.5,39.3,83.5,110.9,95.4,103.87,0.12,10.1,C,0
2025-05-25 13:00:00,3.33,101.5,0.5362,0.9137,0.0557,294.29,283.81,56.8,44.7,82.3,109.3,100.8,106.29,0.13,11.4,A,0
2025-05-25 14:00:00,3.43,108.9,0.5603,0.9042,0.057,286.53,287.89,64.7,44.2,85.0,109.1,99.3,99.28,0.13,11.5,C,0
2025-05-25 15:00:00,3.44,133.1,0.3381,0.9353,0.045,366.29,334.59,43.8,89.3,79.6,108.4,94.8,96.36,0.17,13.4,A,0
2025-05-25 16:00:00,3.54,100.1,0.3757,0.88,0.0361,302.42,298.52,40.3,59.8,81.3,109.8,95.1,104.06,0.14,11.9,C,0
2025-05-25 17:00:00,2.65,101.1,0.5804,0.88,0.0498,225.96,226.83,64.6,36.5,82.3,108.7,102.5,100.04,0.1,9.1,A,0
2025-05-25 18:00:00,2.93,117.2,0.3796,0.88,0.0397,278.16,282.41,47.4,69.8,77.7,110.6,101.9,99.3,0.13,11.3,B,0
2025-05-25 19:00:00,2.47,101.3,0.5321,0.9224,0.0524,227.35,246.52,55.9,45.5,76.6,108.4,94.5,100.93,0.1,9.9,B,0
2025-05-25 20:00:00,4.28,112.3,0.4718,0.9034,0.05,314.01,299.64,55.5,56.8,81.9,109.8,91.9,97.64,0.14,12.0,B,0
2025-05-25 21:00:00,1.82,86.7,0.4203,0.8993,0.0464,177.48,196.57,38.0,48.7,86.0,108.1,99.3,102.75,0.08,7.9,A,0
2025-05-25 22:00:00,4.42,143.2,0.528,0.8887,0.0526,478.02,450.4,81.4,61.8,80.9,112.3,100.7,97.51,0.22,18.0,A,0
2025-05-25 23:00:00,4.61,89.8,0.5161,0.9461,0.0538,298.18,288.59,46.5,43.3,81.4,110.0,101.9,97.75,0.14,11.5,C,0
2025-05-26 00:00:00,3.26,105.2,0.6688,0.8864,0.0676,281.54,279.39,77.2,27.9,85.5,110.0,97.9,97.71,0.13,11.2,B,0
2025-05-26 01:00:00,1.5,109.5,0.45,0.9017,0.054,206.04,226.5,51.2,58.3,81.6,111.2,93.2,101.79,0.09,9.1,C,0
2025-05-26 02:00:00,3.21,138.7,0.6152,0.9303,0.0597,330.18,318.24,88.5,50.2,84.3,113.6,86.7,95.86,0.15,12.7,B,0
2025-05-26 03:00:00,3.45,90.1,0.5282,0.9252,0.0494,257.69,273.38,49.3,40.9,90.0,110.2,104.7,107.56,0.12,10.9,C,0
2025-05-26 04:00:00,2.69,139.8,0.4471,0.883,0.0491,293.26,287.77,66.7,73.0,80.3,107.0,103.0,100.17,0.13,11.5,B,0
2025-05-26 05:00:00,3.09,121.4,0.5639,0.905,0.0517,283.23,263.75,72.8,48.5,81.5,112.4,91.2,94.95,0.13,10.5,B,0
2025-05-26 06:00:00,4.72,116.3,0.5453,0.9183,0.0565,394.11,372.54,65.9,50.3,83.2,107.3,96.0,98.12,0.18,14.9,A,0
2025-05-26 07:00:00,4.03,95.2,0.5029,0.9116,0.0494,295.38,272.36,50.1,45.1,86.5,109.0,93.9,103.1,0.13,10.9,A,0
2025-05-26 08:00:00,2.76,118.6,0.5213,0.88,0.0516,285.3,278.65,67.2,51.3,81.7,112.4,95.3,105.35,0.13,11.1,A,0
2025-05-26 09:00:00,2.22,99.1,0.4522,0.8953,0.0574,210.94,216.11,46.7,52.4,84.2,109.3,93.0,101.79,0.1,8.6,C,0
2025-05-26 10:00:00,3.24,129.0,0.4339,0.8923,0.0496,336.09,351.63,58.8,70.2,83.0,108.9,98.5,101.56,0.15,14.1,C,0
2025-05-26 11:00:00,3.33,95.4,0.5608,0.88,0.0612,290.98,307.24,58.2,37.2,81.8,110.6,89.3,96.71,0.13,12.3,C,0
2025-05-26 12:00:00,3.9,108.3,0.4821,0.8833,0.0509,343.28,333.04,56.1,52.2,80.7,110.0,93.0,105.77,0.16,13.3,C,0
2025-05-26 13:00:00,3.07,101.7,0.4936,0.88,0.0459,263.99,277.99,54.6,47.1,80.2,108.6,99.4,102.97,0.12,11.1,C,0
2025-05-26 14:00:00,3.91,95.2,0.5224,0.9078,0.0535,295.44,286.13,52.2,42.9,91.2,111.8,85.1,102.26,0.13,11.4,A,0
2025-05-26 15:00:00,5.05,121.1,0.5212,0.88,0.055,405.33,359.94,68.4,52.7,77.4,112.5,96.5,101.35,0.18,14.4,C,0
2025-05-26 16:00:00,4.15,118.0,0.3857,0.88,0.0396,349.23,344.68,48.6,69.4,77.7,112.8,92.3,102.89,0.16,13.8,B,0
2025-05-26 17:00:00,3.46,128.1,0.6029,0.8953,0.0608,349.92,342.8,83.2,44.9,82.7,111.1,103.1,98.9,0.16,13.7,C,0
2025-05-26 18:00:00,3.35,83.3,0.5097,0.9091,0.049,232.92,228.7,44.6,38.7,82.6,108.6,96.6,104.12,0.11,9.1,B,0
2025-05-26 19:00:00,3.21,126.0,0.4838,0.8978,0.0497,336.5,313.25,64.5,61.5,83.3,107.5,91.1,103.71,0.15,12.5,A,0
2025-05-26 20:00:00,4.44,147.6,0.5345,0.8857,0.0508,502.66,487.33,85.5,62.1,79.4,105.4,102.3,101.01,0.23,19.5,C,0
2025-05-26 21:00:00,3.0,103.2,0.5189,0.88,0.0554,254.26,237.92,58.0,45.2,78.9,112.1,95.1,100.48,0.12,9.5,C,0
2025-05-26 22:00:00,3.54,138.4,0.5614,0.8808,0.0461,300.88,302.89,85.5,53.0,81.1,110.4,95.7,94.82,0.14,12.1,B,0
2025-05-26 23:00:00,3.54,106.1,0.543,0.8818,0.0611,339.77,324.26,62.3,43.8,84.7,109.2,99.4,96.1,0.15,13.0,A,0
2025-05-27 00:00:00,3.1,89.4,0.5574,0.931,0.0492,221.28,233.35,51.5,37.9,78.9,106.1,92.0,102.94,0.1,9.3,A,0
2025-05-27 01:00:00,2.4,105.4,0.6081,0.8943,0.0555,232.81,247.67,69.4,36.0,82.5,107.6,102.2,104.01,0.11,9.9,B,0
2025-05-27 02:00:00,3.76,125.7,0.5707,0.88,0.0591,370.88,341.47,78.4,47.4,80.5,106.5,97.9,104.51,0.17,13.7,A,0
2025-05-27 03:00:00,3.45,97.4,0.4872,0.9187,0.0514,297.39,278.37,48.9,48.5,77.4,112.9,91.8,97.26,0.14,11.1,C,0
2025-05-27 04:00:00,3.9,101.0,0.4102,0.8919,0.0514,342.14,352.14,43.1,57.9,78.2,111.3,92.8,108.18,0.16,14.1,A,0
2025-05-27 05:00:00,3.07,118.9,0.6334,0.8979,0.0648,283.34,280.15,81.2,37.7,84.7,107.4,88.7,104.3,0.13,11.2,A,0
2025-05-27 06:00:00,4.48,110.0,0.481,0.8889,0.0479,387.19,374.51,56.7,53.4,80.2,113.3,96.5,99.58,0.18,15.0,C,0
2025-05-27 07:00:00,2.8,118.8,0.4622,0.9159,0.0472,280.04,288.88,56.7,62.0,85.7,108.6,94.1,101.79,0.13,11.6,B,1
2025-05-27 08:00:00,4.87,113.6,0.3611,0.8912,0.0441,474.73,424.13,42.5,71.1,81.9,110.7,96.6,96.21,0.22,17.0,A,0
2025-05-27 09:00:00,2.1,117.2,0.5271,0.8847,0.0648,251.76,263.65,66.1,51.1,77.9,110.7,86.5,99.45,0.11,10.5,C,0
2025-05-27 10:00:00,3.85,103.5,0.5119,0.8852,0.0503,296.46,300.06,57.2,46.3,83.4,109.8,92.4,102.91,0.13,12.0,C,0
2025-05-27 11:00:00,3.88,113.5,0.3788,0.925,0.0406,304.94,318.25,43.4,70.1,79.6,109.4,90.1,101.49,0.14,12.7,C,0
2025-05-27 12:00:00,2.86,96.1,0.5363,0.917,0.0533,186.87,210.37,53.7,42.4,80.9,110.1,97.5,106.53,0.08,8.4,B,0
2025-05-27 13:00:00,3.84,129.3,0.4601,0.9207,0.0455,384.05,367.48,61.3,68.1,85.4,109.4,92.0,96.86,0.17,14.7,A,0
2025-05-27 14:00:00,4.52,100.5,0.7152,0.9,0.08,355.51,353.56,77.8,22.6,78.1,110.5,97.4,100.95,0.16,14.1,A,0
2025-05-27 15:00:00,1.73,126.9,0.4545,0.9181,0.0408,235.94,241.0,59.8,67.1,80.7,110.6,92.3,97.89,0.11,9.6,B,1
2025-05-27 16:00:00,3.9,106.5,0.4652,0.9192,0.0348,249.6,253.7,51.8,54.7,78.7,109.0,103.1,105.91,0.11,10.1,B,0
2025-05-27 17:00:00,1.51,113.0,0.43,0.88,0.0446,173.78,179.38,52.1,60.9,78.4,112.2,95.3,102.1,0.08,7.2,C,0
2025-05-27 18:00:00,2.73,102.6,0.6022,0.88,0.0662,250.37,250.42,67.6,35.0,80.6,108.3,99.6,101.33,0.11,10.0,B,0
2025-05-27 19:00:00,4.8,94.8,0.4702,0.895,0.0481,374.06,329.42,47.2,47.5,79.4,110.8,94.4,100.9,0.17,13.2,B,0
2025-05-27 20:00:00,3.03,83.8,0.442,0.9003,0.0467,218.17,224.17,38.8,45.0,81.2,109.3,99.6,98.67,0.1,9.0,A,0
2025-05-27 21:00:00,2.56,94.2,0.5566,0.8939,0.0594,235.97,253.81,56.1,38.1,83.9,108.3,91.1,104.9,0.11,10.2,A,0
2025-05-27 22:00:00,3.34,105.1,0.3896,0.9229,0.0395,254.63,264.86,41.7,63.5,79.7,109.4,94.8,101.81,0.12,10.6,A,0
2025-05-27 23:00:00,5.15,113.2,0.55,0.88,0.0578,405.48,386.59,67.8,45.4,77.6,108.7,92.7,102.03,0.18,15.5,C,0
2025-05-28 00:00:00,2.03,125.2,0.6425,0.88,0.0669,234.69,237.47,88.6,36.6,83.9,111.3,104.3,103.05,0.11,9.5,C,0
2025-05-28 01:00:00,2.66,103.3,0.5453,0.88,0.0447,261.46,256.23,61.9,41.4,79.7,109.8,89.1,98.71,0.12,10.2,C,0
2025-05-28 02:00:00,4.7,96.8,0.551,0.88,0.0557,310.81,292.06,58.2,38.6,87.5,112.7,105.4,107.29,0.14,11.7,C,0
2025-05-28 03:00:00,4.99,88.4,0.5696,0.88,0.0491,358.82,357.48,55.4,33.0,80.8,108.1,88.1,106.01,0.16,14.3,A,0
2025-05-28 04:00:00,3.42,117.2,0.6368,0.8949,0.0635,300.89,276.13,80.8,36.4,81.6,105.6,98.7,101.19,0.14,11.0,A,0
2025-05-28 05:00:00,2.51,130.7,0.5968,0.9083,0.0572,254.84,239.74,82.9,47.9,75.1,110.8,91.9,100.4,0.12,9.6,B,0
2025-05-28 06:00:00,5.18,129.0,0.5352,0.88,0.0587,407.1,401.68,74.8,54.2,78.5,113.4,96.3,103.22,0.19,16.1,C,0
2025-05-28 07:00:00,4.78,120.6,0.5723,0.88,0.0585,376.72,363.54,75.5,45.2,75.2,111.0,94.1,104.66,0.17,14.5,B,0
2025-05-28 08:00:00,4.04,119.6,0.4291,0.88,0.0453,362.7,348.99,55.0,64.6,82.9,108.1,90.8,106.55,0.16,14.0,C,0
2025-05-28 09:00:00,2.85,135.5,0.5621,0.8907,0.0553,294.87,293.23,82.2,53.3,81.8,108.0,95.4,103.23,0.13,11.7,C,0
2025-05-28 10:00:00,3.46,115.0,0.4196,0.88,0.0472,285.41,306.98,51.4,63.6,83.9,114.1,92.9,101.71,0.13,12.3,C,0
2025-05-28 11:00:00,3.37,119.7,0.4706,0.9199,0.0391,334.91,325.47,58.6,61.1,84.4,109.2,97.9,101.71,0.15,13.0,A,0
2025-05-28 12:00:00,3.76,105.2,0.2534,0.8946,0.0209,220.12,229.85,28.0,77.2,84.9,108.0,90.0,95.66,0.1,9.2,C,0
2025-05-28 13:00:00,4.66,89.6,0.5321,0.88,0.0596,292.62,314.32,51.6,38.0,81.3,112.4,97.4,100.01,0.13,12.6,B,0
2025-05-28 14:00:00,4.2,99.7,0.4485,0.88,0.0427,274.88,272.91,48.3,51.4,82.3,109.7,99.3,102.38,0.12,10.9,B,0
2025-05-28 15:00:00,2.64,109.9,0.5889,0.88,0.0482,232.49,254.67,71.4,38.4,83.7,105.9,94.5,94.53,0.11,10.2,A,0
2025-05-28 16:00:00,4.6,110.9,0.5312,0.88,0.0604,368.19,319.99,63.7,47.2,79.6,114.2,88.4,101.84,0.17,12.8,C,0
2025-05-28 17:00:00,3.75,138.9,0.5899,0.88,0.0644,373.14,338.74,89.5,49.4,79.2,111.2,103.7,98.86,0.17,13.5,A,0
2025-05-28 18:00:00,4.05,111.2,0.4133,0.88,0.0449,322.51,304.98,49.1,62.2,86.6,107.0,97.3,106.03,0.15,12.2,B,0
2025-05-28 19:00:00,4.67,127.7,0.5831,0.88,0.0588,455.27,438.28,81.5,46.2,76.6,112.8,91.4,100.45,0.21,17.5,C,0
2025-05-28 20:00:00,2.61,103.5,0.6685,0.8919,0.0752,236.55,258.91,75.2,28.3,83.5,107.9,97.5,100.51,0.11,10.4,A,0
2025-05-28 21:00:00,3.47,105.3,0.5611,0.9102,0.0624,328.0,310.56,62.0,43.4,83.0,107.8,86.6,100.89,0.15,12.4,C,0
2025-05-28 22:00:00,3.07,90.1,0.5632,0.88,0.0641,246.57,259.83,55.1,35.0,78.6,108.2,100.9,101.29,0.11,10.4,B,0
2025-05-28 23:00:00,2.25,98.9,0.5136,0.9113,0.0548,194.93,224.23,53.0,45.9,80.0,113.9,105.6,103.68,0.09,9.0,C,1
2025-05-29 00:00:00,3.78,117.9,0.458,0.88,0.0464,386.11,393.87,58.2,59.7,80.9,114.1,99.1,100.27,0.18,15.8,C,0
2025-05-29 01:00:00,5.51,110.1,0.5609,0.8967,0.0541,418.34,388.41,66.2,43.9,82.7,108.9,90.0,101.37,0.19,15.5,A,0
2025-05-29 02:00:00,2.03,124.1,0.3795,0.88,0.0316,273.13,282.24,50.9,73.2,83.1,113.4,85.1,103.7,0.12,11.3,A,0
2025-05-29 03:00:00,3.47,112.7,0.4666,0.88,0.0492,295.45,295.4,56.6,56.1,81.9,105.4,101.8,101.33,0.13,11.8,C,0
2025-05-29 04:00:00,4.01,104.7,0.3583,0.88,0.0388,319.58,302.68,39.8,64.9,82.6,111.8,94.3,103.27,0.15,12.1,C,0
2025-05-29 05:00:00,3.6,142.2,0.4437,0.8841,0.0426,391.14,379.57,67.8,74.4,84.0,112.7,93.0,99.96,0.18,15.2,B,0
2025-05-29 06:00:00,3.41,108.6,0.5514,0.8909,0.0582,285.39,276.84,64.3,44.3,83.8,113.0,100.8,102.35,0.13,11.1,B,0
2025-05-29 07:00:00,2.46,127.4,0.5404,0.8801,0.0524,298.57,295.36,75.1,52.3,86.6,110.2,92.0,105.23,0.14,11.8,B,0
2025-05-29 08:00:00,3.69,104.0,0.5041,0.88,0.0547,340.73,309.66,56.6,47.4,85.1,111.1,98.8,103.11,0.15,12.4,A,0
2025-05-29 09:00:00,2.89,120.6,0.5136,0.88,0.047,231.05,219.08,67.6,53.1,82.1,108.6,95.1,95.69,0.11,8.8,B,0
2025-05-29 10:00:00,1.75,123.9,0.3491,0.88,0.0296,234.14,236.17,46.6,77.4,83.9,110.1,96.2,102.97,0.11,9.4,A,0
2025-05-29 11:00:00,4.46,113.1,0.4702,0.88,0.0458,330.99,325.82,57.6,55.6,83.3,109.7,103.1,97.84,0.15,13.0,B,0
2025-05-29 12:00:00,4.27,74.7,0.4455,0.88,0.0487,195.67,196.94,35.6,39.0,82.5,109.6,92.6,98.53,0.09,7.9,B,0
2025-05-29 13:00:00,3.54,110.3,0.4473,0.88,0.0389,313.34,313.35,53.5,56.7,79.4,112.3,92.1,102.78,0.14,12.5,B,0
2025-05-29 14:00:00,3.68,128.5,0.548,0.8817,0.06,366.42,352.12,76.3,52.2,82.5,110.4,94.0,98.39,0.17,14.1,C,0
2025-05-29 15:00:00,4.36,117.9,0.4312,0.88,0.0349,387.46,380.05,55.3,62.6,75.8,113.4,89.0,97.97,0.18,15.2,C,0
2025-05-29 16:00:00,3.68,116.7,0.4516,0.88,0.0439,333.15,336.56,56.9,59.8,85.2,110.5,99.7,101.29,0.15,13.5,B,0
2025-05-29 17:00:00,4.22,84.2,0.333,0.9183,0.0262,289.04,302.19,28.9,55.2,83.1,114.4,99.0,99.46,0.13,12.1,C,0
2025-05-29 18:00:00,3.26,99.2,0.4765,0.88,0.0346,248.63,257.71,51.8,47.3,81.5,112.5,95.0,96.41,0.11,10.3,A,0
2025-05-29 19:00:00,4.55,116.2,0.413,0.891,0.0431,380.84,358.93,50.7,65.5,80.7,109.8,90.4,102.97,0.17,14.4,A,0
2025-05-29 20:00:00,3.76,116.2,0.5063,0.88,0.0497,345.54,336.48,63.9,52.3,84.0,110.3,81.3,104.26,0.16,13.5,C,0
2025-05-29 21:00:00,3.66,128.2,0.4239,0.882,0.0354,388.83,408.99,58.8,69.4,87.5,108.3,90.8,104.01,0.18,16.4,B,0
2025-05-29 22:00:00,2.48,107.8,0.5084,0.9066,0.0483,238.66,252.85,57.8,50.0,83.1,110.3,93.8,98.61,0.11,10.1,C,0
2025-05-29 23:00:00,3.73,116.1,0.4884,0.8866,0.0511,318.65,311.82,60.8,55.3,87.7,108.0,85.5,102.53,0.14,12.5,C,0
2025-05-30 00:00:00,2.83,110.2,0.6338,0.88,0.0615,260.2,259.5,77.1,33.2,84.4,112.7,107.5,99.82,0.12,10.4,A,0
2025-05-30 01:00:00,2.99,95.2,0.5398,0.8812,0.053,217.22,219.12,56.0,39.2,79.6,109.3,97.1,97.5,0.1,8.8,B,0
2025-05-30 02:00:00,2.85,76.2,0.3528,0.88,0.0333,207.8,206.15,28.7,47.4,83.5,110.7,97.7,99.06,0.09,8.2,A,0
2025-05-30 03:00:00,2.65,116.5,0.3988,0.8957,0.037,231.43,253.51,49.1,67.4,83.2,105.4,94.3,92.84,0.11,10.1,C,0
2025-05-30 04:00:00,5.2,112.6,0.5044,0.9479,0.0475,412.73,399.21,57.1,55.5,79.6,109.5,98.7,98.13,0.19,16.0,C,0
2025-05-30 05:00:00,4.57,100.7,0.4256,0.88,0.0394,332.65,304.81,46.3,54.5,80.8,109.3,93.5,96.9,0.15,12.2,B,0
2025-05-30 06:00:00,5.04,85.7,0.2625,0.88,0.0225,268.57,266.85,24.0,61.7,80.7,111.8,94.2,101.91,0.12,10.7,B,0
2025-05-30 07:00:00,2.52,119.4,0.608,0.9111,0.0557,228.9,246.93,77.1,42.3,82.3,111.0,102.0,102.17,0.1,9.9,A,0
2025-05-30 08:00:00,3.56,106.0,0.5576,0.9156,0.0539,270.93,265.14,62.0,44.0,81.2,112.0,100.5,96.23,0.12,10.6,B,0
2025-05-30 09:00:00,2.47,118.4,0.5417,0.8958,0.051,248.01,242.22,68.7,49.6,82.8,110.9,94.9,103.78,0.11,9.7,B,0
2025-05-30 10:00:00,2.94,138.0,0.4514,0.9097,0.0398,362.29,353.44,65.3,72.7,83.3,112.5,105.1,99.48,0.16,14.1,C,0
2025-05-30 11:00:00,2.77,77.9,0.5342,0.88,0.0573,195.0,211.21,45.1,32.7,85.8,110.8,94.6,98.09,0.09,8.4,C,0
2025-05-30 12:00:00,4.49,99.5,0.4437,0.88,0.0505,338.16,321.03,47.2,52.3,83.6,107.2,92.5,95.93,0.15,12.8,C,0
2025-05-30 13:00:00,3.18,106.9,0.5164,0.88,0.0516,301.81,288.84,60.0,46.9,79.9,109.8,95.6,98.9,0.14,11.6,B,0
2025-05-30 14:00:00,4.35,131.8,0.4264,0.8953,0.043,440.81,423.32,59.3,72.5,88.3,109.9,96.5,100.88,0.2,16.9,B,0
2025-05-30 15:00:00,3.98,85.5,0.6213,0.88,0.0587,262.77,250.79,58.5,26.9,79.9,103.5,89.0,104.29,0.12,10.0,C,0
2025-05-30 16:00:00,5.34,139.0,0.3744,0.88,0.0428,459.84,420.35,55.1,84.0,80.8,108.0,97.4,100.98,0.21,16.8,B,0
2025-05-30 17:00:00,2.32,112.0,0.5986,0.9116,0.0685,245.05,247.04,70.4,41.6,83.8,114.1,105.6,100.36,0.11,9.9,C,0
2025-05-30 18:00:00,4.51,108.6,0.5031,0.8847,0.0495,328.45,329.5,59.0,49.6,90.7,109.5,99.8,103.04,0.15,13.2,B,0
2025-05-30 19:00:00,4.42,107.0,0.4608,0.9162,0.0435,392.51,366.5,51.2,55.8,83.2,109.8,98.3,101.72,0.18,14.7,C,0
2025-05-30 20:00:00,2.72,103.5,0.5134,0.9085,0.053,259.2,266.53,55.7,47.8,80.1,105.6,97.4,96.78,0.12,10.7,A,0
2025-05-30 21:00:00,4.31,125.7,0.5587,0.88,0.0565,390.48,391.26,76.7,49.1,77.1,107.3,90.0,99.99,0.18,15.7,B,0
2025-05-30 22:00:00,3.77,94.0,0.6093,0.8976,0.0584,285.56,276.58,61.7,32.3,76.9,111.0,90.0,99.57,0.13,11.1,A,0
2025-05-30 23:00:00,3.32,115.2,0.5251,0.88,0.0549,303.11,339.16,65.6,49.5,82.0,109.1,95.8,100.85,0.14,13.6,C,0
2025-05-31 00:00:00,2.84,104.2,0.4287,0.88,0.0476,242.81,261.03,47.7,56.5,83.6,107.8,92.9,99.87,0.11,10.4,A,0
2025-05-31 01:00:00,2.92,98.6,0.5045,0.88,0.0465,253.07,258.04,54.2,44.4,77.7,112.6,87.8,98.88,0.12,10.3,B,0
2025-05-31 02:00:00,5.14,148.8,0.6453,0.9422,0.0772,495.68,457.5,97.7,51.1,82.7,108.6,93.2,105.69,0.23,18.3,A,0
2025-05-31 03:00:00,3.5,116.3,0.6078,0.8984,0.0531,362.35,339.45,76.3,40.0,78.1,107.4,97.3,101.16,0.16,13.6,C,0
2025-05-31 04:00:00,4.13,119.2,0.5727,0.9324,0.053,334.33,347.78,70.4,48.8,79.2,110.1,97.9,102.73,0.15,13.9,A,0
2025-05-31 05:00:00,2.87,127.1,0.5637,0.9156,0.0575,308.2,304.73,74.9,52.1,83.9,108.4,90.8,100.95,0.14,12.2,C,0
2025-05-31 06:00:00,2.88,88.7,0.556,0.8813,0.0668,208.41,204.41,53.3,35.4,79.8,108.4,94.8,103.75,0.09,8.2,C,0
2025-05-31 07:00:00,4.37,136.3,0.5927,0.9116,0.0565,386.62,340.5,85.5,50.8,85.9,109.9,97.1,101.03,0.18,13.6,A,0
2025-05-31 08:00:00,2.42,72.4,0.4635,0.8845,0.041,151.65,169.63,36.2,36.1,80.2,108.7,88.7,104.22,0.07,6.8,C,0
2025-05-31 09:00:00,3.17,98.5,0.3916,0.9232,0.0419,263.64,265.6,39.1,59.4,85.3,106.7,91.1,92.69,0.12,10.6,C,0
2025-05-31 10:00:00,3.53,103.1,0.5055,0.88,0.0493,270.98,259.77,56.6,46.5,88.8,111.1,94.9,101.6,0.12,10.4,B,0
2025-05-31 11:00:00,3.59,118.7,0.4346,0.88,0.0468,351.94,316.49,55.3,63.5,79.8,111.7,90.5,102.08,0.16,12.7,C,1
2025-05-31 12:00:00,3.36,113.3,0.4156,0.88,0.0412,306.97,275.31,50.6,62.7,89.4,109.5,93.4,102.21,0.14,11.0,A,0
2025-05-31 13:00:00,3.82,107.5,0.4424,0.88,0.04,312.73,295.73,51.5,56.0,82.0,111.2,107.5,98.05,0.14,11.8,C,0
2025-05-31 14:00:00,4.05,109.8,0.6988,0.88,0.08,288.39,280.68,84.9,24.9,80.1,109.3,87.5,99.13,0.13,11.2,B,0
2025-05-31 15:00:00,4.09,95.3,0.5109,0.88,0.0363,306.69,309.7,53.6,41.7,81.1,106.2,102.1,98.17,0.14,12.4,C,0
2025-05-31 16:00:00,2.71,87.5,0.529,0.893,0.062,201.69,210.32,49.2,38.4,80.8,111.8,96.7,102.76,0.09,8.4,C,0
2025-05-31 17:00:00,3.27,120.9,0.4022,0.9399,0.0449,271.27,282.85,48.3,72.6,86.2,109.8,88.9,104.01,0.12,11.3,C,0
2025-05-31 18:00:00,4.46,120.4,0.3525,0.88,0.0315,392.6,383.8,45.5,74.9,86.0,110.3,98.4,96.37,0.18,15.4,C,0
2025-05-31 19:00:00,4.22,133.8,0.4345,0.9118,0.0528,354.95,349.45,59.4,74.3,85.9,109.8,95.2,101.92,0.16,14.0,B,0
2025-05-31 20:00:00,2.4,98.1,0.6151,0.88,0.0546,182.03,202.3,66.6,31.5,78.1,109.6,101.0,98.71,0.08,8.1,C,0
2025-05-31 21:00:00,3.78,120.4,0.5267,0.9087,0.0577,375.14,336.76,66.4,54.0,82.6,110.3,98.3,106.54,0.17,13.5,C,0
2025-05-31 22:00:00,1.92,105.7,0.5479,0.88,0.0444,195.6,201.8,63.7,42.0,77.4,110.3,96.0,102.99,0.09,8.1,C,0
2025-05-31 23:00:00,3.54,127.9,0.5591,0.9184,0.0502,289.47,315.6,74.9,52.9,85.0,112.5,93.5,100.24,0.13,12.6,A,0
2025-06-01 00:00:00,5.02,125.3,0.4527,0.88,0.0395,390.83,340.54,61.6,63.7,80.5,110.9,100.8,100.9,0.18,13.6,C,0
2025-06-01 01:00:00,2.74,113.2,0.611,0.8925,0.0574,246.45,246.37,75.0,38.1,83.5,112.4,93.0,105.19,0.11,9.9,B,1
2025-06-01 02:00:00,2.83,104.9,0.4494,0.88,0.045,274.03,278.47,50.8,54.1,80.5,113.0,88.0,101.47,0.12,11.1,C,0
2025-06-01 03:00:00,4.11,124.4,0.6125,0.8892,0.0571,315.08,282.68,83.0,41.4,76.7,106.8,85.5,95.93,0.14,11.3,B,0
2025-06-01 04:00:00,2.27,119.7,0.5354,0.88,0.0434,219.29,219.38,70.4,49.3,84.7,112.6,88.8,105.85,0.1,8.8,A,0
2025-06-01 05:00:00,2.99,99.7,0.3569,0.8929,0.038,268.68,291.17,37.2,62.5,84.9,111.3,99.0,103.74,0.12,11.6,B,0
2025-06-01 06:00:00,3.98,90.1,0.4402,0.9057,0.0443,264.1,266.4,41.4,48.7,82.4,111.0,93.2,99.69,0.12,10.7,C,0
2025-06-01 07:00:00,2.99,105.7,0.3572,0.88,0.0378,265.76,259.41,40.1,65.6,75.7,112.0,91.1,103.1,0.12,10.4,B,0
2025-06-01 08:00:00,3.31,132.7,0.5931,0.9241,0.0602,322.07,316.64,81.9,50.9,84.3,109.5,92.8,99.46,0.15,12.7,A,0
2025-06-01 09:00:00,4.1,127.2,0.498,0.8919,0.0546,439.54,402.84,67.4,59.8,79.8,111.2,99.1,99.38,0.2,16.1,C,0
2025-06-01 10:00:00,3.84,93.3,0.3217,0.9003,0.0318,246.59,267.55,31.2,62.2,83.5,107.9,98.2,100.94,0.11,10.7,A,0
2025-06-01 11:00:00,3.71,92.5,0.5301,0.88,0.0581,274.11,261.45,53.1,39.4,80.5,107.2,95.8,103.1,0.12,10.5,C,0
2025-06-01 12:00:00,3.23,129.1,0.457,0.9052,0.0418,364.04,341.34,62.1,67.0,80.8,111.1,92.0,102.71,0.17,13.7,A,0
2025-06-01 13:00:00,3.8,93.0,0.3813,0.8992,0.0345,264.57,248.11,37.3,55.7,83.5,109.9,93.0,104.12,0.12,9.9,C,1
2025-06-01 14:00:00,3.4,117.6,0.6342,0.88,0.0703,289.35,282.32,81.9,35.7,79.5,110.0,94.3,102.72,0.13,11.3,A,0
2025-06-01 15:00:00,3.87,100.8,0.5086,0.88,0.0576,313.97,304.54,55.3,45.5,81.5,108.4,90.5,105.66,0.14,12.2,A,0
2025-06-01 16:00:00,3.1,134.3,0.4765,0.9021,0.0505,353.04,358.02,67.2,67.1,83.5,110.8,94.4,106.47,0.16,14.3,B,1
2025-06-01 17:00:00,3.35,98.4,0.468,0.9159,0.0424,247.17,239.41,48.0,50.5,88.5,109.1,90.3,102.21,0.11,9.6,B,0
2025-06-01 18:00:00,2.71,127.2,0.3789,0.9087,0.033,320.21,318.76,50.2,76.9,81.8,109.9,96.8,100.29,0.15,12.8,C,0
2025-06-01 19:00:00,3.47,112.8,0.3956,0.913,0.0462,303.45,299.05,45.5,67.3,84.5,109.0,97.4,100.76,0.14,12.0,C,1
2025-06-01 20:00:00,2.85,113.8,0.6028,0.8911,0.0666,280.25,255.67,74.0,39.8,78.5,108.4,100.6,95.52,0.13,10.2,A,0
2025-06-01 21:00:00,2.61,80.4,0.4621,0.9119,0.0459,216.76,217.56,38.7,41.8,87.1,109.6,96.3,101.36,0.1,8.7,B,0
2025-06-01 22:00:00,3.71,77.0,0.5018,0.8852,0.0619,245.04,240.31,41.1,35.8,79.6,112.4,96.1,99.45,0.11,9.6,C,0
2025-06-01 23:00:00,3.67,106.7,0.3365,0.88,0.0359,299.13,315.66,38.0,68.7,81.6,109.1,90.8,99.19,0.14,12.6,B,0
2025-06-02 00:00:00,4.13,113.7,0.3946,0.9209,0.0339,321.87,321.05,46.2,67.5,83.5,109.7,94.8,101.19,0.15,12.8,C,0
2025-06-02 01:00:00,3.16,93.1,0.5488,0.88,0.0535,295.87,293.31,55.8,37.3,79.7,109.5,89.9,95.0,0.13,11.7,B,0
2025-06-02 02:00:00,3.83,93.7,0.5302,0.9159,0.053,258.21,212.34,51.8,41.9,85.2,108.7,86.5,100.76,0.12,8.5,C,0
2025-06-02 03:00:00,3.94,118.4,0.6403,0.9193,0.0645,351.85,310.53,79.8,38.7,80.0,112.5,93.7,101.91,0.16,12.4,B,0
2025-06-02 04:00:00,3.86,118.4,0.6074,0.8814,0.067,352.23,350.29,78.6,39.8,84.5,107.3,92.5,96.69,0.16,14.0,A,0
2025-06-02 05:00:00,2.84,107.9,0.4815,0.88,0.0434,268.75,277.37,56.5,51.4,85.2,109.8,98.1,105.36,0.12,11.1,C,0
2025-06-02 06:00:00,3.62,121.7,0.5378,0.8961,0.0471,390.92,359.95,70.3,51.4,83.7,108.3,90.2,102.63,0.18,14.4,B,0
2025-06-02 07:00:00,3.79,92.4,0.4747,0.8975,0.0505,272.38,271.84,46.3,46.1,84.1,111.1,109.1,105.17,0.12,10.9,A,0
2025-06-02 08:00:00,3.51,104.7,0.6644,0.88,0.0639,283.55,280.49,77.0,27.7,89.6,110.3,92.6,102.6,0.13,11.2,C,0
2025-06-02 09:00:00,1.83,134.7,0.5919,0.8893,0.0713,270.28,271.68,85.7,49.0,83.2,112.4,94.6,102.38,0.12,10.9,B,0
2025-06-02 10:00:00,3.63,111.0,0.5136,0.9235,0.0561,303.44,293.13,58.6,52.5,82.3,111.5,92.2,105.87,0.14,11.7,C,0
2025-06-02 11:00:00,5.27,111.9,0.516,0.88,0.049,431.52,421.75,62.9,49.0,83.0,110.2,98.9,105.25,0.2,16.9,C,0
2025-06-02 12:00:00,3.21,144.6,0.6156,0.8932,0.0676,360.42,363.3,96.0,48.6,85.8,111.5,93.9,107.12,0.16,14.5,A,0
2025-06-02 13:00:00,2.92,89.0,0.5464,0.88,0.0583,240.41,234.54,52.9,36.1,89.0,111.7,90.1,100.93,0.11,9.4,C,0
2025-06-02 14:00:00,3.8,121.9,0.6247,0.9351,0.0656,363.82,330.78,78.4,43.5,81.5,108.2,85.8,98.92,0.17,13.2,B,0
2025-06-02 15:00:00,3.75,135.0,0.3245,0.88,0.0318,357.6,331.86,46.6,88.4,79.3,111.5,97.9,97.83,0.16,13.3,C,0
2025-06-02 16:00:00,4.45,105.1,0.5369,0.88,0.0558,283.83,281.84,61.4,43.8,85.5,110.6,98.2,98.37,0.13,11.3,C,0
2025-06-02 17:00:00,2.49,122.9,0.4588,0.88,0.0354,228.74,237.89,61.6,61.3,77.9,111.0,96.7,103.34,0.1,9.5,A,0
2025-06-02 18:00:00,4.09,95.3,0.6405,0.9027,0.0706,247.65,258.8,65.2,30.0,82.8,109.2,93.9,109.48,0.11,10.4,A,0
2025-06-02 19:00:00,3.97,99.7,0.6237,0.88,0.0452,295.61,303.47,69.1,30.6,82.9,108.3,93.4,105.83,0.13,12.1,B,0
2025-06-02 20:00:00,3.39,115.8,0.5026,0.9167,0.0481,244.17,251.31,60.6,55.2,81.7,107.9,98.9,100.76,0.11,10.1,A,0
2025-06-02 21:00:00,3.77,122.0,0.6229,0.88,0.0543,336.32,329.15,84.0,38.0,81.9,103.2,94.5,103.6,0.15,13.2,A,0
2025-06-02 22:00:00,4.32,126.8,0.6426,0.88,0.0618,392.07,400.73,90.0,36.8,77.0,108.6,100.6,99.64,0.18,16.0,B,0
2025-06-02 23:00:00,4.2,133.5,0.506,0.88,0.0502,426.79,402.86,73.3,60.2,79.4,114.9,94.5,99.83,0.19,16.1,C,0
2025-06-03 00:00:00,2.59,109.0,0.6978,0.9019,0.0638,255.25,263.36,82.4,26.5,84.8,111.6,94.3,98.2,0.12,10.5,C,0
2025-06-03 01:00:00,4.16,127.9,0.4975,0.9037,0.0359,409.48,393.64,68.0,59.9,75.9,110.6,96.9,98.4,0.19,15.7,C,0
2025-06-03 02:00:00,3.45,104.9,0.4828,0.8982,0.0493,292.89,286.8,53.6,51.3,81.7,111.9,102.0,102.97,0.13,11.5,B,0
2025-06-03 03:00:00,3.56,123.5,0.5693,0.88,0.0674,322.44,311.79,76.3,47.2,81.1,109.5,100.9,105.75,0.15,12.5,B,0
2025-06-03 04:00:00,3.56,113.1,0.4717,0.88,0.0454,305.08,316.46,57.8,55.3,76.0,109.2,94.8,104.42,0.14,12.7,B,0
2025-06-03 05:00:00,3.38,116.7,0.5068,0.8928,0.0555,283.77,280.11,62.9,53.8,87.1,109.4,93.1,105.67,0.13,11.2,A,0
2025-06-03 06:00:00,4.45,116.4,0.6128,0.88,0.0688,374.49,352.71,78.0,38.3,78.9,108.5,89.0,103.65,0.17,14.1,B,0
2025-06-03 07:00:00,3.43,85.9,0.5015,0.88,0.0407,210.29,212.16,47.2,38.7,83.6,108.7,98.5,101.2,0.1,8.5,A,0
2025-06-03 08:00:00,2.6,93.1,0.3644,0.9125,0.0342,235.75,244.62,35.0,58.1,80.6,110.0,86.1,99.72,0.11,9.8,C,0
2025-06-03 09:00:00,3.19,111.5,0.5294,0.88,0.0466,261.08,256.23,64.6,46.9,79.5,110.1,103.5,103.03,0.12,10.2,A,0
2025-06-03 10:00:00,3.64,84.7,0.4443,0.88,0.0404,249.63,255.71,40.7,43.9,81.3,112.7,99.2,96.26,0.11,10.2,A,0
2025-06-03 11:00:00,4.48,122.5,0.5692,0.88,0.0654,396.56,380.07,75.7,46.7,80.9,112.0,91.3,99.49,0.18,15.2,A,0
2025-06-03 12:00:00,3.98,123.1,0.5557,0.88,0.0567,392.25,366.29,74.6,48.5,81.4,107.0,101.2,98.94,0.18,14.7,B,0
2025-06-03 13:00:00,2.82,114.9,0.6177,0.9527,0.0657,232.56,223.88,71.5,43.4,79.6,109.4,97.7,105.03,0.11,9.0,B,0
2025-06-03 14:00:00,5.49,93.2,0.5726,0.937,0.057,342.45,316.11,54.6,38.6,79.0,107.8,97.3,97.17,0.16,12.6,C,0
2025-06-03 15:00:00,3.71,130.7,0.5872,0.923,0.0527,374.85,344.74,80.3,50.4,85.0,104.8,93.7,104.09,0.17,13.8,A,0
2025-06-03 16:00:00,4.52,140.6,0.4465,0.88,0.048,505.9,448.43,67.3,73.2,82.0,110.2,97.8,102.46,0.23,17.9,A,0
2025-06-03 17:00:00,3.38,112.2,0.5643,0.9197,0.0627,294.7,296.2,65.7,46.5,81.8,111.2,87.9,102.5,0.13,11.8,A,0
2025-06-03 18:00:00,3.93,117.7,0.6575,0.88,0.0673,322.61,343.41,85.4,32.2,79.3,110.1,95.3,99.9,0.15,13.7,A,0
2025-06-03 19:00:00,4.17,113.0,0.4449,0.9174,0.0469,401.5,372.56,51.7,61.4,86.7,110.9,91.6,96.91,0.18,14.9,B,0
2025-06-03 20:00:00,4.47,118.0,0.644,0.9294,0.0582,398.79,372.46,79.3,38.6,81.7,109.3,93.6,102.8,0.18,14.9,A,0
2025-06-03 21:00:00,4.35,108.2,0.4561,0.88,0.0491,378.96,352.7,53.0,55.2,76.3,107.9,91.6,103.96,0.17,14.1,B,0
2025-06-03 22:00:00,4.2,109.5,0.4318,0.9074,0.0499,300.11,306.04,48.8,60.7,82.8,109.3,91.8,102.79,0.14,12.2,C,0
2025-06-03 23:00:00,3.25,123.6,0.5237,0.88,0.0544,326.17,323.16,70.3,53.3,79.7,112.7,101.4,100.87,0.15,12.9,C,0
2025-06-04 00:00:00,3.04,145.2,0.5573,0.88,0.0467,311.67,304.7,89.0,56.2,84.7,110.7,87.8,97.89,0.14,12.2,B,0
2025-06-04 01:00:00,3.77,89.0,0.5729,0.9177,0.0655,234.41,227.16,53.0,36.0,85.1,107.0,97.0,99.43,0.11,9.1,B,0
2025-06-04 02:00:00,4.25,108.4,0.4231,0.88,0.0376,351.03,323.93,49.6,58.8,84.8,110.3,89.3,102.65,0.16,13.0,A,0
2025-06-04 03:00:00,3.32,92.3,0.5348,0.8967,0.0554,262.44,265.03,52.6,39.7,80.6,112.5,101.6,98.93,0.12,10.6,A,0
2025-06-04 04:00:00,4.35,133.9,0.4452,0.9227,0.0493,391.0,376.06,60.7,73.2,81.7,111.5,97.1,98.41,0.18,15.0,A,0
2025-06-04 05:00:00,4.66,101.2,0.3809,0.8814,0.0435,377.48,360.6,40.7,60.4,82.7,112.6,88.0,96.96,0.17,14.4,A,0
2025-06-04 06:00:00,2.77,88.4,0.4257,0.88,0.0336,210.27,224.67,40.9,47.4,84.7,107.0,96.7,102.91,0.1,9.0,C,0
2025-06-04 07:00:00,2.83,119.6,0.4399,0.9207,0.0446,272.83,257.73,54.0,65.6,78.9,110.3,91.5,102.84,0.12,10.3,A,0
2025-06-04 08:00:00,3.39,136.2,0.5417,0.8961,0.0544,347.65,339.99,78.8,57.3,82.3,109.3,96.1,104.76,0.16,13.6,A,0
2025-06-04 09:00:00,3.75,120.0,0.5922,0.88,0.0664,327.74,322.03,77.5,42.4,87.6,111.2,88.4,94.87,0.15,12.9,B,0
2025-06-04 10:00:00,3.08,113.1,0.3821,0.88,0.0405,310.15,291.0,46.0,67.1,80.4,108.3,101.2,104.82,0.14,11.6,C,0
2025-06-04 11:00:00,4.58,116.1,0.5282,0.88,0.0601,340.36,320.56,66.3,49.8,81.9,108.3,85.0,104.64,0.15,12.8,B,0
2025-06-04 12:00:00,3.84,131.2,0.4059,0.88,0.0433,343.56,342.15,56.9,74.4,89.8,110.0,91.0,104.93,0.16,13.7,A,0
2025-06-04 13:00:00,3.53,96.9,0.5503,0.9151,0.0547,243.37,235.09,55.8,41.1,81.3,108.2,89.6,101.66,0.11,9.4,C,0
2025-06-04 14:00:00,2.35,108.3,0.4502,0.8996,0.046,265.7,293.66,51.3,57.0,77.4,110.5,96.9,101.97,0.12,11.7,A,0
2025-06-04 15:00:00,2.45,103.2,0.4159,0.8895,0.0492,222.13,234.05,45.0,58.2,81.8,105.9,92.5,101.95,0.1,9.4,A,1
2025-06-04 16:00:00,3.72,92.5,0.564,0.88,0.0499,251.69,253.32,57.3,35.2,87.0,112.4,94.1,98.56,0.11,10.1,C,0
2025-06-04 17:00:00,1.79,105.1,0.453,0.88,0.0498,192.57,201.62,51.0,54.0,85.2,104.4,91.8,98.69,0.09,8.1,B,0
2025-06-04 18:00:00,4.31,126.6,0.4747,0.88,0.0443,414.71,406.4,65.2,61.4,79.1,111.8,88.2,101.98,0.19,16.3,B,0
2025-06-04 19:00:00,3.37,118.5,0.3224,0.8951,0.028,326.33,311.67,40.2,78.3,83.2,108.8,93.9,100.55,0.15,12.5,A,0
2025-06-04 20:00:00,6.0,119.7,0.5757,0.9167,0.0627,444.74,411.03,71.9,47.8,81.5,107.1,88.5,103.45,0.2,16.4,B,0
2025-06-04 21:00:00,5.35,112.2,0.5657,0.88,0.0522,391.79,397.21,69.6,42.6,84.4,110.3,85.8,100.23,0.18,15.9,C,0
2025-06-04 22:00:00,3.35,117.8,0.5004,0.913,0.0519,269.26,263.47,61.4,56.5,80.2,111.8,98.1,96.89,0.12,10.5,B,0
2025-06-04 23:00:00,3.41,98.0,0.3778,0.88,0.0353,269.31,270.47,39.7,58.3,83.5,112.3,88.8,97.03,0.12,10.8,C,0
2025-06-05 00:00:00,4.3,105.4,0.5967,0.9344,0.0479,364.79,338.28,65.2,40.1,87.7,112.3,102.3,99.02,0.17,13.5,C,0
2025-06-05 01:00:00,4.86,112.9,0.4467,0.88,0.0471,361.63,351.37,54.2,58.7,74.2,108.3,102.1,103.48,0.16,14.1,C,0
2025-06-05 02:00:00,2.19,114.2,0.4637,0.8863,0.047,243.64,253.11,56.7,57.5,83.8,110.4,99.4,99.74,0.11,10.1,A,0
2025-06-05 03:00:00,2.07,114.8,0.685,0.88,0.0589,216.01,239.06,87.5,27.3,86.0,106.4,89.3,102.2,0.1,9.6,C,0
2025-06-05 04:00:00,3.0,107.9,0.4437,0.9353,0.0409,242.31,236.31,48.6,59.3,77.3,110.2,105.6,96.28,0.11,9.5,C,0
2025-06-05 05:00:00,3.97,104.3,0.5594,0.907,0.0469,326.71,297.6,62.2,42.2,79.8,110.7,83.2,101.79,0.15,11.9,B,0
2025-06-05 06:00:00,3.9,157.4,0.545,0.88,0.0582,525.82,480.98,93.2,64.2,80.8,109.2,90.6,101.41,0.24,19.2,A,0
2025-06-05 07:00:00,4.36,123.6,0.5312,0.8979,0.0601,398.98,368.67,69.5,54.1,79.8,106.3,99.2,104.87,0.18,14.7,B,0
2025-06-05 08:00:00,2.54,116.2,0.5226,0.8811,0.0565,247.17,249.93,65.7,50.5,79.6,108.8,98.8,101.76,0.11,10.0,C,0
2025-06-05 09:00:00,1.65,106.5,0.5301,0.88,0.058,186.04,202.26,61.2,45.3,80.9,113.8,91.4,103.59,0.08,8.1,A,0
2025-06-05 10:00:00,4.19,103.2,0.5218,0.88,0.0496,368.81,388.99,58.7,44.5,84.6,110.8,91.1,107.14,0.17,15.6,B,0
2025-06-05 11:00:00,2.84,108.0,0.4958,0.88,0.0523,263.66,259.05,57.9,50.1,86.5,109.0,93.9,101.42,0.12,10.4,B,0
2025-06-05 12:00:00,1.89,114.4,0.6209,0.881,0.062,202.38,193.01,78.1,36.3,85.9,109.7,94.6,105.9,0.09,7.7,A,0
2025-06-05 13:00:00,3.62,81.8,0.395,0.8892,0.0404,237.61,239.56,34.2,47.6,85.0,110.8,92.7,101.67,0.11,9.6,A,0
2025-06-05 14:00:00,4.13,86.5,0.5817,0.9148,0.063,276.74,279.35,52.7,33.8,87.5,106.9,103.3,99.7,0.13,11.2,C,0
2025-06-05 15:00:00,3.4,100.4,0.5658,0.88,0.0625,281.48,267.65,61.8,38.6,88.1,107.0,91.6,100.97,0.13,10.7,B,0
2025-06-05 16:00:00,3.13,113.1,0.5559,0.88,0.0536,319.12,314.43,68.7,44.4,82.5,108.5,102.3,99.78,0.15,12.6,B,0
2025-06-05 17:00:00,3.37,106.4,0.5894,0.88,0.0519,312.32,307.3,69.1,37.3,86.3,109.0,97.0,99.89,0.14,12.3,B,0
2025-06-05 18:00:00,3.2,132.2,0.4926,0.88,0.0483,333.3,326.99,70.6,61.6,83.3,113.6,100.1,99.58,0.15,13.1,A,0
2025-06-05 19:00:00,2.42,87.8,0.3505,0.8899,0.034,199.52,216.3,32.5,55.3,81.4,110.1,87.5,100.39,0.09,8.7,C,0
2025-06-05 20:00:00,2.93,98.7,0.4942,0.88,0.0508,251.6,252.97,52.8,45.9,81.9,109.0,100.1,103.43,0.11,10.1,C,0
2025-06-05 21:00:00,3.92,132.8,0.4207,0.88,0.0462,356.64,351.44,59.6,73.2,85.0,110.1,100.0,96.2,0.16,14.1,B,0
2025-06-05 22:00:00,3.76,112.0,0.4415,0.88,0.0346,342.43,304.89,53.9,58.1,86.4,106.0,91.7,102.16,0.16,12.2,B,0
2025-06-05 23:00:00,3.63,123.3,0.4006,0.9374,0.0367,329.84,306.87,49.8,73.5,83.7,108.2,99.2,101.66,0.15,12.3,C,0
2025-06-06 00:00:00,2.7,140.8,0.4618,0.88,0.0414,323.49,310.27,70.6,70.2,80.8,108.5,87.6,105.45,0.15,12.4,A,0
2025-06-06 01:00:00,3.35,99.6,0.4523,0.8929,0.0515,304.01,285.42,47.4,52.2,80.5,108.0,92.6,100.2,0.14,11.4,C,0
2025-06-06 02:00:00,1.76,108.5,0.3098,0.88,0.0299,207.93,216.8,35.7,72.8,76.4,112.5,100.8,104.7,0.09,8.7,A,0
2025-06-06 03:00:00,3.64,105.9,0.556,0.9338,0.053,301.54,291.9,60.5,45.4,83.1,111.3,94.1,98.72,0.14,11.7,A,0
2025-06-06 04:00:00,4.64,80.7,0.6776,0.9379,0.0705,265.87,260.84,56.5,24.2,82.9,107.6,93.7,99.94,0.12,10.4,A,0
2025-06-06 05:00:00,2.32,105.3,0.5485,0.9213,0.0519,223.54,238.41,60.2,45.2,78.9,107.5,102.0,102.55,0.1,9.5,B,0
2025-06-06 06:00:00,3.03,123.2,0.4838,0.8986,0.0483,270.14,270.58,63.1,60.1,83.4,107.5,85.2,103.12,0.12,10.8,C,0
2025-06-06 07:00:00,3.76,118.1,0.4956,0.88,0.0586,346.29,318.4,62.8,55.3,83.4,109.6,94.1,100.5,0.16,12.7,A,0
2025-06-06 08:00:00,4.5,119.3,0.4663,0.8929,0.0556,308.13,294.01,58.5,60.8,77.5,110.4,94.7,101.97,0.14,11.8,C,0
2025-06-06 09:00:00,3.14,104.4,0.5072,0.8993,0.0487,287.04,293.18,56.3,48.1,81.0,110.8,91.0,100.81,0.13,11.7,A,0
2025-06-06 10:00:00,2.95,100.2,0.497,0.88,0.0488,262.08,264.99,54.0,46.1,86.2,108.0,101.9,103.67,0.12,10.6,B,0
2025-06-06 11:00:00,1.92,129.0,0.4327,0.88,0.0402,240.56,256.71,60.3,68.7,80.1,109.6,90.4,100.86,0.11,10.3,C,0
2025-06-06 12:00:00,3.58,102.5,0.6346,0.88,0.0538,272.43,281.37,72.1,30.5,82.1,109.9,90.5,100.63,0.12,11.3,A,0
2025-06-06 13:00:00,5.13,114.4,0.381,0.9038,0.0433,400.31,373.64,44.9,69.5,82.5,112.4,82.6,104.27,0.18,14.9,A,0
2025-06-06 14:00:00,3.72,112.5,0.5575,0.8804,0.0679,268.39,284.51,67.8,44.7,81.9,111.5,100.6,101.93,0.12,11.4,A,0
2025-06-06 15:00:00,3.48,131.9,0.4919,0.88,0.047,370.01,378.38,70.5,61.5,84.1,107.1,93.4,103.3,0.17,15.1,A,0
2025-06-06 16:00:00,3.76,124.6,0.6521,0.88,0.0611,341.48,304.35,89.9,34.7,84.8,106.2,93.4,108.8,0.16,12.2,A,0
2025-06-06 17:00:00,3.49,90.6,0.5273,0.88,0.0514,284.2,281.95,52.0,38.6,85.8,109.8,93.9,95.34,0.13,11.3,B,0
2025-06-06 18:00:00,2.85,92.2,0.4712,0.88,0.0475,234.4,233.76,46.9,45.3,81.1,108.7,101.0,98.22,0.11,9.4,C,0
2025-06-06 19:00:00,4.16,118.7,0.4802,0.886,0.0423,363.21,344.71,61.6,57.1,83.6,108.1,103.1,98.52,0.17,13.8,B,0
2025-06-06 20:00:00,3.68,109.0,0.5032,0.88,0.048,315.41,297.15,59.7,49.4,84.5,108.5,86.3,98.74,0.14,11.9,B,0
2025-06-06 21:00:00,3.51,103.2,0.4086,0.8832,0.0459,260.15,250.72,44.7,58.5,81.6,111.2,92.7,105.57,0.12,10.0,C,0
2025-06-06 22:00:00,2.72,125.2,0.4387,0.88,0.0445,272.41,281.98,59.1,66.2,79.8,107.0,89.3,93.3,0.12,11.3,B,0
2025-06-06 23:00:00,4.54,112.8,0.3572,0.88,0.0421,366.8,333.57,42.4,70.4,82.4,113.7,93.9,102.75,0.17,13.3,A,0
2025-06-07 00:00:00,4.03,110.8,0.4262,0.88,0.0444,320.29,313.52,50.6,60.2,80.2,108.6,94.5,96.7,0.15,12.5,C,0
2025-06-07 01:00:00,3.06,121.7,0.5075,0.88,0.0453,282.67,264.06,67.4,54.3,79.9,111.3,86.4,101.38,0.13,10.6,C,0
2025-06-07 02:00:00,4.3,104.4,0.524,0.8996,0.0495,318.85,328.23,58.3,46.1,82.7,108.7,96.8,102.08,0.14,13.1,B,0
2025-06-07 03:00:00,3.1,133.5,0.3417,0.8885,0.0354,325.07,316.72,47.9,85.6,81.4,107.0,92.8,104.02,0.15,12.7,C,0
2025-06-07 04:00:00,2.87,98.2,0.489,0.8851,0.0433,284.29,290.65,52.0,46.2,82.5,109.7,98.9,100.5,0.13,11.6,C,0
2025-06-07 05:00:00,2.89,119.9,0.5451,0.8938,0.0482,275.66,276.6,70.4,49.4,77.3,107.5,95.2,100.78,0.13,11.1,B,0
2025-06-07 06:00:00,2.08,131.5,0.487,0.88,0.0427,238.99,240.57,69.8,61.7,81.5,110.3,86.4,95.15,0.11,9.6,C,0
2025-06-07 07:00:00,3.88,89.3,0.4493,0.9171,0.0475,264.54,265.63,41.3,48.1,75.2,109.9,98.1,108.14,0.12,10.6,A,0
2025-06-07 08:00:00,2.04,104.8,0.467,0.88,0.0449,233.01,252.98,53.0,51.8,78.9,108.6,88.3,102.22,0.11,10.1,B,0
2025-06-07 09:00:00,2.52,127.1,0.4567,0.9053,0.0516,308.75,290.66,60.3,66.8,81.7,110.3,88.8,102.62,0.14,11.6,A,0
2025-06-07 10:00:00,1.84,127.4,0.4491,0.88,0.0404,266.06,237.33,62.0,65.4,85.6,112.1,93.4,104.52,0.12,9.5,B,0
2025-06-07 11:00:00,3.43,107.4,0.5139,0.9206,0.0391,289.46,276.36,57.9,49.6,83.6,109.8,93.6,101.1,0.13,11.1,C,0
2025-06-07 12:00:00,3.38,99.0,0.6846,0.883,0.0678,280.66,264.14,74.9,24.1,82.3,108.5,86.2,102.57,0.13,10.6,A,0
2025-06-07 13:00:00,3.24,124.3,0.4405,0.88,0.0523,285.84,294.73,58.3,66.0,80.9,110.8,94.3,103.45,0.13,11.8,A,0
2025-06-07 14:00:00,2.67,127.8,0.4745,0.8992,0.0476,275.89,272.45,64.0,63.7,81.2,110.9,94.6,96.88,0.13,10.9,B,0
2025-06-07 15:00:00,2.56,92.5,0.4959,0.9113,0.0427,196.43,213.87,48.3,44.3,85.9,109.4,94.4,102.89,0.09,8.6,B,1
2025-06-07 16:00:00,3.87,91.9,0.445,0.88,0.0364,284.54,282.25,44.5,47.4,78.7,112.7,86.6,107.53,0.13,11.3,A,0
2025-06-07 17:00:00,3.06,113.4,0.5879,0.88,0.0648,281.02,278.97,72.7,40.6,79.8,109.4,95.7,106.54,0.13,11.2,A,0
2025-06-07 18:00:00,3.75,119.4,0.3103,0.88,0.027,340.28,331.61,39.7,79.8,85.2,113.0,98.1,105.9,0.15,13.3,A,0
2025-06-07 19:00:00,2.79,105.5,0.4575,0.9373,0.0535,233.12,252.81,48.2,57.3,81.0,108.7,88.3,107.03,0.11,10.1,C,0
2025-06-07 20:00:00,3.64,120.2,0.5655,0.89,0.0598,352.88,342.74,73.2,47.0,87.8,111.7,89.6,97.52,0.16,13.7,A,0
2025-06-07 21:00:00,4.54,99.3,0.4765,0.88,0.0438,259.05,272.41,51.4,47.9,84.1,109.6,98.9,99.73,0.12,10.9,C,0
2025-06-07 22:00:00,3.97,78.3,0.4343,0.88,0.0493,239.58,254.29,36.3,42.0,85.5,110.5,102.9,98.57,0.11,10.2,B,0
2025-06-07 23:00:00,3.17,103.6,0.5353,0.8975,0.0489,263.79,262.39,59.4,44.2,77.1,105.9,94.2,111.79,0.12,10.5,B,0
2025-06-08 00:00:00,3.71,110.9,0.5725,0.88,0.05,258.27,258.72,69.8,41.1,85.2,114.3,92.8,102.03,0.12,10.3,A,0
2025-06-08 01:00:00,3.31,105.9,0.5169,0.88,0.0474,286.76,279.14,59.7,46.2,79.5,110.6,96.0,97.06,0.13,11.2,A,0
2025-06-08 02:00:00,3.51,92.6,0.4359,0.88,0.0474,255.07,270.72,43.2,49.4,84.1,112.0,101.8,97.99,0.12,10.8,A,0
2025-06-08 03:00:00,3.24,82.8,0.5365,0.8905,0.0593,235.29,230.58,47.5,35.3,80.9,107.2,90.7,101.62,0.11,9.2,A,0
2025-06-08 04:00:00,3.37,102.3,0.4678,0.8903,0.0448,318.11,300.62,51.2,51.1,82.7,110.3,92.6,97.21,0.14,12.0,B,0
2025-06-08 05:00:00,3.67,123.5,0.5596,0.8983,0.0466,347.63,331.4,74.4,49.1,78.7,109.6,92.4,106.91,0.16,13.3,C,0
2025-06-08 06:00:00,2.71,128.8,0.6187,0.88,0.0541,311.92,289.91,88.1,40.8,76.8,107.9,87.9,103.67,0.14,11.6,B,0
2025-06-08 07:00:00,2.69,127.8,0.2916,0.8899,0.0238,318.19,302.46,39.5,88.3,82.5,112.6,99.3,102.24,0.14,12.1,A,0
2025-06-08 08:00:00,2.39,97.8,0.5089,0.88,0.0444,223.82,241.05,54.3,43.4,81.1,110.3,96.3,98.14,0.1,9.6,B,0
2025-06-08 09:00:00,2.22,92.7,0.3611,0.88,0.0374,186.31,203.52,35.6,57.1,79.3,109.9,84.9,97.34,0.08,8.1,B,0
2025-06-08 10:00:00,2.53,117.4,0.6953,0.8893,0.0792,223.11,225.65,89.3,28.1,77.0,111.2,94.9,102.35,0.1,9.0,A,0
2025-06-08 11:00:00,3.63,119.5,0.4626,0.8935,0.0502,336.91,337.87,58.4,61.1,74.0,108.3,103.3,101.71,0.15,13.5,A,0
2025-06-08 12:00:00,2.79,116.0,0.5597,0.9097,0.0503,260.79,284.75,68.8,47.2,83.6,110.3,96.4,97.45,0.12,11.4,C,0
2025-06-08 13:00:00,3.91,79.8,0.4972,0.88,0.0462,271.07,274.01,43.2,36.6,81.2,110.2,103.0,101.14,0.12,11.0,A,0
2025-06-08 14:00:00,3.53,97.0,0.4358,0.8847,0.0411,259.16,275.93,45.4,51.6,80.2,110.3,92.2,101.15,0.12,11.0,B,0
2025-06-08 15:00:00,1.93,109.6,0.4262,0.8903,0.0446,210.01,226.11,49.4,60.1,82.6,112.1,99.8,103.51,0.1,9.0,C,0
2025-06-08 16:00:00,4.02,117.3,0.6269,0.88,0.0705,310.52,300.06,80.6,36.7,85.0,109.2,101.6,107.62,0.14,12.0,C,0
2025-06-08 17:00:00,4.15,121.5,0.5765,0.8936,0.0553,352.05,342.19,75.5,46.0,82.8,108.9,94.6,95.06,0.16,13.7,A,0
2025-06-08 18:00:00,2.7,112.2,0.6555,0.88,0.0732,238.19,247.79,80.9,31.2,80.7,108.8,92.9,103.7,0.11,9.9,A,0
2025-06-08 19:00:00,3.84,115.0,0.5044,0.8828,0.061,304.32,289.03,62.0,52.9,88.4,108.7,100.5,99.21,0.14,11.6,C,0
2025-06-08 20:00:00,2.81,111.3,0.523,0.9101,0.0506,261.12,233.0,61.2,50.1,80.1,112.2,97.7,102.56,0.12,9.3,A,0
2025-06-08 21:00:00,3.58,120.3,0.4786,0.88,0.046,308.63,291.39,62.4,57.9,77.8,109.9,99.8,101.69,0.14,11.7,A,0
2025-06-08 22:00:00,2.49,114.7,0.477,0.88,0.0459,302.64,269.49,59.3,55.4,82.3,112.0,97.1,102.8,0.14,10.8,A,0
2025-06-08 23:00:00,2.07,111.0,0.4166,0.9573,0.042,234.33,231.7,45.4,65.6,81.2,110.5,94.6,97.57,0.11,9.3,C,0
2025-06-09 00:00:00,3.19,106.0,0.5067,0.88,0.0489,296.32,270.37,58.4,47.6,84.8,108.3,94.6,104.21,0.13,10.8,A,0
2025-06-09 01:00:00,3.4,111.2,0.4369,0.9249,0.0481,292.03,299.14,49.3,61.9,80.4,107.0,93.2,101.42,0.13,12.0,A,0
2025-06-09 02:00:00,3.18,117.3,0.5354,0.88,0.0458,297.79,278.16,68.8,48.4,81.5,107.1,97.0,105.48,0.14,11.1,A,0
2025-06-09 03:00:00,2.55,114.0,0.5136,0.88,0.0487,243.83,252.89,63.8,50.3,79.4,108.2,94.1,106.08,0.11,10.1,C,0
2025-06-09 04:00:00,3.18,115.7,0.523,0.8852,0.0539,355.31,353.59,65.3,50.4,84.4,112.0,96.3,102.01,0.16,14.1,B,0
2025-06-09 05:00:00,3.72,130.1,0.634,0.9323,0.0678,353.5,351.01,85.2,44.9,82.4,112.6,91.0,104.27,0.16,14.0,C,0
2025-06-09 06:00:00,3.46,114.0,0.497,0.88,0.0607,289.04,262.74,60.7,53.3,81.2,110.2,90.7,104.01,0.13,10.5,C,0
2025-06-09 07:00:00,3.65,100.3,0.5605,0.88,0.0496,265.35,278.21,61.7,38.6,81.6,111.9,97.9,105.32,0.12,11.1,A,1
2025-06-09 08:00:00,2.96,123.3,0.6641,0.9122,0.0632,302.48,302.51,87.2,36.0,81.9,108.9,96.9,105.1,0.14,12.1,C,1
2025-06-09 09:00:00,4.44,89.5,0.6045,0.9019,0.0491,327.92,329.94,58.3,31.2,77.7,108.7,92.9,97.81,0.15,13.2,A,0
2025-06-09 10:00:00,2.56,93.8,0.5923,0.915,0.0537,235.02,258.05,58.6,35.1,85.5,111.5,101.9,102.13,0.11,10.3,A,0
2025-06-09 11:00:00,3.89,115.0,0.4755,0.9032,0.0387,310.0,313.96,58.1,56.9,85.3,110.3,90.9,97.14,0.14,12.6,B,0
2025-06-09 12:00:00,4.45,117.7,0.5184,0.9238,0.0492,345.56,316.35,63.2,54.6,82.1,111.5,97.2,99.73,0.16,12.7,A,0
2025-06-09 13:00:00,3.88,91.3,0.3945,0.8869,0.0383,300.84,304.07,38.3,53.0,81.8,110.1,97.3,99.86,0.14,12.2,C,0
2025-06-09 14:00:00,3.34,104.3,0.5399,0.9031,0.0563,323.65,294.42,59.5,44.7,79.0,109.2,95.3,103.06,0.15,11.8,A,0
2025-06-09 15:00:00,3.08,100.9,0.522,0.8805,0.0507,252.74,254.15,57.3,43.6,87.2,109.6,101.3,100.61,0.11,10.2,C,0
2025-06-09 16:00:00,4.33,102.7,0.5019,0.8916,0.0525,356.65,335.53,55.0,47.7,86.5,110.6,103.1,100.82,0.16,13.4,C,0
2025-06-09 17:00:00,2.36,124.2,0.5822,0.9076,0.0588,228.09,233.97,76.6,47.6,83.2,110.5,89.2,104.3,0.1,9.4,C,0
2025-06-09 18:00:00,2.72,120.6,0.4034,0.8822,0.0352,255.61,240.87,52.4,68.2,84.5,108.1,83.6,103.94,0.12,9.6,A,0
2025-06-09 19:00:00,3.18,109.7,0.6308,0.9008,0.0546,256.25,242.62,74.7,35.0,85.7,109.8,92.6,102.13,0.12,9.7,B,0
2025-06-09 20:00:00,4.49,101.8,0.5721,0.8987,0.0601,341.0,323.33,62.2,39.6,85.1,107.0,90.1,103.55,0.15,12.9,B,0
2025-06-09 21:00:00,3.8,89.8,0.4943,0.8977,0.0577,261.73,259.99,46.7,43.1,79.4,109.3,92.8,103.24,0.12,10.4,C,0
2025-06-09 22:00:00,2.73,131.3,0.4881,0.8914,0.0615,300.41,289.91,67.5,63.8,81.1,108.2,104.1,107.19,0.14,11.6,A,0
2025-06-09 23:00:00,3.25,118.9,0.5384,0.88,0.0585,333.54,344.07,69.5,49.4,83.4,103.9,108.5,100.67,0.15,13.8,A,0
2025-06-10 00:00:00,3.01,99.4,0.6217,0.88,0.0695,236.21,245.03,67.7,31.7,82.6,114.4,90.3,99.04,0.11,9.8,C,0
2025-06-10 01:00:00,2.93,120.8,0.5081,0.9075,0.0531,289.72,291.14,64.3,56.5,84.3,108.5,96.1,101.91,0.13,11.6,B,0
2025-06-10 02:00:00,4.28,108.9,0.5115,0.9347,0.0527,299.28,289.53,56.7,52.3,83.9,108.1,96.0,98.45,0.14,11.6,C,0
2025-06-10 03:00:00,2.4,105.7,0.5014,0.88,0.0507,250.74,238.3,57.4,48.2,82.7,113.2,96.7,100.2,0.11,9.5,A,0
2025-06-10 04:00:00,4.79,116.5,0.6426,0.8835,0.0637,424.14,400.45,82.3,34.2,74.2,107.7,88.1,102.65,0.19,16.0,A,0
2025-06-10 05:00:00,4.16,98.9,0.4705,0.88,0.0501,314.47,331.45,50.1,48.8,85.5,107.1,101.2,99.78,0.14,13.3,A,0
2025-06-10 06:00:00,4.37,104.8,0.4976,0.88,0.0472,335.02,327.97,56.7,48.1,84.5,109.6,99.5,100.62,0.15,13.1,C,0
2025-06-10 07:00:00,3.13,111.8,0.6171,0.88,0.061,269.14,281.5,75.9,35.9,88.2,109.0,92.6,100.48,0.12,11.3,A,0
2025-06-10 08:00:00,3.38,102.5,0.5118,0.88,0.0453,243.17,259.5,57.3,45.2,80.6,108.7,101.2,100.0,0.11,10.4,B,0
2025-06-10 09:00:00,2.35,120.0,0.591,0.9315,0.0615,257.42,264.93,73.1,47.0,76.5,108.2,87.8,98.01,0.12,10.6,A,0
2025-06-10 10:00:00,3.08,138.0,0.4271,0.88,0.0379,352.91,343.28,63.8,74.2,81.5,109.6,86.5,104.34,0.16,13.7,C,0
2025-06-10 11:00:00,3.89,98.7,0.4836,0.8852,0.0485,340.3,314.97,51.3,47.4,83.4,113.3,96.3,105.41,0.15,12.6,C,0
2025-06-10 12:00:00,4.54,85.0,0.6188,0.9174,0.0644,276.12,272.25,55.3,29.8,80.7,106.8,97.2,104.15,0.13,10.9,C,0
2025-06-10 13:00:00,2.61,80.0,0.4459,0.9073,0.0475,198.43,205.62,37.1,42.9,86.1,111.7,94.2,104.13,0.09,8.2,B,0
2025-06-10 14:00:00,3.21,107.7,0.4879,0.9078,0.0526,301.93,300.87,54.8,52.9,80.0,113.1,100.5,100.05,0.14,12.0,B,0
2025-06-10 15:00:00,3.38,100.1,0.5205,0.9455,0.051,294.14,272.34,52.5,47.5,81.7,108.7,91.7,101.83,0.13,10.9,C,0
2025-06-10 16:00:00,2.38,113.1,0.4209,0.88,0.0445,229.45,229.79,51.0,62.2,81.3,110.8,101.0,98.96,0.1,9.2,A,0
2025-06-10 17:00:00,3.97,112.0,0.4669,0.923,0.0443,320.69,318.09,53.9,58.1,90.3,109.8,98.9,100.9,0.15,12.7,C,0
2025-06-10 18:00:00,2.92,86.0,0.509,0.88,0.041,209.65,211.95,47.9,38.0,79.3,106.6,104.3,101.16,0.1,8.5,B,0
2025-06-10 19:00:00,3.34,82.8,0.5037,0.8913,0.053,213.56,213.22,44.5,38.3,83.8,112.4,86.1,97.14,0.1,8.5,C,0
2025-06-10 20:00:00,3.14,114.4,0.6024,0.88,0.0617,321.65,302.58,75.6,38.8,78.4,110.1,92.6,101.7,0.15,12.1,B,0
2025-06-10 21:00:00,2.87,112.0,0.6233,0.9244,0.0674,268.06,264.75,72.7,39.4,83.0,109.0,90.5,99.71,0.12,10.6,C,0
2025-06-10 22:00:00,3.49,103.6,0.4315,0.88,0.043,281.11,250.5,48.1,55.5,79.1,107.0,98.9,102.1,0.13,10.0,C,0
2025-06-10 23:00:00,3.33,85.1,0.5089,0.8865,0.0429,238.79,235.4,47.0,38.1,85.3,111.0,102.9,100.59,0.11,9.4,B,0
2025-06-11 00:00:00,3.2,117.1,0.5539,0.88,0.0549,297.32,304.76,70.8,46.3,84.7,110.3,93.1,102.34,0.14,12.2,A,0
2025-06-11 01:00:00,2.92,129.1,0.6213,0.9155,0.0666,297.23,296.74,84.3,44.7,82.8,111.2,98.0,103.39,0.14,11.9,B,0
2025-06-11 02:00:00,3.76,114.2,0.5575,0.8842,0.0581,300.8,301.05,69.0,45.2,77.8,111.1,102.2,97.54,0.14,12.0,A,0
2025-06-11 03:00:00,4.82,97.3,0.5233,0.88,0.0516,377.58,331.62,55.4,41.9,81.8,108.4,96.6,100.34,0.17,13.3,C,0
2025-06-11 04:00:00,3.61,110.7,0.5533,0.88,0.047,290.64,281.93,67.3,43.4,81.1,103.2,98.5,99.36,0.13,11.3,B,0
2025-06-11 05:00:00,4.3,89.5,0.5539,0.8959,0.0503,265.0,263.94,53.3,36.2,84.5,109.8,85.1,104.83,0.12,10.6,C,0
2025-06-11 06:00:00,2.39,125.9,0.4258,0.9084,0.045,261.49,267.43,55.5,70.4,79.3,109.6,102.8,106.39,0.12,10.7,C,0
2025-06-11 07:00:00,3.63,111.2,0.5154,0.9377,0.0432,362.79,365.5,58.7,52.5,85.5,110.3,93.5,101.43,0.16,14.6,B,0
2025-06-11 08:00:00,2.62,83.5,0.6167,0.8886,0.0601,188.76,208.11,56.1,27.4,84.9,113.0,108.3,102.51,0.09,8.3,C,0
2025-06-11 09:00:00,2.32,105.5,0.4834,0.9018,0.0485,237.45,235.93,53.8,51.7,77.9,109.9,90.7,96.88,0.11,9.4,C,0
2025-06-11 10:00:00,2.91,116.9,0.5104,0.88,0.0568,272.92,265.46,64.4,52.5,81.3,111.4,97.4,102.21,0.12,10.6,A,0
2025-06-11 11:00:00,4.45,105.0,0.4806,0.9294,0.0511,343.33,352.43,51.3,53.7,81.8,110.8,99.1,100.52,0.16,14.1,A,0
2025-06-11 12:00:00,4.26,105.9,0.3149,0.9014,0.0363,354.09,335.56,34.1,71.8,85.0,107.2,82.5,105.38,0.16,13.4,C,0
2025-06-11 13:00:00,3.69,91.6,0.5016,0.88,0.0517,228.1,223.39,49.8,41.9,79.9,107.4,103.9,100.62,0.1,8.9,A,0
2025-06-11 14:00:00,2.27,118.5,0.5241,0.8823,0.0482,226.59,230.6,67.6,50.9,82.6,112.3,98.7,98.84,0.1,9.2,A,0
2025-06-11 15:00:00,3.34,100.3,0.459,0.88,0.0428,287.51,300.87,49.8,50.4,85.3,108.2,87.5,97.27,0.13,12.0,C,0
2025-06-11 16:00:00,3.74,77.7,0.4076,0.88,0.0361,235.89,231.43,34.2,43.5,82.8,110.7,96.8,101.84,0.11,9.3,B,0
2025-06-11 17:00:00,3.64,104.4,0.4296,0.9338,0.0459,297.44,287.4,45.1,59.3,76.4,108.0,96.8,99.67,0.14,11.5,B,0
2025-06-11 18:00:00,2.02,124.7,0.5611,0.88,0.0526,252.05,244.99,76.7,48.1,80.5,111.5,94.3,104.95,0.11,9.8,C,0
2025-06-11 19:00:00,2.79,104.2,0.6578,0.88,0.0638,229.78,244.65,75.8,28.4,84.7,110.5,92.0,103.2,0.1,9.8,B,0
2025-06-11 20:00:00,3.45,136.1,0.6106,0.88,0.0612,384.6,371.62,91.3,44.8,84.3,109.4,94.7,101.0,0.17,14.9,C,0
2025-06-11 21:00:00,3.93,116.4,0.3925,0.88,0.0475,360.48,360.59,48.2,68.2,75.3,111.3,99.3,103.18,0.16,14.4,A,0
2025-06-11 22:00:00,1.74,115.1,0.5684,0.88,0.0601,211.6,233.94,71.3,43.7,82.6,110.5,99.1,106.53,0.1,9.4,B,0
2025-06-11 23:00:00,3.37,108.1,0.4469,0.8961,0.0408,297.21,273.53,51.3,56.8,84.8,108.6,95.0,97.82,0.14,10.9,A,0
2025-06-12 00:00:00,3.61,109.0,0.4534,0.88,0.0461,330.72,310.44,53.2,55.7,83.6,110.0,96.1,99.39,0.15,12.4,A,0
2025-06-12 01:00:00,4.18,106.0,0.463,0.88,0.0546,308.34,296.41,52.5,53.6,84.0,111.3,94.4,107.12,0.14,11.9,C,0
2025-06-12 02:00:00,4.05,105.5,0.5565,0.8979,0.0587,334.15,325.01,62.6,42.9,88.2,112.2,90.1,99.04,0.15,13.0,B,0
2025-06-12 03:00:00,3.97,118.0,0.5767,0.88,0.0497,394.0,383.37,74.9,43.1,81.9,109.7,94.7,103.29,0.18,15.3,C,1
2025-06-12 04:00:00,2.86,96.0,0.4922,0.9085,0.0446,247.08,244.85,49.7,46.3,82.9,113.6,91.3,104.86,0.11,9.8,C,0
2025-06-12 05:00:00,1.97,93.9,0.4935,0.8801,0.0444,186.45,193.0,50.4,43.4,79.2,108.5,90.0,101.25,0.08,7.7,B,0
2025-06-12 06:00:00,3.19,93.2,0.5371,0.88,0.0609,290.14,298.41,54.2,39.0,80.1,106.9,82.9,103.37,0.13,11.9,A,0
2025-06-12 07:00:00,4.3,140.7,0.5454,0.88,0.0608,431.51,416.8,83.2,57.5,81.0,107.2,93.0,100.42,0.2,16.7,C,0
2025-06-12 08:00:00,4.61,118.0,0.5941,0.8813,0.0563,427.46,409.08,76.9,41.1,84.5,110.0,98.9,106.75,0.19,16.4,A,0
2025-06-12 09:00:00,4.07,114.6,0.3973,0.88,0.0365,328.1,288.96,49.0,65.6,79.8,110.0,101.1,99.97,0.15,11.6,A,0
2025-06-12 10:00:00,3.84,94.1,0.5016,0.88,0.0504,302.32,312.48,51.2,42.9,85.7,110.3,97.2,98.44,0.14,12.5,C,0
2025-06-12 11:00:00,3.8,119.4,0.4146,0.88,0.0418,321.0,315.36,53.1,66.3,78.7,108.7,88.5,103.97,0.15,12.6,C,0
2025-06-12 12:00:00,3.06,108.3,0.4959,0.88,0.0448,276.58,273.19,58.5,49.8,83.9,114.5,94.2,103.43,0.13,10.9,B,0
2025-06-12 13:00:00,3.4,113.2,0.4819,0.922,0.0469,283.74,271.3,56.3,56.9,83.7,113.0,89.2,101.75,0.13,10.9,A,0
2025-06-12 14:00:00,4.84,95.4,0.4963,0.9162,0.0424,381.09,353.67,49.5,45.8,82.8,107.7,104.5,101.4,0.17,14.1,A,0
2025-06-12 15:00:00,2.75,112.4,0.436,0.88,0.05,255.87,247.81,52.3,60.1,85.0,109.8,93.1,99.81,0.12,9.9,C,0
2025-06-12 16:00:00,4.79,103.6,0.381,0.9164,0.0293,316.89,282.45,41.1,62.5,79.8,110.1,92.5,99.1,0.14,11.3,A,0
2025-06-12 17:00:00,3.24,98.5,0.3324,0.88,0.0244,260.96,252.75,35.5,63.0,80.6,111.4,99.6,99.48,0.12,10.1,B,0
2025-06-12 18:00:00,4.56,121.0,0.4895,0.88,0.0511,404.5,356.34,64.0,57.0,79.1,107.0,94.8,102.24,0.18,14.3,A,0
2025-06-12 19:00:00,2.37,86.9,0.4655,0.88,0.0404,196.29,206.34,44.0,42.9,82.0,106.6,100.4,100.68,0.09,8.3,A,0
2025-06-12 20:00:00,3.97,118.5,0.4459,0.9314,0.0421,320.39,296.66,53.8,64.7,81.6,107.6,89.4,96.83,0.15,11.9,B,0
2025-06-12 21:00:00,2.91,120.3,0.6058,0.8813,0.0609,309.55,312.72,79.9,40.4,84.6,113.0,95.4,100.04,0.14,12.5,A,0
2025-06-12 22:00:00,2.37,96.8,0.4312,0.88,0.0465,233.54,221.99,44.7,52.1,83.2,108.7,97.5,100.66,0.11,8.9,A,0
2025-06-12 23:00:00,3.67,97.7,0.6133,0.88,0.0602,240.72,256.84,65.9,31.8,84.1,111.6,81.9,102.83,0.11,10.3,B,0
2025-06-13 00:00:00,4.31,106.7,0.6299,0.8853,0.0719,308.22,312.94,73.2,33.5,81.4,111.2,91.6,102.18,0.14,12.5,C,0
2025-06-13 01:00:00,2.82,114.2,0.3439,0.9038,0.0344,264.93,253.18,40.7,73.6,83.2,109.6,91.9,106.57,0.12,10.1,C,0
2025-06-13 02:00:00,2.3,107.7,0.5074,0.88,0.0567,218.32,224.7,59.0,48.7,87.4,111.7,95.3,98.36,0.1,9.0,C,0
2025-06-13 03:00:00,3.43,116.5,0.468,0.88,0.0482,321.41,301.53,58.8,57.7,78.0,107.5,93.4,102.96,0.15,12.1,C,0
2025-06-13 04:00:00,3.43,136.4,0.2671,0.88,0.0374,407.82,396.68,37.2,99.3,76.5,109.1,96.5,103.2,0.19,15.9,C,0
2025-06-13 05:00:00,3.94,102.4,0.3844,0.9188,0.0437,293.19,311.64,39.9,62.5,83.9,105.6,93.8,102.14,0.13,12.5,A,0
2025-06-13 06:00:00,4.26,84.3,0.562,0.88,0.0564,306.57,315.97,51.7,32.5,79.5,110.2,100.7,100.41,0.14,12.6,A,0
2025-06-13 07:00:00,3.45,122.4,0.6615,0.88,0.0693,282.46,271.83,89.4,33.0,77.9,108.4,105.6,99.25,0.13,10.9,B,0
2025-06-13 08:00:00,4.98,135.2,0.5722,0.9182,0.0559,473.14,444.47,81.0,54.3,83.6,114.4,87.5,101.18,0.22,17.8,A,0
2025-06-13 09:00:00,3.68,115.9,0.5259,0.9021,0.0512,305.03,319.01,64.6,51.2,79.0,110.1,95.1,95.94,0.14,12.8,A,0
2025-06-13 10:00:00,3.22,93.7,0.4983,0.88,0.0433,257.25,264.39,50.9,42.7,86.6,111.6,100.4,98.53,0.12,10.6,B,0
2025-06-13 11:00:00,2.21,108.1,0.6346,0.88,0.0594,193.11,212.43,75.8,32.3,82.5,111.3,91.5,98.38,0.09,8.5,B,0
2025-06-13 12:00:00,3.29,93.2,0.6719,0.8993,0.0775,224.25,236.82,67.4,25.8,81.4,109.8,96.4,102.81,0.1,9.5,A,0
2025-06-13 13:00:00,3.23,119.6,0.4531,0.88,0.0393,315.13,308.88,58.9,60.8,79.5,112.0,93.1,103.18,0.14,12.4,B,0
2025-06-13 14:00:00,4.27,89.7,0.34,0.88,0.0307,271.47,269.95,32.7,57.1,82.6,110.1,90.0,98.08,0.12,10.8,C,0
2025-06-13 15:00:00,3.87,105.5,0.3321,0.88,0.0327,298.59,278.43,37.3,68.2,77.2,111.0,89.9,97.38,0.14,11.1,B,0
2025-06-13 16:00:00,2.56,94.9,0.6058,0.9117,0.0603,249.82,244.21,60.8,34.1,74.6,114.7,82.6,96.91,0.11,9.8,A,0
2025-06-13 17:00:00,3.64,111.9,0.4962,0.8889,0.0515,313.06,294.1,59.4,52.5,77.3,110.4,95.8,104.23,0.14,11.8,C,0
2025-06-13 18:00:00,4.04,104.5,0.5147,0.88,0.0491,336.94,321.36,58.6,46.0,85.4,108.9,96.2,104.05,0.15,12.9,C,0
2025-06-13 19:00:00,4.72,112.7,0.3567,0.8925,0.0379,347.85,337.14,42.0,70.6,79.2,108.6,90.2,103.25,0.16,13.5,A,0
2025-06-13 20:00:00,4.21,110.3,0.4397,0.8953,0.0497,298.87,292.67,50.9,59.4,77.7,109.8,93.6,105.81,0.14,11.7,C,0
2025-06-13 21:00:00,4.11,95.2,0.4764,0.8904,0.054,291.21,290.2,48.1,47.1,81.7,110.2,87.8,106.63,0.13,11.6,B,0
2025-06-13 22:00:00,3.55,119.4,0.5166,0.88,0.0503,281.06,286.83,67.1,52.3,88.7,110.1,97.7,98.32,0.13,11.5,B,0
2025-06-13 23:00:00,3.81,109.3,0.4681,0.88,0.0499,294.47,285.09,55.1,54.2,85.3,106.8,93.0,100.12,0.13,11.4,A,1
2025-06-14 00:00:00,4.5,95.2,0.417,0.88,0.036,317.93,320.21,43.0,52.2,79.6,105.5,98.9,103.64,0.14,12.8,C,0
2025-06-14 01:00:00,2.43,143.6,0.4372,0.88,0.0401,293.83,303.96,67.9,75.7,79.5,108.1,93.4,93.02,0.13,12.2,A,0
2025-06-14 02:00:00,3.22,117.1,0.5967,0.891,0.0538,305.47,305.04,76.0,41.2,79.6,110.1,90.1,100.55,0.14,12.2,B,0
2025-06-14 03:00:00,2.88,107.7,0.5196,0.88,0.0517,271.59,264.57,60.8,46.9,79.3,110.1,92.3,104.19,0.12,10.6,A,0
2025-06-14 04:00:00,3.8,131.2,0.549,0.88,0.0506,327.48,331.53,78.9,52.4,83.6,110.9,102.5,100.25,0.15,13.3,A,0
2025-06-14 05:00:00,4.48,137.6,0.4281,0.9014,0.0352,391.84,381.1,62.4,75.2,81.0,110.7,105.5,103.5,0.18,15.2,C,0
2025-06-14 06:00:00,3.02,107.8,0.2637,0.882,0.0244,219.61,232.44,30.1,77.7,78.7,109.0,87.5,95.3,0.1,9.3,A,0
2025-06-14 07:00:00,1.59,115.2,0.4582,0.88,0.0372,193.55,217.14,57.5,57.7,78.0,108.0,99.5,102.15,0.09,8.7,B,0
2025-06-14 08:00:00,3.17,95.2,0.4307,0.9461,0.0497,263.08,271.55,40.5,54.7,88.9,111.0,89.5,99.92,0.12,10.9,B,0
2025-06-14 09:00:00,4.23,107.8,0.5279,0.88,0.05,373.96,382.89,62.1,45.7,84.2,110.5,91.2,100.62,0.17,15.3,C,0
2025-06-14 10:00:00,3.93,107.0,0.7629,0.9297,0.08,318.82,308.98,86.0,21.0,79.4,107.8,96.0,98.46,0.14,12.4,C,0
2025-06-14 11:00:00,3.84,112.8,0.5556,0.88,0.0531,360.55,339.86,68.5,44.2,85.6,111.2,97.4,106.1,0.16,13.6,C,0
2025-06-14 12:00:00,3.28,115.0,0.7189,0.9177,0.0659,305.29,314.4,88.2,26.8,78.5,111.9,91.4,101.51,0.14,12.6,A,0
2025-06-14 13:00:00,2.48,118.4,0.5455,0.9032,0.0604,258.03,248.52,68.1,50.2,81.6,111.6,98.1,101.74,0.12,9.9,B,0
2025-06-14 14:00:00,3.91,113.6,0.4496,0.88,0.0454,311.88,330.13,55.0,58.6,81.3,111.9,100.9,107.48,0.14,13.2,C,0
2025-06-14 15:00:00,2.83,91.8,0.5278,0.88,0.0622,184.01,206.59,52.3,39.5,82.5,108.5,98.6,98.53,0.08,8.3,A,1
2025-06-14 16:00:00,5.25,95.9,0.6425,0.9042,0.0619,386.28,369.78,66.1,29.8,79.2,111.7,90.2,101.72,0.18,14.8,B,0
2025-06-14 17:00:00,3.96,101.8,0.6464,0.88,0.0624,300.95,311.17,72.7,29.1,82.4,109.7,92.8,99.26,0.14,12.4,B,0
2025-06-14 18:00:00,3.04,105.8,0.454,0.933,0.0504,293.04,297.33,48.4,57.4,76.8,114.1,99.4,99.11,0.13,11.9,C,0
2025-06-14 19:00:00,3.01,125.8,0.5203,0.9026,0.0571,278.26,261.26,68.9,56.9,80.9,111.8,102.8,102.22,0.13,10.5,B,0
2025-06-14 20:00:00,3.43,92.6,0.3857,0.9239,0.0393,304.55,288.31,36.2,56.3,86.0,110.9,88.6,100.45,0.14,11.5,A,0
2025-06-14 21:00:00,3.31,104.6,0.566,0.88,0.0733,269.8,272.61,63.9,40.7,85.1,113.4,96.5,107.23,0.12,10.9,C,0
2025-06-14 22:00:00,4.39,124.3,0.6243,0.9075,0.061,361.99,350.15,82.7,41.6,79.9,109.0,98.7,106.65,0.16,14.0,A,0
2025-06-14 23:00:00,3.65,105.5,0.5032,0.9108,0.044,289.98,302.61,55.9,49.6,77.4,111.1,88.0,100.81,0.13,12.1,B,0
2025-06-15 00:00:00,2.91,116.9,0.4466,0.8846,0.0396,282.73,283.95,56.3,60.6,75.5,114.5,100.1,96.68,0.13,11.4,A,0
2025-06-15 01:00:00,5.01,107.9,0.5288,0.9038,0.0515,372.12,336.24,60.4,47.5,83.9,111.6,105.6,100.43,0.17,13.4,C,0
2025-06-15 02:00:00,3.54,113.9,0.5334,0.88,0.0609,295.1,283.99,65.7,48.2,82.8,110.3,98.3,104.44,0.13,11.4,B,0
2025-06-15 03:00:00,4.12,106.6,0.5065,0.88,0.0497,273.41,281.03,58.6,47.9,83.2,109.5,97.8,98.64,0.12,11.2,A,0
2025-06-15 04:00:00,3.01,120.0,0.5143,0.8897,0.0593,271.45,249.7,65.8,54.3,87.1,108.1,91.2,106.11,0.12,10.0,B,0
2025-06-15 05:00:00,3.79,86.8,0.4861,0.913,0.0508,280.31,261.45,43.8,43.0,82.5,109.4,92.5,103.04,0.13,10.5,B,0
2025-06-15 06:00:00,3.75,104.6,0.5797,0.88,0.0634,276.41,270.57,66.1,38.5,82.7,108.4,91.8,97.79,0.13,10.8,C,0
2025-06-15 07:00:00,1.99,114.4,0.5589,0.8888,0.0578,191.64,210.44,69.0,45.4,77.8,109.5,90.6,99.32,0.09,8.4,A,0
2025-06-15 08:00:00,5.11,118.0,0.4214,0.88,0.044,372.57,353.25,53.3,64.7,86.9,109.8,93.8,99.74,0.17,14.1,A,0
2025-06-15 09:00:00,4.53,132.4,0.4192,0.88,0.0457,412.99,399.13,59.3,73.1,81.5,112.0,96.5,98.88,0.19,16.0,B,0
2025-06-15 10:00:00,3.18,104.1,0.4797,0.9171,0.0451,251.23,253.59,51.9,52.2,79.5,109.2,90.7,97.86,0.11,10.1,B,0
2025-06-15 11:00:00,2.62,132.2,0.5589,0.8816,0.0531,282.46,278.4,80.7,51.5,82.6,108.8,93.3,99.57,0.13,11.1,C,0
2025-06-15 12:00:00,3.78,100.1,0.5118,0.902,0.0529,270.08,262.06,54.1,46.0,88.0,111.8,96.6,100.16,0.12,10.5,C,0
2025-06-15 13:00:00,3.57,129.9,0.4485,0.8963,0.0546,376.82,373.75,60.8,69.1,88.4,111.4,84.4,105.2,0.17,14.9,A,0
2025-06-15 14:00:00,3.78,122.3,0.5209,0.8811,0.0444,356.84,324.29,69.6,52.6,79.1,109.5,99.7,102.62,0.16,13.0,B,1
2025-06-15 15:00:00,3.65,96.3,0.4735,0.9025,0.0372,323.74,311.97,48.6,47.7,85.5,111.2,96.1,102.79,0.15,12.5,B,0
2025-06-15 16:00:00,3.9,114.6,0.5704,0.8862,0.0557,320.34,327.89,71.0,43.6,83.0,109.5,96.1,102.35,0.15,13.1,A,0
2025-06-15 17:00:00,4.66,109.2,0.5266,0.9341,0.0578,350.2,326.3,58.4,50.8,85.0,109.6,100.8,98.91,0.16,13.1,C,1
2025-06-15 18:00:00,3.95,119.4,0.4748,0.928,0.0477,380.74,338.45,57.9,61.5,82.8,113.1,99.7,104.74,0.17,13.5,A,0
2025-06-15 19:00:00,2.66,106.7,0.5185,0.8815,0.046,252.82,232.15,60.3,46.3,83.8,109.7,98.0,100.0,0.11,9.3,C,0
2025-06-15 20:00:00,4.59,105.4,0.6052,0.8991,0.0609,316.84,318.28,68.4,37.0,86.0,109.2,96.4,100.29,0.14,12.7,B,0
2025-06-15 21:00:00,4.81,130.5,0.4544,0.88,0.0368,450.48,436.95,64.7,65.9,76.8,110.0,95.0,102.44,0.2,17.5,C,0
2025-06-15 22:00:00,6.0,108.5,0.5322,0.88,0.0564,444.88,411.64,62.7,45.8,83.1,106.1,92.1,108.8,0.2,16.5,C,0
2025-06-15 23:00:00,2.6,122.4,0.4944,0.88,0.0479,230.85,223.76,65.7,56.7,78.5,109.7,90.2,99.6,0.1,9.0,A,0
2025-06-16 00:00:00,3.69,106.6,0.5342,0.88,0.053,283.95,279.6,62.0,44.6,80.6,110.5,96.9,96.41,0.13,11.2,B,0
2025-06-16 01:00:00,1.83,135.0,0.4476,0.88,0.0469,244.96,260.48,64.9,70.1,82.0,114.0,97.0,102.17,0.11,10.4,B,0
2025-06-16 02:00:00,3.94,99.8,0.5088,0.8969,0.0519,332.37,304.59,54.0,45.8,79.0,110.2,95.7,103.35,0.15,12.2,A,0
2025-06-16 03:00:00,3.06,100.8,0.5886,0.88,0.0562,268.96,280.71,65.1,35.6,80.3,110.9,88.3,100.0,0.12,11.2,B,1
2025-06-16 04:00:00,5.04,132.9,0.425,0.9133,0.0477,428.55,373.39,57.9,74.9,77.8,110.7,81.7,99.52,0.19,14.9,A,0
2025-06-16 05:00:00,2.88,103.3,0.3936,0.88,0.0433,236.27,229.41,43.3,60.1,80.2,114.5,95.3,97.49,0.11,9.2,A,0
2025-06-16 06:00:00,2.15,134.0,0.3967,0.9236,0.0308,277.82,277.43,54.9,79.1,83.5,112.0,85.8,102.31,0.13,11.1,A,0
2025-06-16 07:00:00,3.12,123.4,0.4063,0.9181,0.0395,242.63,256.01,51.5,71.9,84.6,107.1,96.6,107.13,0.11,10.2,A,0
2025-06-16 08:00:00,1.92,107.7,0.5476,0.9041,0.0494,194.5,217.49,62.8,44.9,79.7,112.5,104.7,106.44,0.09,8.7,B,0
2025-06-16 09:00:00,4.1,82.8,0.3875,0.9047,0.0324,290.94,299.56,33.7,49.1,86.0,108.1,96.7,102.2,0.13,12.0,B,0
2025-06-16 10:00:00,1.85,109.7,0.4762,0.88,0.0503,210.86,233.14,56.3,53.4,83.7,108.7,92.8,100.05,0.1,9.3,A,0
2025-06-16 11:00:00,3.52,111.5,0.5495,0.9295,0.0529,283.07,282.8,63.2,48.3,86.3,107.4,89.8,102.45,0.13,11.3,B,0
2025-06-16 12:00:00,1.84,127.5,0.5333,0.8963,0.0526,209.17,212.27,72.6,54.9,76.7,113.6,92.1,100.33,0.1,8.5,B,0
2025-06-16 13:00:00,3.24,133.8,0.4692,0.8902,0.0436,357.81,362.14,67.3,66.6,82.9,112.4,94.8,99.38,0.16,14.5,A,0
2025-06-16 14:00:00,4.81,99.7,0.5153,0.9157,0.0534,342.19,350.69,53.4,46.3,83.8,112.5,100.4,101.79,0.16,14.0,C,0
2025-06-16 15:00:00,3.79,122.0,0.5086,0.8913,0.0542,335.75,338.67,66.2,55.8,76.8,112.1,95.7,105.13,0.15,13.5,C,0
2025-06-16 16:00:00,2.81,121.5,0.4821,0.88,0.0591,290.03,294.07,62.6,58.9,89.2,111.4,93.5,100.73,0.13,11.8,C,0
2025-06-16 17:00:00,3.48,126.1,0.4831,0.88,0.0474,336.8,346.2,66.0,60.1,80.1,109.4,98.4,100.7,0.15,13.8,A,0
2025-06-16 18:00:00,3.51,117.5,0.6788,0.9668,0.0606,317.51,314.5,80.1,37.3,83.6,110.4,102.4,100.51,0.14,12.6,B,0
2025-06-16 19:00:00,3.88,80.9,0.5647,0.932,0.054,221.11,227.75,47.0,33.8,84.8,109.0,96.6,103.68,0.1,9.1,A,0
2025-06-16 20:00:00,2.41,107.7,0.6985,0.88,0.0741,214.56,229.0,83.4,24.3,82.3,108.3,96.0,103.86,0.1,9.2,C,0
2025-06-16 21:00:00,3.97,92.7,0.4602,0.8802,0.0422,297.7,299.09,46.2,46.4,86.2,108.7,86.7,98.07,0.14,12.0,B,0
2025-06-16 22:00:00,1.5,107.0,0.4932,0.9057,0.0419,191.18,209.69,55.9,51.1,88.0,114.7,88.2,100.77,0.09,8.4,C,0
2025-06-16 23:00:00,3.0,124.7,0.3934,0.8991,0.0356,308.68,300.64,51.7,73.0,78.7,109.2,87.6,104.62,0.14,12.0,C,0
2025-06-17 00:00:00,3.11,114.6,0.4352,0.917,0.0409,271.61,281.37,51.6,63.0,82.3,112.0,94.0,100.3,0.12,11.3,A,0
2025-06-17 01:00:00,4.01,127.2,0.6522,0.9164,0.0598,392.85,388.24,88.0,39.3,84.7,114.2,90.8,105.48,0.18,15.5,A,0
2025-06-17 02:00:00,3.52,115.1,0.4582,0.88,0.0469,300.43,298.09,56.8,58.3,77.1,111.6,92.5,103.36,0.14,11.9,A,0
2025-06-17 03:00:00,2.38,90.5,0.6535,0.9036,0.065,222.67,222.17,63.5,27.0,85.2,108.4,90.8,106.57,0.1,8.9,B,0
2025-06-17 04:00:00,2.71,72.2,0.4005,0.8902,0.044,173.97,197.05,30.4,41.8,87.1,108.5,91.2,100.37,0.08,7.9,B,0
2025-06-17 05:00:00,3.66,112.2,0.4157,0.88,0.0393,297.71,277.75,50.2,62.0,85.9,110.2,85.7,103.41,0.14,11.1,C,0
2025-06-17 06:00:00,3.44,106.8,0.4727,0.8833,0.0501,283.31,269.29,54.2,52.6,83.3,114.5,96.1,103.5,0.13,10.8,A,0
2025-06-17 07:00:00,3.04,95.3,0.4949,0.9149,0.047,258.75,261.78,49.2,46.1,86.6,112.8,98.5,104.53,0.12,10.5,B,0
2025-06-17 08:00:00,3.12,84.5,0.5738,0.8865,0.0517,223.24,205.96,52.8,31.6,83.1,111.1,95.3,102.36,0.1,8.2,A,0
2025-06-17 09:00:00,4.06,99.0,0.5361,0.8852,0.0509,301.21,315.78,57.6,41.4,78.0,109.6,96.8,104.64,0.14,12.6,B,0
2025-06-17 10:00:00,3.09,107.1,0.4667,0.88,0.0386,260.2,261.33,54.5,52.6,80.4,110.8,97.3,99.41,0.12,10.5,C,0
2025-06-17 11:00:00,3.43,120.0,0.4893,0.88,0.0579,322.87,335.56,63.0,57.0,81.2,110.4,97.1,101.13,0.15,13.4,C,0
2025-06-17 12:00:00,5.24,112.8,0.4745,0.9102,0.0482,399.31,410.03,55.8,57.0,81.8,110.4,99.2,96.84,0.18,16.4,C,0
2025-06-17 13:00:00,2.36,134.1,0.4268,0.88,0.0387,257.72,257.36,61.9,72.2,81.7,108.2,101.0,100.49,0.12,10.3,C,0
2025-06-17 14:00:00,2.02,94.5,0.429,0.8935,0.041,194.39,216.37,43.0,51.5,81.0,108.2,102.9,98.75,0.09,8.7,C,0
2025-06-17 15:00:00,4.13,123.2,0.5822,0.8986,0.046,370.62,338.33,77.5,45.7,82.7,110.7,85.4,102.29,0.17,13.5,C,0
2025-06-17 16:00:00,2.96,110.7,0.3537,0.88,0.0425,320.51,318.34,41.1,69.6,86.5,107.7,97.3,104.26,0.15,12.7,A,0
2025-06-17 17:00:00,3.25,120.4,0.6294,0.9386,0.0696,290.0,280.66,77.6,42.8,82.6,108.7,88.9,102.99,0.13,11.2,A,0
2025-06-17 18:00:00,2.88,103.5,0.4726,0.8874,0.0478,233.62,245.49,52.3,51.1,83.9,110.1,102.0,103.64,0.11,9.8,B,0
2025-06-17 19:00:00,3.29,126.1,0.4382,0.88,0.0454,328.12,331.21,59.3,66.7,75.4,110.7,95.3,101.59,0.15,13.2,A,0
2025-06-17 20:00:00,4.78,114.4,0.5592,0.9093,0.0496,347.8,333.27,67.8,46.6,82.4,112.2,96.4,100.88,0.16,13.3,C,0
2025-06-17 21:00:00,4.14,99.8,0.6188,0.8983,0.0559,279.06,283.66,66.7,33.1,85.3,107.5,95.6,97.78,0.13,11.3,C,1
2025-06-17 22:00:00,4.19,109.8,0.5894,0.88,0.0505,294.02,301.72,71.3,38.5,85.7,107.5,96.1,95.53,0.13,12.1,A,0
2025-06-17 23:00:00,2.37,106.4,0.5401,0.8862,0.0532,215.26,224.69,62.2,44.2,85.4,112.6,103.2,96.78,0.1,9.0,C,0
2025-06-18 00:00:00,2.58,117.3,0.5869,0.8975,0.064,244.23,273.95,73.6,43.7,82.9,113.4,101.2,99.31,0.11,11.0,B,0
2025-06-18 01:00:00,1.5,92.3,0.3627,0.88,0.0344,150.57,167.11,35.8,56.5,83.2,107.9,103.0,104.04,0.07,6.7,A,0
2025-06-18 02:00:00,2.85,109.6,0.4583,0.8978,0.0476,255.76,275.39,52.9,56.6,80.0,108.3,94.0,97.61,0.12,11.0,A,0
2025-06-18 03:00:00,4.27,115.9,0.4271,0.8816,0.0476,282.99,294.32,52.8,63.2,84.5,111.1,84.4,98.83,0.13,11.8,B,1
2025-06-18 04:00:00,3.91,110.5,0.598,0.88,0.0517,334.81,298.12,72.9,37.6,80.0,110.1,98.7,99.89,0.15,11.9,A,0
2025-06-18 05:00:00,3.32,130.2,0.4693,0.8839,0.0562,315.75,328.43,65.0,65.2,84.0,110.1,89.4,105.16,0.14,13.1,A,0
2025-06-18 06:00:00,3.48,121.6,0.5676,0.88,0.0625,311.37,318.88,75.1,46.5,82.1,108.4,93.2,101.19,0.14,12.8,A,0
2025-06-18 07:00:00,2.95,109.9,0.5429,0.88,0.0569,279.7,279.1,64.9,45.0,82.0,111.4,94.7,101.7,0.13,11.2,B,0
2025-06-18 08:00:00,3.66,113.3,0.431,0.9272,0.0477,323.91,320.4,49.4,63.9,85.0,109.5,95.0,102.53,0.15,12.8,A,0
2025-06-18 09:00:00,4.11,114.4,0.453,0.9028,0.0502,324.11,322.28,54.1,60.4,83.7,109.5,98.2,105.48,0.15,12.9,C,0
2025-06-18 10:00:00,2.21,116.0,0.6035,0.8887,0.0618,244.51,262.13,76.0,40.0,82.8,107.7,90.4,101.55,0.11,10.5,B,0
2025-06-18 11:00:00,3.74,82.6,0.438,0.8822,0.0509,276.11,269.85,38.5,44.1,80.5,111.6,98.1,96.0,0.13,10.8,B,0
2025-06-18 12:00:00,4.25,105.5,0.51,0.9033,0.0487,298.66,313.99,56.9,48.5,86.8,109.3,94.0,101.68,0.14,12.6,C,0
2025-06-18 13:00:00,3.17,87.7,0.4374,0.88,0.046,246.61,238.26,41.2,46.6,83.0,109.9,108.0,105.62,0.11,9.5,C,0
2025-06-18 14:00:00,4.06,129.2,0.4749,0.88,0.0541,340.47,303.93,65.8,63.4,84.2,112.4,87.0,103.22,0.15,12.2,C,0
2025-06-18 15:00:00,5.75,109.1,0.4963,0.9092,0.0362,461.55,443.96,57.5,51.6,82.2,107.9,95.6,101.95,0.21,17.8,C,0
2025-06-18 16:00:00,3.42,107.1,0.4374,0.88,0.0459,269.67,283.65,50.3,56.8,79.9,109.8,98.1,102.36,0.12,11.3,A,0
2025-06-18 17:00:00,3.81,123.5,0.4232,0.88,0.0459,324.9,313.68,55.8,67.6,83.1,106.9,92.9,95.79,0.15,12.5,B,0
2025-06-18 18:00:00,2.91,116.3,0.5229,0.9268,0.0437,303.54,268.8,63.1,53.2,80.2,109.0,92.1,95.37,0.14,10.8,C,0
2025-06-18 19:00:00,3.65,93.1,0.4324,0.88,0.0447,281.75,261.64,43.2,49.9,83.3,112.6,101.6,103.98,0.13,10.5,A,0
2025-06-18 20:00:00,3.87,108.9,0.4351,0.88,0.0395,297.16,298.09,51.3,57.7,72.2,106.9,99.2,105.16,0.14,11.9,A,0
2025-06-18 21:00:00,3.66,105.0,0.4249,0.9024,0.0445,297.48,292.73,46.5,58.4,80.8,110.5,91.0,99.41,0.14,11.7,A,0
2025-06-18 22:00:00,2.68,83.8,0.4938,0.9114,0.0489,193.47,215.01,43.2,40.6,82.0,113.2,87.6,101.88,0.09,8.6,B,0
2025-06-18 23:00:00,3.67,99.6,0.5755,0.8895,0.0528,245.41,249.36,62.2,37.4,79.1,111.1,97.9,103.16,0.11,10.0,A,0
2025-06-19 00:00:00,4.67,107.2,0.6205,0.8915,0.0676,359.79,334.49,72.0,35.3,83.1,108.8,96.6,106.28,0.16,13.4,C,0
2025-06-19 01:00:00,3.86,108.3,0.4419,0.8823,0.0421,303.68,302.11,51.5,56.7,80.7,107.8,97.9,101.06,0.14,12.1,C,0
2025-06-19 02:00:00,4.27,87.8,0.672,0.8968,0.0686,259.37,271.66,63.9,23.8,82.0,106.1,94.3,103.51,0.12,10.9,C,0
2025-06-19 03:00:00,3.31,127.3,0.4196,0.8995,0.0485,360.09,366.76,55.5,71.8,80.3,113.1,99.3,107.28,0.16,14.7,C,0
2025-06-19 04:00:00,4.1,108.5,0.5867,0.958,0.0541,301.36,294.74,63.9,44.6,84.9,109.2,103.0,100.46,0.14,11.8,A,0
2025-06-19 05:00:00,3.72,110.6,0.4423,0.88,0.0443,314.88,308.55,52.7,57.9,83.6,106.4,102.7,101.49,0.14,12.3,B,0
2025-06-19 06:00:00,2.74,116.0,0.4303,0.9143,0.0406,290.32,296.39,51.7,64.3,82.9,108.0,90.9,97.98,0.13,11.9,C,0
2025-06-19 07:00:00,3.75,98.2,0.4404,0.9192,0.0427,277.43,266.99,44.6,53.6,82.2,107.8,107.5,98.13,0.13,10.7,B,0
2025-06-19 08:00:00,2.71,116.8,0.4958,0.887,0.0604,250.65,260.9,61.6,55.3,89.6,109.0,98.3,103.93,0.11,10.4,C,0
2025-06-19 09:00:00,2.99,104.5,0.5464,0.88,0.0569,264.87,262.53,62.1,42.4,81.5,114.8,87.9,104.88,0.12,10.5,B,0
2025-06-19 10:00:00,3.65,96.6,0.5536,0.9196,0.0569,284.79,281.15,55.6,41.0,79.9,111.8,97.2,104.79,0.13,11.2,C,0
2025-06-19 11:00:00,3.74,118.6,0.4245,0.88,0.0451,355.58,342.29,53.9,64.7,78.5,111.0,96.1,98.2,0.16,13.7,C,0
2025-06-19 12:00:00,2.55,132.4,0.4208,0.88,0.0442,328.82,321.31,59.6,72.7,84.7,112.4,94.4,100.68,0.15,12.9,C,0
2025-06-19 13:00:00,4.34,120.9,0.4267,0.9379,0.0335,358.16,373.56,52.5,68.3,86.9,113.7,94.0,102.74,0.16,14.9,A,0
2025-06-19 14:00:00,3.96,123.8,0.4911,0.88,0.0606,363.0,341.31,65.1,58.8,79.5,111.1,98.5,94.47,0.16,13.7,B,0
2025-06-19 15:00:00,2.94,102.2,0.4832,0.9278,0.041,225.59,227.75,51.0,51.2,81.1,112.9,98.5,102.67,0.1,9.1,C,0
2025-06-19 16:00:00,2.27,86.0,0.424,0.88,0.0511,200.04,222.33,38.7,47.3,80.9,108.7,92.1,106.94,0.09,8.9,C,0
2025-06-19 17:00:00,3.38,132.4,0.5216,0.88,0.0552,345.45,340.16,74.8,57.5,81.6,108.3,92.3,104.71,0.16,13.6,B,0
2025-06-19 18:00:00,3.14,140.8,0.681,0.88,0.069,336.51,337.01,106.3,34.6,76.7,107.9,92.1,94.07,0.15,13.5,A,0
2025-06-19 19:00:00,3.59,133.1,0.4596,0.9056,0.0444,336.71,311.46,64.2,69.0,84.4,110.6,94.1,102.49,0.15,12.5,A,0
2025-06-19 20:00:00,3.21,105.0,0.4653,0.8878,0.0596,263.22,266.5,51.4,53.5,85.6,104.7,99.4,101.95,0.12,10.7,A,0
2025-06-19 21:00:00,1.89,92.7,0.5448,0.88,0.0575,187.28,205.64,54.9,37.8,76.3,112.6,101.0,102.11,0.09,8.2,B,0
2025-06-19 22:00:00,3.19,94.0,0.4553,0.9257,0.0456,227.9,227.19,43.8,50.3,87.3,109.0,93.9,101.62,0.1,9.1,A,0
2025-06-19 23:00:00,3.26,84.7,0.5535,0.9306,0.0527,224.78,237.06,48.3,36.4,86.9,111.7,100.5,100.32,0.1,9.5,C,0
2025-06-20 00:00:00,4.01,108.4,0.4425,0.88,0.041,321.8,310.74,51.9,56.5,72.8,107.2,97.2,94.32,0.15,12.4,B,0
2025-06-20 01:00:00,2.94,134.1,0.6466,0.88,0.0649,273.56,265.02,95.7,38.4,75.5,112.2,95.7,102.23,0.12,10.6,B,0
2025-06-20 02:00:00,4.84,107.9,0.5276,0.88,0.0481,332.02,336.52,62.2,45.7,81.6,112.8,104.3,103.18,0.15,13.5,C,0
2025-06-20 03:00:00,1.97,114.5,0.4504,0.8879,0.0484,208.9,227.66,54.8,59.7,85.9,110.2,96.6,99.63,0.09,9.1,B,0
2025-06-20 04:00:00,4.55,130.6,0.4529,0.9047,0.0421,469.28,441.45,62.2,68.4,82.9,111.1,94.3,105.08,0.21,17.7,B,0
2025-06-20 05:00:00,3.32,103.9,0.4589,0.8867,0.0509,255.88,262.4,50.7,53.2,82.1,107.9,99.2,96.38,0.12,10.5,B,0
2025-06-20 06:00:00,4.19,140.5,0.6098,0.8871,0.0659,412.49,413.83,93.1,47.5,83.7,110.1,88.8,96.12,0.19,16.6,B,0
2025-06-20 07:00:00,3.56,139.9,0.3985,0.88,0.0396,335.98,319.94,59.7,80.1,79.6,111.9,93.9,101.55,0.15,12.8,C,0
2025-06-20 08:00:00,4.41,108.0,0.4466,0.8829,0.0476,319.62,316.41,51.6,56.4,85.8,109.4,96.3,99.25,0.15,12.7,C,0
2025-06-20 09:00:00,3.19,101.3,0.4551,0.908,0.0487,231.71,233.15,47.9,53.4,81.7,113.1,98.6,104.22,0.11,9.3,C,0
2025-06-20 10:00:00,2.62,120.5,0.4987,0.88,0.0426,282.72,268.07,65.6,54.8,77.1,106.4,96.2,100.02,0.13,10.7,B,0
2025-06-20 11:00:00,4.64,104.8,0.4783,0.88,0.0565,306.17,295.11,53.7,51.1,79.6,109.3,88.6,105.37,0.14,11.8,C,0
2025-06-20 12:00:00,3.41,92.7,0.3807,0.88,0.0368,272.79,258.83,37.8,54.9,83.1,106.2,90.6,99.13,0.12,10.4,A,0
2025-06-20 13:00:00,3.68,129.2,0.468,0.88,0.0503,366.33,358.01,65.1,64.2,81.1,110.6,92.8,101.73,0.17,14.3,C,0
2025-06-20 14:00:00,4.49,128.2,0.492,0.88,0.0528,399.24,366.25,68.1,60.2,80.8,109.6,96.2,95.35,0.18,14.7,A,0
2025-06-20 15:00:00,2.67,112.3,0.4498,0.8905,0.0325,275.78,258.04,54.6,57.7,82.6,109.6,88.5,101.14,0.13,10.3,C,0
2025-06-20 16:00:00,3.98,91.1,0.5549,0.8969,0.0522,346.88,345.79,54.2,36.9,83.1,111.5,102.0,101.52,0.16,13.8,B,0
2025-06-20 17:00:00,3.03,91.6,0.5736,0.9257,0.0616,243.21,253.73,54.2,37.3,78.3,109.4,96.6,104.93,0.11,10.1,B,0
2025-06-20 18:00:00,3.39,111.6,0.4937,0.8807,0.0497,267.75,263.83,59.6,52.0,85.7,115.6,96.4,96.77,0.12,10.6,C,0
2025-06-20 19:00:00,3.56,102.5,0.5184,0.88,0.0553,318.38,320.13,57.6,44.9,81.6,111.6,94.1,100.45,0.14,12.8,C,0
2025-06-20 20:00:00,2.3,104.9,0.3271,0.88,0.0332,226.27,224.58,36.4,68.5,83.3,110.1,87.8,105.66,0.1,9.0,B,0
2025-06-20 21:00:00,2.88,125.3,0.4663,0.88,0.0528,344.24,327.15,62.7,62.7,82.3,108.7,95.5,106.06,0.16,13.1,A,0
2025-06-20 22:00:00,4.58,121.0,0.5804,0.88,0.0586,370.55,361.38,76.9,44.1,80.8,108.2,98.7,98.8,0.17,14.5,C,0
2025-06-20 23:00:00,4.21,130.7,0.4661,0.8988,0.0537,433.96,427.93,63.8,66.9,84.7,110.9,94.2,99.24,0.2,17.1,C,0
2025-06-21 00:00:00,3.45,95.1,0.441,0.8964,0.0392,261.68,258.17,44.6,50.5,82.2,108.9,100.3,96.2,0.12,10.3,C,0
2025-06-21 01:00:00,3.69,104.9,0.6822,0.9007,0.0676,361.5,338.12,77.4,27.5,82.2,112.0,94.7,94.93,0.16,13.5,A,0
2025-06-21 02:00:00,3.26,121.4,0.6455,0.88,0.0616,301.54,308.9,86.6,34.8,74.5,109.8,98.5,100.13,0.14,12.4,B,0
2025-06-21 03:00:00,4.59,116.7,0.5374,0.9157,0.0557,473.8,455.07,65.4,51.3,84.5,109.8,94.4,99.36,0.22,18.2,C,0
2025-06-21 04:00:00,3.34,133.0,0.5911,0.9006,0.0577,351.25,340.78,84.2,48.8,81.5,110.2,96.9,107.48,0.16,13.6,A,0
2025-06-21 05:00:00,3.69,116.3,0.3219,0.8892,0.031,345.56,351.07,39.4,76.9,84.3,109.7,99.3,102.34,0.16,14.0,B,0
2025-06-21 06:00:00,4.42,137.7,0.437,0.8844,0.0402,486.43,493.72,64.7,73.0,86.9,110.6,89.6,100.67,0.22,19.7,A,0
2025-06-21 07:00:00,2.88,118.1,0.4624,0.8889,0.0439,260.96,265.88,58.5,59.6,84.5,114.1,98.2,103.27,0.12,10.6,A,0
2025-06-21 08:00:00,4.75,125.9,0.4811,0.8894,0.0481,446.94,408.69,64.8,61.1,82.2,111.1,100.3,104.39,0.2,16.3,C,0
2025-06-21 09:00:00,2.28,105.1,0.4608,0.8864,0.036,217.17,229.18,52.5,52.6,81.1,110.8,106.0,104.94,0.1,9.2,B,0
2025-06-21 10:00:00,4.8,110.2,0.296,0.9223,0.0181,374.66,345.4,33.9,76.3,89.6,111.6,95.4,102.08,0.17,13.8,B,0
2025-06-21 11:00:00,3.2,123.7,0.5309,0.894,0.0534,311.97,321.64,70.2,53.4,83.5,109.8,84.5,101.23,0.14,12.9,A,0
2025-06-21 12:00:00,3.31,134.2,0.5435,0.9049,0.0405,355.45,331.53,78.1,56.1,82.6,108.1,86.1,101.77,0.16,13.3,C,0
2025-06-21 13:00:00,1.99,120.9,0.6282,0.88,0.0618,240.26,242.25,83.7,37.2,81.5,104.0,90.6,101.12,0.11,9.7,A,0
2025-06-21 14:00:00,3.14,108.8,0.4369,0.912,0.0418,261.97,253.35,49.4,59.4,79.3,105.9,101.4,99.71,0.12,10.1,C,0
2025-06-21 15:00:00,2.67,130.7,0.4304,0.9089,0.0457,292.63,291.0,58.2,72.4,76.1,111.5,106.0,104.43,0.13,11.6,C,0
2025-06-21 16:00:00,3.01,77.1,0.2856,0.88,0.0252,168.65,184.91,23.5,53.6,86.6,110.7,93.0,100.72,0.08,7.4,C,0
2025-06-21 17:00:00,3.39,88.7,0.4765,0.88,0.0555,263.9,272.65,45.3,43.4,79.7,109.7,95.3,98.26,0.12,10.9,A,0
2025-06-21 18:00:00,4.27,120.2,0.5721,0.88,0.0614,420.19,399.3,75.0,45.2,81.4,114.7,82.1,101.36,0.19,16.0,A,0
2025-06-21 19:00:00,3.67,110.2,0.4511,0.8813,0.0375,312.03,305.84,54.0,56.2,81.7,109.9,98.3,103.45,0.14,12.2,C,0
2025-06-21 20:00:00,3.75,119.1,0.6715,0.9334,0.0657,287.21,277.12,83.1,35.9,86.3,105.3,95.7,96.93,0.13,11.1,B,0
2025-06-21 21:00:00,2.62,111.0,0.4795,0.88,0.0556,265.98,262.85,57.1,53.9,79.7,111.5,93.7,100.49,0.12,10.5,C,0
2025-06-21 22:00:00,2.8,118.6,0.5118,0.88,0.0477,257.81,243.88,66.1,52.5,82.8,112.3,90.2,98.89,0.12,9.8,A,0
2025-06-21 23:00:00,4.94,97.8,0.391,0.88,0.0388,345.66,354.29,40.9,56.9,83.5,111.4,93.2,107.85,0.16,14.2,A,0
2025-06-22 00:00:00,2.91,118.6,0.523,0.9348,0.0593,297.78,291.92,62.8,55.8,77.8,112.4,88.3,101.58,0.14,11.7,B,0
2025-06-22 01:00:00,4.82,124.9,0.3417,0.8889,0.0315,433.7,438.88,45.2,79.7,77.6,106.5,90.7,105.96,0.2,17.6,B,0
2025-06-22 02:00:00,3.31,128.3,0.5555,0.9166,0.0612,356.07,340.83,74.1,54.2,79.9,110.2,88.6,102.03,0.16,13.6,A,0
2025-06-22 03:00:00,3.5,140.2,0.558,0.8964,0.0512,370.21,324.75,84.1,56.1,82.7,108.3,89.9,102.3,0.17,13.0,A,0
2025-06-22 04:00:00,4.36,113.7,0.6087,0.8959,0.0464,359.68,338.84,75.2,38.4,82.3,111.0,89.2,101.12,0.16,13.6,B,0
2025-06-22 05:00:00,4.52,114.1,0.4184,0.88,0.048,387.99,369.75,50.8,63.3,81.6,113.0,97.9,100.63,0.18,14.8,A,0
2025-06-22 06:00:00,3.41,87.2,0.5128,0.9136,0.0535,240.86,245.4,46.5,40.6,84.0,109.3,89.3,101.08,0.11,9.8,C,0
2025-06-22 07:00:00,3.19,102.0,0.5451,0.8879,0.057,249.02,258.83,59.9,42.1,79.4,111.3,94.7,99.33,0.11,10.4,B,0
2025-06-22 08:00:00,3.46,107.1,0.5354,0.8939,0.0481,299.37,296.68,61.7,45.4,81.5,108.2,89.5,101.27,0.14,11.9,A,0
2025-06-22 09:00:00,3.77,125.8,0.4308,0.9245,0.038,316.09,304.15,55.7,70.0,81.7,110.0,89.7,96.43,0.14,12.2,B,0
2025-06-22 10:00:00,4.21,100.8,0.3086,0.8971,0.0366,310.7,292.01,31.9,69.0,79.5,109.0,89.5,101.82,0.14,11.7,A,0
2025-06-22 11:00:00,3.5,121.9,0.5278,0.88,0.054,286.75,278.79,69.9,52.0,88.9,113.6,99.9,97.69,0.13,11.2,A,0
2025-06-22 12:00:00,4.0,110.0,0.4878,0.9059,0.0482,309.43,310.97,56.4,53.6,75.5,107.8,94.1,101.58,0.14,12.4,B,0
2025-06-22 13:00:00,4.81,107.3,0.4547,0.9095,0.0466,345.86,346.6,50.8,56.6,85.7,110.2,91.3,102.26,0.16,13.9,A,0
2025-06-22 14:00:00,3.81,113.7,0.5611,0.9159,0.0637,296.35,283.41,66.4,47.3,84.4,112.7,90.0,105.55,0.13,11.3,C,0
2025-06-22 15:00:00,3.75,104.1,0.4964,0.9207,0.0533,324.49,329.71,53.2,50.9,84.4,106.1,88.3,102.25,0.15,13.2,C,0
2025-06-22 16:00:00,2.28,103.6,0.3945,0.8804,0.0371,237.41,247.54,43.9,59.7,82.3,110.9,91.4,100.5,0.11,9.9,C,0
2025-06-22 17:00:00,1.5,84.4,0.3455,0.9012,0.0275,169.4,177.61,30.7,53.7,86.0,110.2,87.8,99.41,0.08,7.1,A,0
2025-06-22 18:00:00,3.81,106.3,0.4097,0.88,0.0439,300.84,298.87,46.5,59.8,80.7,108.6,92.8,103.45,0.14,12.0,C,0
2025-06-22 19:00:00,3.42,102.8,0.6914,0.8803,0.0645,267.54,271.61,79.0,23.8,83.2,112.4,91.5,101.0,0.12,10.9,C,0
2025-06-22 20:00:00,3.09,102.3,0.5578,0.9093,0.0499,275.83,261.97,60.4,41.8,82.2,113.4,91.1,99.04,0.13,10.5,C,0
2025-06-22 21:00:00,3.69,116.3,0.5151,0.88,0.0581,326.4,298.59,64.6,51.6,81.3,111.3,101.2,101.76,0.15,11.9,B,0
2025-06-22 22:00:00,3.45,119.9,0.4855,0.8887,0.0529,320.13,318.56,62.0,57.8,82.4,109.4,93.8,95.73,0.15,12.7,B,0
2025-06-22 23:00:00,4.4,113.5,0.4802,0.9414,0.0499,278.55,271.39,54.8,58.7,79.2,107.1,94.1,101.54,0.13,10.9,C,0
2025-06-23 00:00:00,3.57,124.9,0.5934,0.9237,0.0531,356.99,366.38,77.5,47.4,80.0,110.4,101.4,98.96,0.16,14.7,A,0
2025-06-23 01:00:00,2.9,118.6,0.4608,0.9079,0.055,295.93,313.18,56.4,62.2,86.7,109.7,88.2,100.32,0.13,12.5,C,0
2025-06-23 02:00:00,4.29,105.6,0.5462,0.88,0.0598,329.2,326.43,62.6,43.0,90.6,109.8,92.6,107.28,0.15,13.1,B,0
2025-06-23 03:00:00,3.33,103.1,0.4721,0.8998,0.0457,291.12,299.22,51.5,51.6,83.6,109.0,87.3,99.84,0.13,12.0,A,0
2025-06-23 04:00:00,3.92,114.7,0.6552,0.8957,0.0629,349.19,321.62,81.6,33.1,84.5,108.8,95.4,103.67,0.16,12.9,C,1
2025-06-23 05:00:00,3.12,118.6,0.5594,0.8945,0.0563,277.2,259.93,71.2,47.4,82.8,110.1,98.0,104.45,0.13,10.4,C,0
2025-06-23 06:00:00,2.98,131.0,0.5996,0.88,0.0576,304.91,297.34,86.3,44.6,83.4,107.5,82.9,103.86,0.14,11.9,A,0
2025-06-23 07:00:00,3.57,127.9,0.4532,0.9142,0.0564,312.58,288.6,59.2,68.7,83.6,112.1,99.3,102.41,0.14,11.5,B,0
2025-06-23 08:00:00,3.51,101.9,0.5847,0.8906,0.0565,313.34,310.44,64.5,37.4,85.1,108.5,96.6,97.98,0.14,12.4,B,0
2025-06-23 09:00:00,3.88,108.5,0.475,0.88,0.0422,340.76,318.3,56.0,52.4,86.6,110.2,95.2,99.35,0.15,12.7,C,0
2025-06-23 10:00:00,3.29,120.1,0.5088,0.8938,0.0588,286.31,285.68,64.7,55.4,79.3,109.4,88.8,97.8,0.13,11.4,B,0
2025-06-23 11:00:00,2.03,126.0,0.6308,0.9079,0.0602,252.8,253.02,84.8,41.2,90.5,111.3,98.9,100.24,0.11,10.1,C,0
2025-06-23 12:00:00,3.15,124.1,0.4166,0.88,0.0456,314.89,316.19,55.2,68.9,82.4,111.2,103.4,100.28,0.14,12.6,C,0
2025-06-23 13:00:00,4.14,109.0,0.5163,0.9001,0.055,310.76,308.46,59.5,49.5,82.4,111.0,93.0,98.56,0.14,12.3,C,0
2025-06-23 14:00:00,3.26,91.2,0.535,0.88,0.0532,246.75,245.5,53.1,38.0,80.8,107.7,93.4,102.94,0.11,9.8,C,0
2025-06-23 15:00:00,3.3,95.0,0.5416,0.8984,0.0493,271.97,255.36,55.1,39.9,80.8,109.6,95.1,99.82,0.12,10.2,A,0
2025-06-23 16:00:00,4.29,114.1,0.4639,0.9089,0.0462,380.07,365.69,55.2,58.8,83.8,113.2,93.0,100.21,0.17,14.6,C,0
2025-06-23 17:00:00,2.93,115.1,0.6669,0.88,0.0608,329.03,295.31,85.2,30.0,83.9,109.3,94.1,96.59,0.15,11.8,A,0
2025-06-23 18:00:00,2.27,93.5,0.3964,0.88,0.0395,204.15,224.34,39.7,53.8,83.7,112.1,100.1,101.51,0.09,9.0,C,0
2025-06-23 19:00:00,3.37,110.7,0.6167,0.9255,0.0655,286.14,289.65,70.9,39.7,80.6,110.0,94.7,101.02,0.13,11.6,A,0
2025-06-23 20:00:00,3.11,119.5,0.5972,0.88,0.0683,309.48,314.14,77.8,41.6,73.9,109.4,96.5,99.5,0.14,12.6,A,0
2025-06-23 21:00:00,2.73,92.7,0.6521,0.8909,0.0598,219.64,217.65,66.1,26.6,76.6,110.4,105.2,102.44,0.1,8.7,C,0
2025-06-23 22:00:00,3.36,126.6,0.3729,0.8929,0.036,309.78,308.0,49.8,76.8,82.0,108.3,102.3,101.66,0.14,12.3,A,0
2025-06-23 23:00:00,3.89,104.3,0.4305,0.9037,0.0404,281.64,271.41,47.1,57.2,83.0,111.8,89.8,103.06,0.13,10.9,A,0
2025-06-24 00:00:00,3.49,128.9,0.6194,0.9466,0.0633,240.25,245.73,81.1,47.7,80.7,108.3,103.7,103.2,0.11,9.8,B,0
2025-06-24 01:00:00,3.75,102.0,0.3498,0.9668,0.0274,309.81,290.19,35.0,67.0,79.9,111.1,101.9,103.45,0.14,11.6,C,0
2025-06-24 02:00:00,4.95,94.6,0.3715,0.88,0.0325,285.37,281.55,37.8,56.8,82.9,112.2,102.5,106.31,0.13,11.3,B,0
2025-06-24 03:00:00,3.23,103.1,0.4609,0.9212,0.0376,248.72,236.84,49.4,53.7,81.7,110.9,91.9,101.69,0.11,9.5,C,0
2025-06-24 04:00:00,3.72,108.6,0.5154,0.8874,0.0443,313.87,304.66,60.7,47.9,80.6,108.9,96.1,98.46,0.14,12.2,A,0
2025-06-24 05:00:00,3.09,104.2,0.6274,0.9294,0.0594,256.32,239.96,68.0,36.2,77.2,110.4,93.0,100.01,0.12,9.6,C,0
2025-06-24 06:00:00,2.82,106.8,0.4852,0.916,0.0569,297.93,315.36,53.2,53.5,79.5,108.5,95.6,100.09,0.14,12.6,A,0
2025-06-24 07:00:00,3.03,115.0,0.4513,0.9516,0.0469,246.87,251.52,51.4,63.6,84.8,109.6,103.8,98.54,0.11,10.1,C,0
2025-06-24 08:00:00,3.12,107.4,0.5249,0.896,0.0528,320.66,312.64,60.1,47.3,79.1,109.0,95.7,93.76,0.15,12.5,B,1
2025-06-24 09:00:00,3.79,109.0,0.5376,0.88,0.0605,346.97,344.89,63.5,45.5,84.0,108.5,86.4,101.99,0.16,13.8,B,0
2025-06-24 10:00:00,5.38,84.4,0.5353,0.9417,0.0554,343.54,313.04,45.7,38.7,86.2,111.3,93.1,101.4,0.16,12.5,C,0
2025-06-24 11:00:00,2.93,115.9,0.4858,0.9018,0.051,310.28,293.44,59.2,56.7,79.6,112.0,91.7,107.04,0.14,11.7,C,0
2025-06-24 12:00:00,3.17,108.7,0.3436,0.88,0.032,285.54,289.15,39.9,68.7,80.7,112.1,103.9,106.85,0.13,11.6,A,0
2025-06-24 13:00:00,3.45,134.2,0.4266,0.88,0.0395,297.62,295.02,61.8,72.4,85.0,110.5,90.9,103.34,0.14,11.8,B,0
2025-06-24 14:00:00,3.82,95.9,0.6136,0.9291,0.0548,292.87,279.98,61.3,34.6,85.7,112.9,93.0,102.99,0.13,11.2,B,0
2025-06-24 15:00:00,3.71,82.9,0.515,0.9393,0.0485,216.3,229.81,43.4,39.5,80.1,108.6,93.1,98.81,0.1,9.2,A,0
2025-06-24 16:00:00,4.53,119.3,0.4742,0.88,0.046,362.21,352.54,61.2,58.0,77.1,112.6,103.0,101.87,0.16,14.1,B,0
2025-06-24 17:00:00,1.56,115.2,0.5895,0.8895,0.0607,196.24,211.02,73.5,41.7,85.8,111.8,99.8,100.95,0.09,8.4,A,0
2025-06-24 18:00:00,1.59,94.9,0.4096,0.88,0.0408,161.69,180.11,41.7,53.2,83.8,110.1,97.8,101.74,0.07,7.2,B,0
2025-06-24 19:00:00,3.1,87.1,0.482,0.88,0.0464,245.5,241.57,45.5,41.6,83.2,110.4,96.2,98.99,0.11,9.7,A,0
2025-06-24 20:00:00,4.38,133.1,0.511,0.8978,0.0465,400.14,378.83,72.6,60.5,84.7,112.1,96.1,102.56,0.18,15.2,B,0
2025-06-24 21:00:00,2.25,131.2,0.4647,0.88,0.0485,271.77,249.56,65.7,65.5,78.4,111.3,95.4,97.19,0.12,10.0,C,0
2025-06-24 22:00:00,1.5,72.7,0.5081,0.88,0.0483,140.77,156.6,40.2,32.5,83.2,110.5,105.3,110.41,0.06,6.3,C,0
2025-06-24 23:00:00,3.96,103.1,0.485,0.88,0.0503,308.82,299.28,54.0,49.1,81.1,109.1,88.7,105.64,0.14,12.0,C,0
2025-06-25 00:00:00,3.69,135.0,0.3881,0.88,0.0292,338.72,336.94,56.9,78.0,83.8,108.2,81.2,105.28,0.15,13.5,C,0
2025-06-25 01:00:00,2.63,102.9,0.5145,0.88,0.0531,214.67,227.14,57.4,45.5,84.4,110.2,97.2,97.47,0.1,9.1,C,0
2025-06-25 02:00:00,2.71,102.6,0.3937,0.88,0.0431,237.55,234.32,43.0,59.6,84.9,107.7,102.0,96.44,0.11,9.4,B,0
2025-06-25 03:00:00,2.72,105.8,0.5132,0.88,0.0544,227.91,226.22,58.8,47.0,83.8,111.5,95.9,102.12,0.1,9.0,C,0
2025-06-25 04:00:00,3.59,93.2,0.6099,0.88,0.06,293.58,305.85,62.5,30.7,82.8,106.5,85.1,100.39,0.13,12.2,B,0
2025-06-25 05:00:00,3.0,84.4,0.4775,0.888,0.0523,195.58,203.8,43.0,41.5,82.9,110.6,98.7,106.84,0.09,8.2,B,0
2025-06-25 06:00:00,3.9,125.8,0.4063,0.8969,0.0343,429.83,407.45,54.2,71.5,83.1,109.4,89.7,103.18,0.2,16.3,C,0
2025-06-25 07:00:00,1.5,82.4,0.4898,0.88,0.0485,156.05,177.85,43.7,38.6,80.1,109.1,88.6,101.18,0.07,7.1,C,1
2025-06-25 08:00:00,2.81,113.7,0.4334,0.8877,0.0424,268.38,267.21,52.6,61.1,80.9,109.4,90.1,105.74,0.12,10.7,A,0
2025-06-25 09:00:00,2.6,123.3,0.5476,0.888,0.0599,259.9,259.24,72.6,50.7,83.2,104.2,87.0,101.85,0.12,10.4,A,0
2025-06-25 10:00:00,3.29,88.2,0.4882,0.88,0.0387,251.92,250.76,47.1,41.1,84.0,109.1,96.0,101.99,0.11,10.0,C,0
2025-06-25 11:00:00,3.07,96.1,0.6368,0.881,0.0584,241.62,240.15,67.6,28.5,80.0,108.3,91.8,104.43,0.11,9.6,A,0
2025-06-25 12:00:00,4.14,128.2,0.593,0.8822,0.068,389.25,373.23,82.7,45.5,78.8,108.3,88.3,99.27,0.18,14.9,B,0
2025-06-25 13:00:00,2.01,118.0,0.4878,0.88,0.0366,242.69,227.49,63.1,54.9,77.0,116.2,106.9,104.36,0.11,9.1,C,0
2025-06-25 14:00:00,3.54,100.7,0.5572,0.8822,0.0598,293.79,285.22,60.9,39.8,78.2,107.2,92.3,103.0,0.13,11.4,C,0
2025-06-25 15:00:00,3.95,128.0,0.4685,0.8875,0.0434,405.93,394.36,64.5,63.5,80.4,110.8,95.3,98.54,0.18,15.8,A,0
2025-06-25 16:00:00,4.99,128.1,0.5027,0.9053,0.0515,453.97,434.05,67.7,60.4,80.7,108.4,102.8,107.17,0.21,17.4,B,0
2025-06-25 17:00:00,3.11,114.0,0.4711,0.88,0.0542,262.29,278.67,57.6,56.5,81.2,108.2,98.4,99.93,0.12,11.1,B,0
2025-06-25 18:00:00,3.76,96.5,0.5613,0.88,0.0576,231.88,245.35,59.1,37.4,78.4,107.3,104.5,96.4,0.11,9.8,B,0
2025-06-25 19:00:00,2.06,103.8,0.6146,0.8939,0.0686,212.0,223.88,68.7,35.1,76.6,112.3,91.5,98.97,0.1,9.0,A,0
2025-06-25 20:00:00,1.59,114.3,0.5639,0.88,0.0539,201.14,211.22,70.6,43.7,82.4,112.4,100.2,98.19,0.09,8.4,B,0
2025-06-25 21:00:00,4.18,107.2,0.5738,0.88,0.0556,380.76,356.26,67.4,39.8,82.4,108.8,97.5,101.89,0.17,14.3,B,0
2025-06-25 22:00:00,3.5,124.1,0.5738,0.88,0.0613,325.68,323.8,77.7,46.4,83.9,111.8,100.0,106.17,0.15,13.0,B,0
2025-06-25 23:00:00,4.44,87.1,0.5441,0.9294,0.0522,295.78,295.48,48.8,38.2,84.4,107.9,99.2,102.05,0.13,11.8,B,0
2025-06-26 00:00:00,2.4,87.6,0.4089,0.8859,0.0439,210.53,215.6,38.0,49.6,83.2,109.2,91.1,106.06,0.1,8.6,C,0
2025-06-26 01:00:00,3.92,112.7,0.6361,0.9167,0.0695,341.27,317.5,75.4,37.3,82.3,111.4,109.1,104.5,0.16,12.7,A,0
2025-06-26 02:00:00,5.0,102.6,0.6444,0.88,0.0688,383.59,365.18,72.8,29.8,84.6,108.0,83.7,93.3,0.17,14.6,B,0
2025-06-26 03:00:00,3.84,100.6,0.4813,0.88,0.0402,273.32,285.75,52.8,47.8,86.3,108.5,90.7,104.0,0.12,11.4,C,0
2025-06-26 04:00:00,3.72,83.5,0.4703,0.8831,0.0453,227.82,234.72,42.4,41.1,80.0,110.0,98.4,99.56,0.1,9.4,C,0
2025-06-26 05:00:00,3.51,110.3,0.549,0.88,0.0563,291.56,288.18,66.0,44.3,84.3,110.1,96.5,102.84,0.13,11.5,C,0
2025-06-26 06:00:00,2.24,109.2,0.5441,0.88,0.0532,188.6,203.7,64.8,44.4,80.1,107.8,95.7,101.13,0.09,8.1,B,0
2025-06-26 07:00:00,4.58,119.8,0.4838,0.9119,0.0488,383.19,373.55,60.4,59.4,82.7,114.5,98.6,109.66,0.17,14.9,B,0
2025-06-26 08:00:00,3.01,111.0,0.4,0.8826,0.0415,258.01,262.04,47.3,63.7,85.2,108.3,90.8,102.61,0.12,10.5,C,0
2025-06-26 09:00:00,3.9,108.0,0.5245,0.88,0.0498,323.35,314.27,61.8,46.3,81.2,111.9,99.2,103.05,0.15,12.6,C,0
2025-06-26 10:00:00,2.25,127.7,0.5441,0.88,0.0534,251.91,248.69,75.8,51.9,79.1,111.2,94.4,104.53,0.11,9.9,C,0
2025-06-26 11:00:00,2.56,90.3,0.5581,0.9174,0.0499,194.29,213.44,52.9,37.4,80.6,108.4,102.0,96.83,0.09,8.5,C,0
2025-06-26 12:00:00,4.65,118.0,0.5279,0.9013,0.0504,427.07,395.26,66.2,51.8,79.1,110.9,93.5,104.55,0.19,15.8,B,0
2025-06-26 13:00:00,3.22,84.9,0.4783,0.88,0.0402,230.78,251.58,44.3,40.6,78.8,108.3,97.3,100.65,0.1,10.1,C,0
2025-06-26 14:00:00,4.66,97.4,0.5795,0.88,0.0585,349.64,339.49,61.8,35.6,85.6,110.1,98.2,99.23,0.16,13.6,C,1
2025-06-26 15:00:00,3.44,91.8,0.5053,0.9483,0.0496,257.44,259.4,46.6,45.3,83.6,111.6,99.5,103.76,0.12,10.4,B,0
2025-06-26 16:00:00,2.03,121.7,0.4628,0.88,0.0417,242.75,254.18,61.1,60.6,79.8,108.9,95.2,96.84,0.11,10.2,A,0
2025-06-26 17:00:00,4.21,109.0,0.4855,0.909,0.0575,295.51,282.98,54.8,54.2,79.0,110.8,93.6,104.12,0.13,11.3,A,0
2025-06-26 18:00:00,3.03,109.8,0.3603,0.9086,0.0348,299.4,301.79,40.9,68.9,79.3,108.8,91.1,100.83,0.14,12.1,B,0
2025-06-26 19:00:00,4.06,93.4,0.4854,0.8843,0.05,307.01,302.46,48.7,44.7,79.8,110.4,97.4,101.0,0.14,12.1,C,0
2025-06-26 20:00:00,3.52,105.5,0.5551,0.88,0.0523,288.0,289.83,64.1,41.4,85.5,110.2,85.5,94.57,0.13,11.6,B,0
2025-06-26 21:00:00,2.27,98.5,0.5272,0.88,0.0506,215.54,216.95,56.6,41.9,81.7,109.3,96.5,104.0,0.1,8.7,B,0
2025-06-26 22:00:00,3.63,115.8,0.6217,0.88,0.0638,344.92,323.03,79.1,36.6,88.4,106.3,96.9,102.04,0.16,12.9,B,0
2025-06-26 23:00:00,5.26,95.1,0.479,0.9074,0.0462,336.55,299.86,47.8,47.3,81.9,111.6,104.4,99.9,0.15,12.0,C,0
2025-06-27 00:00:00,3.89,129.9,0.539,0.9299,0.0539,317.66,303.84,72.0,58.0,80.3,114.0,91.7,98.52,0.14,12.2,B,1
2025-06-27 01:00:00,3.45,84.9,0.5634,0.8852,0.0604,232.32,232.44,51.8,33.1,84.8,110.3,95.9,103.64,0.11,9.3,B,0
2025-06-27 02:00:00,4.36,97.9,0.6874,0.8804,0.0662,316.39,299.96,74.7,23.2,77.0,108.8,95.8,102.34,0.14,12.0,C,0
2025-06-27 03:00:00,3.67,135.2,0.5116,0.9145,0.0445,364.47,348.01,72.6,62.6,82.6,110.4,89.5,101.32,0.17,13.9,C,0
2025-06-27 04:00:00,3.67,103.5,0.4165,0.88,0.034,323.3,315.69,46.8,56.7,78.4,112.3,95.0,98.34,0.15,12.6,A,0
2025-06-27 05:00:00,2.63,90.3,0.5678,0.9029,0.064,197.99,212.5,54.2,36.1,75.5,112.6,88.3,102.21,0.09,8.5,A,0
2025-06-27 06:00:00,3.69,113.3,0.6493,0.9021,0.0696,293.37,296.42,78.9,34.4,81.6,111.8,99.8,102.03,0.13,11.9,C,0
2025-06-27 07:00:00,4.33,102.9,0.4742,0.8838,0.0507,295.06,298.96,52.3,50.6,84.5,110.9,98.0,105.25,0.13,12.0,B,0
2025-06-27 08:00:00,2.83,97.5,0.5673,0.902,0.0545,244.7,255.19,59.0,38.5,82.6,111.4,97.2,97.71,0.11,10.2,A,0
2025-06-27 09:00:00,4.64,93.6,0.5983,0.9481,0.0532,273.57,275.73,57.0,36.6,82.3,110.2,91.8,99.15,0.12,11.0,C,0
2025-06-27 10:00:00,3.43,151.5,0.5814,0.9097,0.0567,410.32,389.73,93.2,58.3,74.2,108.1,102.1,107.13,0.19,15.6,A,0
2025-06-27 11:00:00,2.79,106.2,0.51,0.9154,0.0505,232.51,246.81,56.4,49.8,81.5,109.2,89.6,101.87,0.11,9.9,A,0
2025-06-27 12:00:00,4.3,81.1,0.4441,0.88,0.0388,248.27,258.34,39.1,42.0,81.6,109.4,95.3,102.06,0.11,10.3,C,0
2025-06-27 13:00:00,3.27,132.4,0.4935,0.9128,0.042,382.77,341.25,68.6,63.8,83.9,110.6,89.2,104.2,0.17,13.6,B,0
2025-06-27 14:00:00,4.11,119.2,0.5367,0.9164,0.045,391.84,370.18,67.2,51.9,78.8,106.5,94.1,106.74,0.18,14.8,A,0
2025-06-27 15:00:00,3.27,98.5,0.5727,0.88,0.0606,262.64,243.12,61.6,36.9,84.5,111.0,101.4,97.81,0.12,9.7,A,0
2025-06-27 16:00:00,3.45,96.0,0.5267,0.9176,0.0466,235.69,222.08,52.9,43.1,80.5,106.0,97.4,107.85,0.11,8.9,C,0
2025-06-27 17:00:00,3.89,120.1,0.4696,0.88,0.0485,403.15,373.96,60.8,59.3,81.1,110.8,90.4,101.17,0.18,15.0,C,0
2025-06-27 18:00:00,3.73,106.3,0.5444,0.88,0.0525,296.6,290.49,63.2,43.1,83.6,112.3,92.4,102.09,0.13,11.6,B,0
2025-06-27 19:00:00,1.9,81.1,0.5688,0.88,0.0598,170.67,181.99,50.3,30.8,78.4,111.8,93.1,101.48,0.08,7.3,A,0
2025-06-27 20:00:00,2.6,136.8,0.5304,0.9007,0.0547,318.94,287.02,76.9,59.9,84.5,108.2,90.8,105.79,0.14,11.5,B,0
2025-06-27 21:00:00,4.24,103.5,0.4331,0.8887,0.0422,268.07,276.69,47.8,55.7,77.9,111.2,96.4,104.18,0.12,11.1,C,0
2025-06-27 22:00:00,3.39,132.4,0.4855,0.88,0.0492,322.35,304.31,69.5,62.9,84.0,111.4,105.9,100.87,0.15,12.2,C,0
2025-06-27 23:00:00,3.08,129.2,0.5758,0.8932,0.057,311.79,311.51,80.1,49.0,81.3,113.4,92.2,97.92,0.14,12.5,B,0
2025-06-28 00:00:00,2.41,95.0,0.3894,0.9446,0.0359,214.22,215.9,37.0,58.0,81.5,110.7,104.6,100.57,0.1,8.6,C,0
2025-06-28 01:00:00,2.64,125.5,0.3325,0.88,0.0382,248.42,245.91,43.9,81.6,72.8,112.1,95.0,97.29,0.11,9.8,C,0
2025-06-28 02:00:00,1.88,100.2,0.6206,0.9161,0.0599,199.17,212.97,65.6,34.6,80.2,109.1,96.6,103.97,0.09,8.5,A,0
2025-06-28 03:00:00,3.42,82.0,0.5409,0.8837,0.0537,231.79,233.58,48.1,33.9,81.4,108.3,96.3,99.26,0.11,9.3,A,0
2025-06-28 04:00:00,3.02,103.6,0.5485,0.88,0.0478,293.1,291.26,62.4,41.3,86.6,111.7,86.5,100.99,0.13,11.7,C,0
2025-06-28 05:00:00,2.73,116.0,0.4139,0.8804,0.0428,287.7,287.94,51.4,64.6,81.9,111.8,97.3,104.82,0.13,11.5,A,0
2025-06-28 06:00:00,3.45,103.1,0.559,0.88,0.0528,272.91,255.42,63.1,40.0,80.0,108.7,82.8,103.72,0.12,10.2,B,0
2025-06-28 07:00:00,3.79,105.4,0.522,0.88,0.0498,297.53,298.94,59.9,45.4,84.5,107.6,96.0,102.45,0.14,12.0,B,0
2025-06-28 08:00:00,5.17,127.2,0.3733,0.8829,0.0331,482.38,430.8,50.9,76.3,80.5,110.2,95.8,98.91,0.22,17.2,B,0
2025-06-28 09:00:00,2.29,111.6,0.6139,0.88,0.0608,238.81,231.71,75.4,36.2,85.1,110.1,87.3,102.76,0.11,9.3,C,0
2025-06-28 10:00:00,4.43,97.4,0.5127,0.9244,0.0412,277.96,267.68,52.0,45.4,82.8,110.5,95.3,98.91,0.13,10.7,A,0
2025-06-28 11:00:00,4.28,120.5,0.4683,0.88,0.0502,434.71,424.56,60.7,59.8,79.3,111.8,93.5,102.78,0.2,17.0,A,0
2025-06-28 12:00:00,2.88,113.0,0.4698,0.88,0.0468,247.29,233.38,57.3,55.6,84.8,112.1,94.2,97.38,0.11,9.3,B,0
2025-06-28 13:00:00,3.66,72.2,0.3388,0.88,0.0315,259.98,268.17,26.1,46.0,83.8,110.0,94.3,104.92,0.12,10.7,A,0
2025-06-28 14:00:00,3.13,116.4,0.5475,0.9454,0.047,300.94,300.14,64.9,51.6,84.7,108.0,92.1,101.9,0.14,12.0,A,0
2025-06-28 15:00:00,3.65,115.9,0.5209,0.88,0.0543,302.22,297.84,65.5,50.4,81.5,108.5,95.4,101.26,0.14,11.9,B,0
2025-06-28 16:00:00,4.71,110.3,0.4845,0.8999,0.0453,290.26,289.76,56.7,53.6,83.8,108.8,99.3,102.47,0.13,11.6,A,0
2025-06-28 17:00:00,3.98,123.4,0.6023,0.88,0.0668,381.37,359.46,81.2,42.1,87.8,109.8,93.8,100.95,0.17,14.4,B,0
2025-06-28 18:00:00,3.91,99.9,0.3893,0.88,0.0414,257.13,266.02,41.5,58.5,82.5,109.0,94.7,101.5,0.12,10.6,B,0
2025-06-28 19:00:00,3.16,115.0,0.4523,0.8966,0.0529,297.6,287.56,54.5,60.6,80.8,109.5,98.2,105.17,0.14,11.5,C,0
2025-06-28 20:00:00,2.31,86.5,0.432,0.9087,0.0439,220.97,212.57,38.8,47.7,86.6,110.1,106.3,104.47,0.1,8.5,B,0
2025-06-28 21:00:00,3.33,116.1,0.4777,0.88,0.0532,272.94,271.1,59.6,56.5,84.0,108.7,94.0,103.44,0.12,10.8,A,0
2025-06-28 22:00:00,4.47,139.3,0.5054,0.88,0.0529,458.74,445.55,76.2,63.1,80.6,110.6,86.5,102.06,0.21,17.8,A,0
2025-06-28 23:00:00,2.28,95.1,0.5344,0.9028,0.0512,193.2,208.26,54.0,41.1,87.2,113.7,90.5,100.35,0.09,8.3,B,0
2025-06-29 00:00:00,2.66,98.6,0.4722,0.8851,0.0482,250.67,272.4,50.0,48.6,78.4,109.7,98.0,104.52,0.11,10.9,C,0
2025-06-29 01:00:00,3.6,99.3,0.4298,0.88,0.0388,280.06,275.04,46.2,53.2,83.6,108.6,102.6,98.57,0.13,11.0,B,0
2025-06-29 02:00:00,2.71,111.9,0.6349,0.908,0.0738,257.4,257.03,75.3,36.7,85.4,110.6,90.3,106.65,0.12,10.3,B,0
2025-06-29 03:00:00,2.87,94.1,0.6929,0.8828,0.0688,253.76,253.18,72.1,21.9,85.2,108.4,94.8,103.43,0.12,10.1,C,0
2025-06-29 04:00:00,3.16,116.3,0.5115,0.88,0.0513,307.14,290.94,64.6,51.7,79.3,109.7,95.1,104.85,0.14,11.6,C,0
2025-06-29 05:00:00,2.41,122.7,0.4395,0.88,0.0459,242.23,241.03,57.9,64.8,78.3,108.6,91.2,102.7,0.11,9.6,B,0
2025-06-29 06:00:00,2.72,118.0,0.618,0.8937,0.0564,308.79,288.83,79.2,38.9,82.7,107.9,102.7,100.93,0.14,11.6,C,0
2025-06-29 07:00:00,4.06,83.5,0.3843,0.8983,0.045,228.85,212.21,33.2,50.3,84.1,108.2,100.8,104.15,0.1,8.5,A,0
2025-06-29 08:00:00,2.45,124.9,0.4732,0.9248,0.0422,271.7,264.25,61.0,63.9,78.8,108.7,96.7,97.08,0.12,10.6,B,0
2025-06-29 09:00:00,2.22,124.1,0.4443,0.88,0.0382,233.4,238.62,59.9,64.2,82.9,107.9,92.9,99.53,0.11,9.5,A,0
2025-06-29 10:00:00,3.0,122.5,0.4072,0.9464,0.0399,258.27,266.45,49.6,72.8,77.6,112.6,99.8,100.73,0.12,10.7,C,0
2025-06-29 11:00:00,4.09,115.6,0.4776,0.8846,0.0414,310.59,296.4,59.8,55.8,85.2,110.9,97.6,97.16,0.14,11.9,A,0
2025-06-29 12:00:00,3.34,113.3,0.4309,0.8899,0.0509,294.8,283.51,51.3,62.0,80.3,111.9,92.8,103.21,0.13,11.3,C,0
2025-06-29 13:00:00,3.13,125.5,0.501,0.88,0.0489,318.08,324.3,68.3,57.2,81.5,107.3,99.9,105.1,0.14,13.0,B,0
2025-06-29 14:00:00,3.54,138.9,0.5022,0.8861,0.0341,398.23,355.96,76.3,62.6,84.6,109.4,96.8,96.17,0.18,14.2,C,0
2025-06-29 15:00:00,2.1,95.7,0.4503,0.8872,0.046,220.43,225.83,46.0,49.7,84.3,110.8,86.7,100.05,0.1,9.0,B,0
2025-06-29 16:00:00,3.9,126.2,0.4704,0.9086,0.0498,367.43,367.26,61.8,64.4,83.4,113.3,90.0,100.79,0.17,14.7,C,0
2025-06-29 17:00:00,3.81,108.7,0.4815,0.9339,0.046,299.68,285.71,53.3,55.4,85.1,108.5,88.4,102.27,0.14,11.4,C,0
2025-06-29 18:00:00,3.17,108.1,0.5648,0.9082,0.0497,298.86,274.55,64.8,43.2,83.2,107.4,100.2,103.86,0.14,11.0,A,0
2025-06-29 19:00:00,4.3,87.0,0.4881,0.8961,0.0483,266.45,285.81,45.1,41.8,86.3,110.4,91.5,100.46,0.12,11.4,A,0
2025-06-29 20:00:00,2.6,105.7,0.566,0.88,0.0542,209.86,225.51,65.5,40.2,76.9,108.7,98.1,104.12,0.1,9.0,B,0
2025-06-29 21:00:00,4.4,95.0,0.5469,0.8834,0.0498,330.83,332.88,56.7,38.4,81.8,113.4,105.9,101.57,0.15,13.3,B,0
2025-06-29 22:00:00,3.62,103.0,0.5457,0.9053,0.0493,319.75,310.57,59.8,43.3,81.7,111.1,99.0,99.49,0.15,12.4,A,0
2025-06-29 23:00:00,3.23,93.5,0.611,0.9038,0.0619,231.59,243.15,61.0,32.5,81.3,109.4,92.9,101.99,0.11,9.7,B,0
2025-06-30 00:00:00,3.48,103.3,0.4104,0.88,0.0456,326.93,283.29,45.2,58.1,83.5,109.4,91.3,97.51,0.15,11.3,B,0
2025-06-30 01:00:00,3.41,103.9,0.4621,0.9212,0.0485,292.71,283.36,49.2,54.7,82.6,109.7,93.5,100.54,0.13,11.3,A,0
2025-06-30 02:00:00,4.48,111.5,0.6411,0.9323,0.0555,368.41,367.98,74.4,37.0,84.5,106.4,89.9,100.77,0.17,14.7,C,0
2025-06-30 03:00:00,2.64,85.8,0.4794,0.88,0.051,198.0,196.55,44.3,41.5,78.4,110.1,89.3,99.49,0.09,7.9,B,0
2025-06-30 04:00:00,2.89,88.3,0.2748,0.8994,0.0313,239.25,239.97,24.8,63.5,88.9,109.0,91.0,108.9,0.11,9.6,B,0
2025-06-30 05:00:00,4.33,115.4,0.4838,0.88,0.0553,310.68,308.3,60.0,55.5,80.8,111.3,97.7,105.2,0.14,12.3,C,0
2025-06-30 06:00:00,3.02,98.0,0.5108,0.88,0.0463,240.53,236.43,54.6,43.4,82.9,108.2,92.4,101.9,0.11,9.5,B,0
2025-06-30 07:00:00,4.22,126.1,0.2906,0.8871,0.0288,355.06,341.91,38.5,87.6,81.4,111.4,93.9,102.58,0.16,13.7,A,0
2025-06-30 08:00:00,4.86,113.4,0.6067,0.902,0.0635,338.7,333.44,73.5,39.9,82.2,111.1,97.3,102.85,0.15,13.3,A,0
2025-06-30 09:00:00,3.18,119.1,0.4429,0.88,0.0417,320.31,316.37,57.0,62.1,80.4,110.3,98.6,103.17,0.15,12.7,B,0
2025-06-30 10:00:00,4.05,131.2,0.5263,0.9806,0.0554,392.14,366.64,66.8,64.4,82.6,112.5,85.4,105.99,0.18,14.7,B,0
2025-06-30 11:00:00,2.58,105.4,0.4819,0.8823,0.0481,253.59,246.62,54.8,50.6,83.7,106.2,86.4,104.08,0.12,9.9,A,0
2025-06-30 12:00:00,4.1,101.4,0.3969,0.9101,0.0355,301.52,301.37,41.9,59.5,74.8,110.9,93.1,95.34,0.14,12.1,C,0
2025-06-30 13:00:00,3.66,123.1,0.4144,0.8949,0.0376,364.98,355.5,54.1,69.0,81.0,109.9,89.4,103.8,0.17,14.2,A,0
2025-06-30 14:00:00,3.88,117.6,0.4252,0.88,0.0488,339.17,332.47,53.3,64.4,80.9,109.9,99.3,98.79,0.15,13.3,C,0
2025-06-30 15:00:00,2.98,107.2,0.5869,0.9168,0.0537,253.42,256.64,66.2,41.0,89.0,108.0,92.7,99.64,0.12,10.3,C,0
2025-06-30 16:00:00,2.17,130.9,0.4882,0.8903,0.043,244.25,251.14,68.8,62.1,84.6,107.2,104.0,104.24,0.11,10.0,C,0
2025-06-30 17:00:00,3.9,106.8,0.4583,0.9158,0.0475,259.92,270.62,50.5,56.3,86.5,111.8,92.6,95.71,0.12,10.8,C,0
2025-06-30 18:00:00,1.85,110.5,0.4252,0.88,0.0424,225.74,234.85,50.5,60.0,83.7,111.6,96.5,106.44,0.1,9.4,C,0
2025-06-30 19:00:00,3.25,110.3,0.5957,0.88,0.053,308.83,303.78,72.4,37.9,82.2,113.6,91.7,103.75,0.14,12.2,C,0
2025-06-30 20:00:00,4.25,96.0,0.6171,0.88,0.0591,375.89,351.09,65.2,30.7,83.1,113.9,97.4,102.3,0.17,14.0,B,0
2025-06-30 21:00:00,3.65,111.2,0.5948,0.8868,0.0554,300.0,312.67,72.1,39.0,85.4,106.9,97.5,103.8,0.14,12.5,A,0
2025-06-30 22:00:00,5.06,131.0,0.5394,0.88,0.0507,420.24,377.15,77.2,53.8,87.3,109.7,99.4,104.75,0.19,15.1,A,0
2025-06-30 23:00:00,4.32,116.7,0.5232,0.8907,0.0649,307.55,298.77,64.7,51.9,82.9,110.5,94.3,101.97,0.14,12.0,B,0
2025-07-01 00:00:00,2.98,110.5,0.4027,0.88,0.0388,290.74,280.84,47.8,62.7,80.1,111.9,101.4,103.62,0.13,11.2,B,0
2025-07-01 01:00:00,3.52,107.6,0.4803,0.9116,0.0436,310.97,280.17,54.1,53.5,84.8,112.9,96.5,98.36,0.14,11.2,C,0
2025-07-01 02:00:00,3.46,115.0,0.4453,0.88,0.0546,346.29,339.55,54.4,60.5,79.4,107.9,91.8,103.74,0.16,13.6,A,0
2025-07-01 03:00:00,2.23,121.2,0.354,0.88,0.0398,228.1,231.91,45.3,75.9,83.2,108.9,91.8,103.12,0.1,9.3,C,0
2025-07-01 04:00:00,2.75,119.1,0.5846,0.88,0.0621,289.24,286.25,76.1,43.0,84.0,112.7,98.6,105.62,0.13,11.4,B,1
2025-07-01 05:00:00,3.05,105.0,0.4443,0.88,0.0403,251.64,251.98,50.5,54.5,81.7,106.7,101.3,101.82,0.11,10.1,C,0
2025-07-01 06:00:00,1.87,114.9,0.5957,0.88,0.0655,237.06,249.09,74.8,40.1,79.3,107.8,89.4,102.22,0.11,10.0,C,0
2025-07-01 07:00:00,3.54,117.2,0.5705,0.9307,0.0611,330.18,333.03,68.7,48.5,80.6,110.9,98.8,98.53,0.15,13.3,A,0
2025-07-01 08:00:00,3.3,94.9,0.5445,0.88,0.0552,222.31,218.56,56.3,38.6,81.1,114.1,87.6,101.3,0.1,8.7,A,0
2025-07-01 09:00:00,2.16,112.5,0.549,0.88,0.0463,225.55,248.64,67.9,44.7,78.8,106.6,91.9,103.13,0.1,9.9,A,0
2025-07-01 10:00:00,3.82,77.6,0.4508,0.9303,0.045,200.65,208.5,35.6,42.0,80.8,110.1,97.4,103.42,0.09,8.3,C,0
2025-07-01 11:00:00,4.07,117.2,0.6486,0.9442,0.0735,312.77,313.66,77.4,39.8,77.6,111.1,90.8,106.44,0.14,12.5,C,0
2025-07-01 12:00:00,3.68,119.9,0.5035,0.88,0.0514,299.72,297.06,65.4,54.5,83.8,112.9,102.3,102.68,0.14,11.9,B,0
2025-07-01 13:00:00,3.24,121.2,0.5242,0.88,0.0505,290.54,288.27,69.2,52.0,83.0,110.9,98.0,101.02,0.13,11.5,B,0
2025-07-01 14:00:00,3.97,104.1,0.4481,0.88,0.0437,301.99,303.84,50.3,53.7,82.8,106.3,89.1,102.97,0.14,12.2,B,0
2025-07-01 15:00:00,4.04,114.6,0.4255,0.9173,0.0418,343.88,351.56,50.2,64.4,80.8,107.4,98.3,99.63,0.16,14.1,B,0
2025-07-01 16:00:00,3.75,131.4,0.5382,0.88,0.0498,365.28,362.55,77.3,54.1,81.2,112.7,88.4,105.28,0.17,14.5,B,0
2025-07-01 17:00:00,2.84,131.2,0.5174,0.8815,0.0515,301.34,293.02,73.6,57.6,79.5,110.9,95.0,99.22,0.14,11.7,B,0
2025-07-01 18:00:00,3.72,109.6,0.4369,0.88,0.0509,317.23,308.51,51.0,58.6,83.5,107.7,99.4,100.08,0.14,12.3,B,0
2025-07-01 19:00:00,4.46,112.1,0.3849,0.9106,0.0451,317.58,302.34,44.0,68.1,77.9,111.0,98.5,98.07,0.14,12.1,A,0
2025-07-01 20:00:00,3.02,126.7,0.3984,0.9229,0.0361,306.63,309.95,51.8,74.9,82.3,110.6,94.6,101.55,0.14,12.4,B,0
2025-07-01 21:00:00,5.18,87.5,0.5957,0.911,0.0659,359.03,354.18,54.8,32.6,80.1,105.0,93.3,103.24,0.16,14.2,C,0
2025-07-01 22:00:00,3.08,105.2,0.4509,0.88,0.0489,260.93,258.0,50.9,54.3,87.3,105.8,89.2,106.26,0.12,10.3,C,0
2025-07-01 23:00:00,3.53,130.0,0.4729,0.8971,0.0505,358.82,365.22,64.9,65.2,83.6,110.6,95.9,101.13,0.16,14.6,C,0
2025-07-02 00:00:00,2.96,124.6,0.616,0.88,0.0638,306.8,314.79,84.3,40.3,82.0,114.1,99.0,100.63,0.14,12.6,A,0
2025-07-02 01:00:00,3.68,115.5,0.4102,0.88,0.0364,343.59,358.68,51.2,64.3,78.7,110.5,105.3,93.29,0.16,14.3,C,0
2025-07-02 02:00:00,2.11,87.4,0.4418,0.8853,0.0422,189.66,194.84,41.4,46.0,77.9,105.1,92.7,101.97,0.09,7.8,C,0
2025-07-02 03:00:00,3.06,109.3,0.4385,0.8833,0.048,290.72,285.87,51.1,58.2,83.5,106.8,99.2,101.38,0.13,11.4,A,0
2025-07-02 04:00:00,2.63,101.2,0.6294,0.9028,0.0569,242.71,244.27,68.5,32.7,87.4,111.3,98.8,101.35,0.11,9.8,C,0
2025-07-02 05:00:00,3.61,115.0,0.6595,0.88,0.0607,332.31,359.23,84.0,30.9,83.2,111.5,92.6,105.82,0.15,14.4,A,0
2025-07-02 06:00:00,4.3,97.9,0.5601,0.88,0.0575,320.57,312.62,59.8,38.1,82.5,109.6,98.6,102.94,0.15,12.5,C,0
2025-07-02 07:00:00,4.02,94.6,0.5627,0.9094,0.0523,263.44,278.09,56.3,38.3,82.6,109.0,90.9,100.05,0.12,11.1,C,0
2025-07-02 08:00:00,1.6,79.0,0.4536,0.88,0.0495,140.8,165.87,38.5,40.6,82.3,111.6,96.3,98.58,0.06,6.6,B,0
2025-07-02 09:00:00,5.13,128.3,0.6558,0.88,0.0618,429.66,403.67,93.2,35.2,82.6,112.2,93.9,97.83,0.2,16.1,C,0
2025-07-02 10:00:00,3.74,104.0,0.5214,0.88,0.0534,334.51,325.12,58.9,45.1,79.9,111.4,97.2,99.96,0.15,13.0,B,0
2025-07-02 11:00:00,2.88,112.4,0.5682,0.9401,0.0585,264.17,270.41,65.0,47.4,79.1,108.1,97.6,102.42,0.12,10.8,B,0
2025-07-02 12:00:00,3.63,110.0,0.4916,0.9285,0.0467,312.21,322.07,55.5,54.5,82.3,111.8,92.4,94.97,0.14,12.9,C,0
2025-07-02 13:00:00,3.64,94.0,0.4786,0.9293,0.0467,225.19,229.77,46.0,48.0,86.5,109.3,95.0,100.89,0.1,9.2,C,0
2025-07-02 14:00:00,2.97,91.1,0.633,0.88,0.0599,234.2,234.01,63.7,27.4,84.3,108.8,94.4,103.71,0.11,9.4,A,0
2025-07-02 15:00:00,3.66,94.9,0.5432,0.88,0.0542,272.98,282.85,56.2,38.7,78.3,108.7,89.6,98.19,0.12,11.3,B,0
2025-07-02 16:00:00,3.01,99.2,0.6161,0.9192,0.0568,195.8,196.89,64.3,34.8,81.2,110.0,93.2,100.77,0.09,7.9,C,0
2025-07-02 17:00:00,3.18,115.5,0.5204,0.88,0.0509,298.21,296.68,65.4,50.1,84.2,111.1,92.1,98.33,0.14,11.9,B,0
2025-07-02 18:00:00,2.95,98.1,0.4321,0.88,0.047,211.74,229.52,45.3,52.7,86.6,106.0,89.4,93.18,0.1,9.2,B,0
2025-07-02 19:00:00,2.35,136.2,0.4533,0.9031,0.0396,261.83,267.34,65.3,70.9,87.4,108.5,91.0,98.9,0.12,10.7,C,0
2025-07-02 20:00:00,3.62,125.4,0.5082,0.9173,0.0484,368.27,344.16,66.4,59.0,81.4,109.1,93.7,98.11,0.17,13.8,C,0
2025-07-02 21:00:00,3.97,122.1,0.4499,0.9129,0.0476,358.15,329.19,56.8,65.3,84.5,112.1,95.3,103.63,0.16,13.2,B,0
2025-07-02 22:00:00,3.91,108.2,0.4114,0.8948,0.0308,303.83,313.58,47.7,60.5,82.7,108.3,88.8,102.74,0.14,12.5,C,1
2025-07-02 23:00:00,4.16,132.7,0.5961,0.8954,0.0689,373.86,354.99,84.7,48.1,81.6,109.3,101.0,98.17,0.17,14.2,B,0
2025-07-03 00:00:00,3.76,106.7,0.4564,0.9185,0.0509,293.37,278.13,49.9,56.8,82.2,111.6,98.1,105.18,0.13,11.1,A,0
2025-07-03 01:00:00,3.07,109.5,0.5111,0.88,0.0434,276.69,288.58,61.2,48.3,82.2,110.1,94.6,103.48,0.13,11.5,A,0
2025-07-03 02:00:00,4.17,112.5,0.5237,0.9095,0.0418,306.09,310.6,62.5,50.0,85.5,113.1,88.9,100.53,0.14,12.4,C,0
2025-07-03 03:00:00,2.41,120.5,0.4529,0.88,0.0454,278.87,264.58,58.9,61.7,77.8,109.7,93.9,102.29,0.13,10.6,B,0
2025-07-03 04:00:00,2.78,119.6,0.6161,0.9312,0.056,250.0,279.21,76.5,43.0,83.4,113.8,93.6,98.46,0.11,11.2,A,0
2025-07-03 05:00:00,2.73,102.9,0.4106,0.8886,0.0459,208.67,212.57,44.5,58.3,86.6,114.1,89.6,93.91,0.09,8.5,B,0
2025-07-03 06:00:00,4.36,102.0,0.5209,0.88,0.0541,350.7,349.78,57.7,44.3,86.3,110.9,89.2,101.57,0.16,14.0,C,0
2025-07-03 07:00:00,4.25,119.6,0.5197,0.88,0.0526,350.47,367.49,67.5,52.1,83.7,110.8,98.8,97.21,0.16,14.7,A,0
2025-07-03 08:00:00,3.89,120.7,0.4957,0.88,0.0467,347.25,348.27,65.0,55.7,79.7,111.1,93.4,100.62,0.16,13.9,A,0
2025-07-03 09:00:00,4.36,104.1,0.3962,0.9292,0.0476,347.11,338.87,41.2,62.9,84.3,111.6,99.4,102.53,0.16,13.6,B,0
2025-07-03 10:00:00,2.8,86.2,0.5697,0.9269,0.0607,201.85,199.28,50.6,35.6,86.0,110.2,94.9,95.47,0.09,8.0,A,0
2025-07-03 11:00:00,3.78,106.9,0.5595,0.8897,0.059,308.91,329.37,64.4,42.5,80.5,112.3,98.8,101.92,0.14,13.2,B,0
2025-07-03 12:00:00,3.4,119.4,0.446,0.925,0.0506,329.59,332.27,54.0,65.4,83.1,111.0,98.6,103.78,0.15,13.3,B,0
2025-07-03 13:00:00,4.18,137.1,0.5566,0.88,0.0506,463.18,405.85,83.6,53.4,81.4,112.8,97.3,95.06,0.21,16.2,C,0
2025-07-03 14:00:00,3.41,92.0,0.53,0.9018,0.0594,242.46,262.01,51.4,40.6,80.2,107.1,100.9,103.42,0.11,10.5,C,0
2025-07-03 15:00:00,3.19,103.6,0.3976,0.9135,0.0384,257.1,259.2,42.5,61.1,81.1,110.4,95.5,107.0,0.12,10.4,A,0
2025-07-03 16:00:00,3.93,104.2,0.4317,0.8902,0.0448,321.37,309.37,47.7,56.5,82.4,112.0,87.5,100.53,0.15,12.4,C,0
2025-07-03 17:00:00,4.2,130.3,0.5911,0.88,0.0583,396.01,366.98,84.5,45.8,79.2,107.7,88.3,103.52,0.18,14.7,A,0
2025-07-03 18:00:00,2.97,109.5,0.5248,0.9043,0.0431,264.08,266.39,61.2,48.2,78.8,110.9,91.7,98.29,0.12,10.7,C,0
2025-07-03 19:00:00,3.45,96.4,0.4549,0.8901,0.0503,298.69,304.14,46.4,50.0,79.3,111.2,98.7,104.06,0.14,12.2,C,0
2025-07-03 20:00:00,2.65,118.4,0.4313,0.88,0.034,229.86,230.55,55.6,62.8,83.0,113.5,93.0,102.83,0.1,9.2,A,0
2025-07-03 21:00:00,1.5,103.9,0.4588,0.88,0.041,161.51,178.16,51.7,52.2,77.6,109.3,96.0,101.95,0.07,7.1,C,0
2025-07-03 22:00:00,3.66,91.6,0.4644,0.88,0.0442,227.85,266.41,46.1,45.6,75.3,110.4,97.7,101.78,0.1,10.7,B,0
2025-07-03 23:00:00,3.99,96.6,0.4323,0.88,0.0335,319.85,318.34,45.5,51.1,86.1,108.9,95.8,102.48,0.15,12.7,C,0
2025-07-04 00:00:00,3.71,136.0,0.3607,0.88,0.0306,386.77,384.63,52.9,83.2,79.0,109.7,83.5,101.11,0.18,15.4,B,0
2025-07-04 01:00:00,1.94,115.8,0.5912,0.88,0.0603,196.86,199.32,75.0,40.8,81.4,113.2,89.1,98.38,0.09,8.0,A,0
2025-07-04 02:00:00,3.22,111.6,0.5777,0.88,0.056,282.58,263.89,70.7,41.0,84.8,109.9,103.8,100.86,0.13,10.6,A,0
2025-07-04 03:00:00,1.73,106.3,0.3981,0.8906,0.0385,194.38,217.33,44.8,61.4,77.7,108.6,96.6,101.16,0.09,8.7,C,0
2025-07-04 04:00:00,4.6,114.4,0.5109,0.9193,0.0465,299.33,309.43,60.9,53.5,77.7,109.6,81.5,97.78,0.14,12.4,C,0
2025-07-04 05:00:00,2.63,114.2,0.4278,0.8865,0.043,261.25,281.09,52.1,62.1,80.1,109.0,95.3,100.97,0.12,11.2,C,0
2025-07-04 06:00:00,4.5,114.4,0.4791,0.9105,0.0463,327.73,317.46,57.3,57.1,84.9,109.1,104.0,101.11,0.15,12.7,C,0
2025-07-04 07:00:00,4.26,111.7,0.4724,0.917,0.039,364.4,369.16,55.2,56.6,81.9,108.9,96.4,99.74,0.17,14.8,B,0
2025-07-04 08:00:00,2.78,123.0,0.4658,0.88,0.0456,255.83,229.69,62.0,61.1,82.0,109.0,95.2,102.36,0.12,9.2,C,0
2025-07-04 09:00:00,2.59,110.3,0.6602,0.8923,0.0598,252.63,260.54,79.6,30.8,81.1,107.6,85.9,103.07,0.11,10.4,A,0
2025-07-04 10:00:00,3.78,95.3,0.4648,0.88,0.051,307.35,314.74,47.6,47.7,83.7,110.1,93.6,99.31,0.14,12.6,C,0
2025-07-04 11:00:00,2.82,100.8,0.4353,0.9182,0.0416,261.57,254.68,45.3,55.5,86.3,108.0,86.8,101.75,0.12,10.2,C,0
2025-07-04 12:00:00,3.58,80.3,0.439,0.88,0.0565,243.33,257.75,37.3,43.0,91.0,112.3,88.9,104.03,0.11,10.3,B,0
2025-07-04 13:00:00,3.11,140.4,0.5835,0.8856,0.0632,336.44,323.4,88.8,51.6,81.6,109.4,87.7,98.27,0.15,12.9,C,0
2025-07-04 14:00:00,2.08,122.9,0.3678,0.8835,0.0361,210.67,218.36,48.1,74.8,86.6,110.8,103.7,96.31,0.1,8.7,C,0
2025-07-04 15:00:00,1.72,97.5,0.439,0.88,0.0468,176.64,188.2,45.9,51.6,85.0,110.8,98.6,98.48,0.08,7.5,B,0
2025-07-04 16:00:00,3.68,105.8,0.6157,0.9101,0.0511,291.98,307.81,69.5,36.2,82.8,106.3,102.0,102.88,0.13,12.3,B,0
2025-07-04 17:00:00,3.05,100.4,0.5195,0.9016,0.0568,247.38,245.5,55.0,45.4,75.4,109.5,88.4,99.93,0.11,9.8,B,0
2025-07-04 18:00:00,3.06,133.1,0.5154,0.8809,0.0474,278.68,270.05,74.7,58.4,80.9,113.4,96.0,97.58,0.13,10.8,A,0
2025-07-04 19:00:00,4.06,88.7,0.6706,0.8985,0.0675,284.01,271.06,64.4,24.3,81.0,108.4,90.0,105.11,0.13,10.8,B,0
2025-07-04 20:00:00,4.44,111.7,0.5197,0.8933,0.0483,317.92,305.26,62.3,49.4,83.1,114.5,90.5,97.76,0.14,12.2,A,0
2025-07-04 21:00:00,3.28,108.4,0.4433,0.9009,0.0412,317.9,312.85,50.7,57.7,81.4,111.1,97.3,100.79,0.14,12.5,A,0
2025-07-04 22:00:00,3.23,122.4,0.4774,0.8859,0.0468,312.56,314.16,62.8,59.6,80.3,111.0,95.9,103.51,0.14,12.6,B,0
2025-07-04 23:00:00,3.9,108.4,0.4092,0.8827,0.0413,341.7,319.51,47.4,61.0,88.1,110.5,96.4,103.31,0.16,12.8,C,0
2025-07-05 00:00:00,2.41,83.6,0.6005,0.8821,0.0599,206.46,218.76,55.0,28.6,85.9,112.1,88.7,102.55,0.09,8.8,C,0
2025-07-05 01:00:00,3.68,106.2,0.546,0.88,0.0546,350.15,346.73,63.2,43.0,75.9,112.2,95.6,99.3,0.16,13.9,A,0
2025-07-05 02:00:00,3.94,95.4,0.59,0.88,0.0509,290.04,275.04,62.0,33.4,81.2,110.0,96.7,102.97,0.13,11.0,C,0
2025-07-05 03:00:00,4.04,111.2,0.597,0.8811,0.0714,319.5,312.43,72.2,39.0,83.9,109.1,91.6,101.34,0.15,12.5,B,0
2025-07-05 04:00:00,1.95,131.5,0.4669,0.88,0.0478,236.83,240.45,66.2,65.3,86.0,107.2,93.6,102.52,0.11,9.6,B,0
2025-07-05 05:00:00,2.89,83.9,0.4244,0.9149,0.0446,237.66,242.76,36.6,47.3,80.7,111.6,86.8,105.41,0.11,9.7,C,0
2025-07-05 06:00:00,2.8,98.0,0.4959,0.88,0.0479,211.5,215.01,52.8,45.2,81.4,110.1,84.2,97.72,0.1,8.6,C,0
2025-07-05 07:00:00,3.58,101.7,0.4302,0.88,0.0386,262.46,261.58,47.3,54.4,82.3,108.3,105.0,102.46,0.12,10.5,A,0
2025-07-05 08:00:00,3.88,104.3,0.5132,0.9337,0.0521,310.71,304.51,54.5,49.7,84.0,108.8,96.0,101.73,0.14,12.2,C,0
2025-07-05 09:00:00,4.7,121.1,0.5906,0.9247,0.0605,389.71,402.13,74.3,46.8,77.4,109.9,93.2,104.13,0.18,16.1,A,0
2025-07-05 10:00:00,3.1,107.4,0.4865,0.9308,0.0552,291.7,288.5,52.9,54.5,76.0,108.0,99.0,106.63,0.13,11.5,C,0
2025-07-05 11:00:00,3.1,116.2,0.512,0.88,0.0616,256.48,272.6,64.0,52.3,85.8,110.1,90.6,106.54,0.12,10.9,C,0
2025-07-05 12:00:00,4.42,100.6,0.4925,0.9222,0.0566,320.82,331.98,50.7,49.9,79.0,106.8,95.6,103.81,0.15,13.3,C,0
2025-07-05 13:00:00,3.74,113.4,0.5642,0.88,0.0476,313.69,289.05,70.4,43.0,88.4,108.9,100.5,99.5,0.14,11.6,C,0
2025-07-05 14:00:00,4.51,121.7,0.4466,0.884,0.0424,349.48,332.73,58.4,63.2,79.4,107.7,89.5,100.03,0.16,13.3,B,0
2025-07-05 15:00:00,3.73,99.0,0.3243,0.8932,0.0341,304.8,317.43,33.4,65.6,81.4,110.4,92.5,103.46,0.14,12.7,C,0
2025-07-05 16:00:00,2.57,121.7,0.5377,0.88,0.0518,265.54,267.75,71.4,50.3,83.1,108.0,88.1,97.44,0.12,10.7,A,0
2025-07-05 17:00:00,2.43,110.8,0.579,0.88,0.0577,237.64,240.82,70.2,40.5,75.6,108.9,99.2,100.6,0.11,9.6,B,0
2025-07-05 18:00:00,2.26,125.7,0.5357,0.88,0.0428,237.9,249.8,74.0,51.7,90.6,114.5,96.0,99.09,0.11,10.0,A,0
2025-07-05 19:00:00,4.03,107.0,0.4488,0.88,0.0494,309.08,316.74,51.4,55.5,80.8,111.7,100.9,97.77,0.14,12.7,B,0
2025-07-05 20:00:00,4.45,115.7,0.4092,0.9147,0.0315,333.16,322.77,49.5,66.2,79.5,111.2,99.2,102.04,0.15,12.9,C,0
2025-07-05 21:00:00,4.98,109.4,0.5396,0.903,0.0461,405.3,379.71,63.0,46.4,78.5,112.6,93.7,103.67,0.18,15.2,A,0
2025-07-05 22:00:00,4.17,108.6,0.5113,0.88,0.0461,359.87,309.74,60.6,48.0,83.1,111.0,97.1,103.1,0.16,12.4,C,0
2025-07-05 23:00:00,4.43,113.9,0.4899,0.905,0.0485,411.16,390.31,58.7,55.2,82.9,107.2,97.1,101.65,0.19,15.6,B,0
2025-07-06 00:00:00,3.04,118.1,0.6458,0.8856,0.0565,298.57,288.95,83.9,34.1,78.6,107.4,98.7,100.24,0.14,11.6,C,0
2025-07-06 01:00:00,2.57,91.3,0.4243,0.8875,0.0371,207.58,207.56,41.5,49.7,77.9,104.6,102.3,99.73,0.09,8.3,A,0
2025-07-06 02:00:00,4.18,131.5,0.642,0.88,0.0699,374.63,355.16,92.9,38.6,85.2,110.4,89.5,103.91,0.17,14.2,B,0
2025-07-06 03:00:00,3.83,82.1,0.5025,0.9423,0.0497,258.19,254.88,41.7,40.4,80.0,107.9,85.6,99.77,0.12,10.2,B,0
2025-07-06 04:00:00,3.59,99.7,0.3532,0.9174,0.0375,283.27,282.81,35.8,63.9,76.8,108.9,89.7,99.68,0.13,11.3,C,0
2025-07-06 05:00:00,3.81,108.6,0.4857,0.88,0.0424,306.59,296.97,57.5,51.1,81.6,109.4,97.4,102.53,0.14,11.9,C,0
2025-07-06 06:00:00,3.76,116.2,0.5768,0.88,0.0574,319.19,317.38,73.4,42.8,80.8,108.8,97.1,98.36,0.15,12.7,B,0
2025-07-06 07:00:00,4.53,133.6,0.4708,0.8918,0.0464,462.58,436.61,67.1,66.6,87.9,109.9,92.2,101.56,0.21,17.5,A,0
2025-07-06 08:00:00,4.54,82.1,0.382,0.8907,0.0342,267.51,281.86,33.3,48.8,80.4,109.4,93.6,99.71,0.12,11.3,A,0
2025-07-06 09:00:00,3.94,102.4,0.4868,0.945,0.0484,336.68,318.53,50.1,52.3,81.1,109.2,90.8,99.29,0.15,12.7,A,0
2025-07-06 10:00:00,4.18,78.1,0.4314,0.88,0.0337,255.82,276.8,36.7,41.4,82.7,106.9,94.5,100.55,0.12,11.1,C,0
2025-07-06 11:00:00,3.91,110.5,0.5393,0.8861,0.0561,311.3,318.73,64.3,46.2,80.3,110.5,91.5,103.56,0.14,12.7,C,0
2025-07-06 12:00:00,3.13,114.1,0.5619,0.9267,0.0542,267.12,283.93,66.4,47.7,83.3,114.4,103.2,101.83,0.12,11.4,B,0
2025-07-06 13:00:00,4.11,133.9,0.4155,0.88,0.0403,386.42,372.61,59.8,74.0,78.9,110.6,101.6,102.18,0.18,14.9,C,0
2025-07-06 14:00:00,2.38,111.8,0.4435,0.88,0.0486,248.73,248.45,53.1,58.7,81.3,114.5,98.6,103.58,0.11,9.9,C,0
2025-07-06 15:00:00,4.34,125.7,0.5605,0.88,0.0582,373.05,348.57,76.8,48.9,83.2,108.9,95.2,103.17,0.17,13.9,C,0
2025-07-06 16:00:00,2.54,118.8,0.4313,0.88,0.0415,278.36,297.33,55.2,63.6,85.4,109.5,100.7,100.76,0.13,11.9,A,0
2025-07-06 17:00:00,3.73,103.5,0.4134,0.88,0.0358,284.19,294.81,46.3,57.2,80.2,110.0,95.5,102.97,0.13,11.8,B,0
2025-07-06 18:00:00,2.82,88.9,0.4057,0.88,0.0472,217.79,215.79,38.3,50.6,80.2,109.7,95.8,100.79,0.1,8.6,B,0
2025-07-06 19:00:00,3.94,114.1,0.5282,0.88,0.0461,295.75,303.68,66.0,48.2,86.6,112.3,86.4,102.61,0.13,12.1,C,0
2025-07-06 20:00:00,3.47,87.6,0.5247,0.9112,0.0556,256.92,249.37,48.0,39.6,80.3,105.6,96.3,104.42,0.12,10.0,C,0
2025-07-06 21:00:00,2.22,129.4,0.4453,0.895,0.0365,253.08,258.6,61.6,67.8,81.8,109.1,88.5,102.86,0.12,10.3,A,0
2025-07-06 22:00:00,3.84,107.6,0.5004,0.8954,0.0546,351.2,350.85,57.0,50.5,87.1,113.3,93.0,97.56,0.16,14.0,A,0
2025-07-06 23:00:00,3.04,127.9,0.6222,0.8872,0.0673,326.47,337.73,86.6,41.3,82.2,109.0,95.8,99.81,0.15,13.5,C,0
2025-07-07 00:00:00,4.2,102.8,0.4221,0.8969,0.0326,319.78,315.05,46.3,56.5,81.3,111.9,90.5,103.24,0.15,12.6,A,0
2025-07-07 01:00:00,3.5,114.0,0.3439,0.8848,0.0366,338.08,325.44,41.3,72.7,81.5,111.2,97.4,94.83,0.15,13.0,C,0
2025-07-07 02:00:00,3.82,113.1,0.5364,0.9528,0.0555,333.5,324.1,60.6,52.5,79.8,109.9,100.3,102.27,0.15,13.0,B,0
2025-07-07 03:00:00,2.73,109.3,0.4912,0.88,0.0526,274.68,285.94,57.9,51.4,83.4,110.6,90.6,102.1,0.12,11.4,A,0
2025-07-07 04:00:00,3.03,103.5,0.4432,0.88,0.0461,240.52,252.5,49.3,54.2,79.2,109.8,95.6,109.48,0.11,10.1,A,0
2025-07-07 05:00:00,3.13,115.9,0.5522,0.88,0.0504,300.53,295.24,70.1,45.8,84.3,105.7,88.8,102.6,0.14,11.8,B,0
2025-07-07 06:00:00,4.19,96.1,0.5671,0.88,0.0556,311.7,280.26,59.6,36.5,82.0,110.9,89.2,100.97,0.14,11.2,B,0
2025-07-07 07:00:00,4.84,91.9,0.3233,0.8845,0.0407,276.87,246.69,30.8,61.1,82.7,108.8,96.6,104.79,0.13,9.9,A,0
2025-07-07 08:00:00,2.86,128.6,0.4478,0.9219,0.0392,335.38,328.28,59.5,69.1,87.2,107.2,98.6,100.27,0.15,13.1,A,0
2025-07-07 09:00:00,4.36,120.9,0.6854,0.9192,0.0702,336.51,309.14,87.6,33.3,77.7,110.8,87.5,101.43,0.15,12.4,C,0
2025-07-07 10:00:00,1.76,111.0,0.5467,0.88,0.0604,183.47,191.83,65.8,45.1,82.1,110.6,105.2,101.57,0.08,7.7,A,0
2025-07-07 11:00:00,2.54,135.0,0.5541,0.9305,0.0505,221.08,225.78,77.2,57.7,83.9,112.0,92.5,103.1,0.1,9.0,C,0
2025-07-07 12:00:00,2.73,106.0,0.5938,0.8922,0.0523,257.19,281.31,68.3,37.7,80.2,109.5,96.0,98.53,0.12,11.3,B,0
2025-07-07 13:00:00,2.42,129.8,0.5014,0.8868,0.0438,235.44,241.35,70.5,59.4,84.9,111.7,92.3,103.8,0.11,9.7,B,0
2025-07-07 14:00:00,2.23,112.6,0.5637,0.88,0.0583,222.67,236.08,69.3,43.4,80.4,110.0,93.6,99.72,0.1,9.4,C,0
2025-07-07 15:00:00,3.83,94.6,0.5574,0.88,0.0494,297.7,299.43,57.9,36.7,82.9,110.7,102.6,107.48,0.14,12.0,B,0
2025-07-07 16:00:00,3.33,137.7,0.5431,0.9746,0.0536,353.8,304.32,73.2,64.5,81.6,110.9,102.5,96.76,0.16,12.2,A,0
2025-07-07 17:00:00,3.8,124.9,0.4742,0.9284,0.0543,331.18,315.88,60.0,64.9,82.5,107.3,86.7,99.03,0.15,12.6,B,0
2025-07-07 18:00:00,4.05,108.2,0.5138,0.88,0.0511,279.82,263.34,60.4,47.8,82.2,110.8,92.2,95.21,0.13,10.5,A,0
2025-07-07 19:00:00,3.71,120.9,0.4529,0.88,0.0414,331.82,346.41,59.3,61.6,81.9,110.2,109.8,110.19,0.15,13.9,B,0
2025-07-07 20:00:00,4.03,103.9,0.501,0.891,0.0507,333.57,297.74,55.7,48.2,80.6,109.5,92.8,97.62,0.15,11.9,B,1
2025-07-07 21:00:00,3.44,122.4,0.4065,0.8864,0.0403,341.15,323.87,53.0,69.4,80.0,110.2,97.1,103.58,0.16,13.0,A,1
2025-07-07 22:00:00,2.55,74.1,0.4368,0.9101,0.0459,205.12,212.08,33.5,40.6,82.9,115.1,100.7,103.48,0.09,8.5,A,0
2025-07-07 23:00:00,4.35,94.7,0.4774,0.88,0.0558,286.61,271.61,48.4,46.3,82.2,106.2,99.3,98.58,0.13,10.9,C,0
2025-07-08 00:00:00,3.03,124.7,0.4245,0.8826,0.0444,268.09,269.03,56.5,68.2,79.9,109.7,80.9,103.62,0.12,10.8,C,0
2025-07-08 01:00:00,2.75,106.3,0.4596,0.88,0.0561,255.49,256.7,52.0,54.2,83.0,111.6,96.7,98.09,0.12,10.3,A,0
2025-07-08 02:00:00,3.36,113.1,0.4869,0.9075,0.051,301.67,298.51,57.6,55.5,80.6,107.5,103.7,98.86,0.14,11.9,A,0
2025-07-08 03:00:00,2.77,89.8,0.5322,0.88,0.0494,219.18,230.98,52.2,37.6,86.7,110.7,95.1,96.61,0.1,9.2,C,0
2025-07-08 04:00:00,3.17,137.7,0.5759,0.9483,0.069,315.46,311.31,79.4,58.3,89.5,110.6,89.8,103.31,0.14,12.5,A,0
2025-07-08 05:00:00,3.78,127.9,0.4629,0.88,0.0457,274.27,277.57,63.9,63.9,86.2,106.8,89.9,95.42,0.12,11.1,B,0
2025-07-08 06:00:00,3.78,107.0,0.6068,0.9174,0.0554,279.9,291.15,68.4,38.6,86.0,108.8,94.0,102.48,0.13,11.6,B,0
2025-07-08 07:00:00,2.78,103.9,0.5751,0.88,0.0691,257.46,240.79,64.8,39.1,84.4,113.6,98.4,100.93,0.12,9.6,C,0
2025-07-08 08:00:00,3.11,125.4,0.5403,0.88,0.0504,315.1,317.21,74.1,51.4,81.4,106.8,109.4,106.53,0.14,12.7,B,0
2025-07-08 09:00:00,4.36,139.7,0.5123,0.88,0.0474,460.6,411.04,78.0,61.7,76.3,109.1,93.6,101.4,0.21,16.4,B,0
2025-07-08 10:00:00,3.9,124.3,0.5255,0.8842,0.0498,364.88,340.18,70.9,53.4,78.9,109.7,97.8,103.84,0.17,13.6,C,0
2025-07-08 11:00:00,5.16,142.6,0.595,0.88,0.0603,521.46,485.93,93.0,49.6,80.0,110.0,87.3,102.83,0.24,19.4,B,0
2025-07-08 12:00:00,4.44,96.2,0.5979,0.88,0.0644,331.78,327.82,62.9,33.3,85.6,109.2,86.6,100.99,0.15,13.1,C,0
2025-07-08 13:00:00,4.42,97.7,0.6068,0.9033,0.0474,315.11,314.93,63.9,33.9,82.8,110.2,92.5,104.64,0.14,12.6,B,0
2025-07-08 14:00:00,2.39,92.2,0.5033,0.9099,0.055,206.64,207.34,48.3,43.8,80.0,109.9,97.2,102.44,0.09,8.3,A,0
2025-07-08 15:00:00,4.11,116.6,0.5444,0.8939,0.0517,261.35,280.26,68.2,48.4,76.5,111.4,94.6,104.0,0.12,11.2,B,0
2025-07-08 16:00:00,3.46,112.6,0.6075,0.8859,0.0587,284.55,276.82,74.7,37.9,89.0,111.7,95.3,98.52,0.13,11.1,C,0
2025-07-08 17:00:00,3.06,107.7,0.4501,0.9358,0.0536,255.22,249.13,48.4,59.3,83.6,110.9,93.6,102.88,0.12,10.0,B,1
2025-07-08 18:00:00,3.63,122.1,0.4745,0.88,0.0485,329.94,302.61,62.6,59.6,84.7,110.5,94.9,103.71,0.15,12.1,C,0
2025-07-08 19:00:00,4.26,128.5,0.5013,0.9041,0.0524,356.25,322.07,67.7,60.8,80.4,106.9,93.5,98.03,0.16,12.9,C,0
2025-07-08 20:00:00,3.9,87.1,0.572,0.9047,0.057,283.47,264.09,52.9,34.2,81.6,110.2,88.3,101.08,0.13,10.6,C,0
2025-07-08 21:00:00,2.8,101.0,0.5732,0.88,0.0611,224.93,234.2,63.2,37.9,81.0,112.2,87.5,96.08,0.1,9.4,B,0
2025-07-08 22:00:00,4.09,122.3,0.4815,0.8948,0.0562,395.84,386.63,62.0,60.3,82.2,106.8,101.8,96.54,0.18,15.5,A,0
2025-07-08 23:00:00,2.99,103.0,0.3793,0.88,0.0256,235.7,231.69,42.6,60.3,87.5,107.4,90.9,101.12,0.11,9.3,B,0
2025-07-09 00:00:00,3.67,98.0,0.5197,0.9105,0.0574,265.23,252.57,53.1,44.9,78.4,113.0,93.8,106.7,0.12,10.1,A,0
2025-07-09 01:00:00,3.26,125.3,0.4265,0.8919,0.0504,298.55,291.08,56.0,69.3,81.9,107.0,100.9,106.93,0.14,11.6,C,0
2025-07-09 02:00:00,3.32,90.7,0.3808,0.88,0.0406,236.31,241.84,36.7,53.9,83.1,109.8,93.7,100.39,0.11,9.7,A,0
2025-07-09 03:00:00,4.11,105.5,0.3989,0.88,0.0365,351.43,342.64,45.3,60.2,81.6,108.9,99.4,98.45,0.16,13.7,C,0
2025-07-09 04:00:00,2.67,114.9,0.5261,0.9154,0.0468,253.88,245.39,63.4,51.5,85.0,112.9,90.6,104.08,0.12,9.8,C,0
2025-07-09 05:00:00,5.06,101.4,0.6089,0.9005,0.0727,347.76,333.13,65.7,35.7,76.8,110.6,102.8,95.29,0.16,13.3,C,0
2025-07-09 06:00:00,2.04,121.7,0.5031,0.88,0.0458,221.51,243.03,66.7,55.0,87.7,111.6,96.1,100.09,0.1,9.7,B,0
2025-07-09 07:00:00,3.02,101.5,0.5169,0.8891,0.0593,248.74,238.8,56.0,45.5,77.9,110.1,94.9,99.06,0.11,9.6,B,1
2025-07-09 08:00:00,3.8,131.1,0.5946,0.8851,0.0614,371.27,355.12,84.9,46.2,78.6,114.0,94.2,101.04,0.17,14.2,B,0
2025-07-09 09:00:00,3.97,108.1,0.3764,0.89,0.0479,312.75,312.48,42.2,65.9,80.7,108.5,98.8,105.43,0.14,12.5,A,0
2025-07-09 10:00:00,3.42,120.1,0.5416,0.88,0.0526,311.34,291.83,71.0,49.1,80.1,110.7,96.2,93.54,0.14,11.7,B,0
2025-07-09 11:00:00,3.45,121.2,0.4991,0.9054,0.0419,347.32,344.24,64.2,57.0,83.3,112.5,79.0,102.23,0.16,13.8,C,0
2025-07-09 12:00:00,3.83,100.6,0.5453,0.88,0.0545,299.48,277.52,59.8,40.8,82.9,113.0,92.8,102.33,0.14,11.1,C,0
2025-07-09 13:00:00,3.32,79.2,0.4613,0.9031,0.0387,201.21,216.45,38.7,40.5,82.3,109.5,96.6,101.12,0.09,8.7,B,0
2025-07-09 14:00:00,4.61,115.4,0.4346,0.916,0.0568,371.23,356.23,50.7,64.7,77.7,105.9,90.2,102.17,0.17,14.2,A,0
2025-07-09 15:00:00,4.17,111.1,0.5112,0.88,0.0543,321.77,294.1,61.5,49.6,81.6,109.2,92.5,102.84,0.15,11.8,A,0
2025-07-09 16:00:00,4.2,118.3,0.6319,0.9279,0.0671,373.6,368.48,77.7,40.7,82.1,113.5,93.1,101.77,0.17,14.7,B,0
2025-07-09 17:00:00,2.73,106.6,0.5689,0.8929,0.0608,250.7,243.55,65.1,41.5,85.7,108.5,103.0,95.19,0.11,9.7,C,0
2025-07-09 18:00:00,3.44,103.5,0.4594,0.9018,0.0425,305.65,297.81,50.2,53.3,82.6,110.6,98.0,98.63,0.14,11.9,C,0
2025-07-09 19:00:00,3.26,140.1,0.3927,0.88,0.0386,326.36,326.15,59.0,81.2,83.1,109.4,96.6,106.09,0.15,13.0,B,0
2025-07-09 20:00:00,2.7,87.9,0.3654,0.88,0.0371,209.32,209.34,34.2,53.7,87.9,109.9,89.2,97.8,0.1,8.4,C,0
2025-07-09 21:00:00,3.79,121.0,0.6053,0.9073,0.0702,308.88,295.61,77.3,43.7,78.5,112.6,91.6,101.54,0.14,11.8,C,0
2025-07-09 22:00:00,3.07,101.4,0.4236,0.8841,0.0366,255.44,269.35,46.3,55.1,80.8,110.5,99.3,99.14,0.12,10.8,B,0
2025-07-09 23:00:00,4.02,105.0,0.474,0.88,0.0438,273.17,248.16,54.0,51.0,78.6,114.1,98.3,103.08,0.12,9.9,A,0
2025-07-10 00:00:00,2.64,105.2,0.6057,0.88,0.0588,247.91,265.67,70.1,35.2,86.8,112.0,87.9,100.69,0.11,10.6,A,0
2025-07-10 01:00:00,4.88,97.9,0.3709,0.8829,0.0337,336.14,304.8,38.9,59.1,87.0,110.3,102.0,103.26,0.15,12.2,A,0
2025-07-10 02:00:00,2.78,118.6,0.6194,0.9208,0.0546,277.75,267.83,77.3,41.3,86.6,109.8,90.7,102.45,0.13,10.7,B,0
2025-07-10 03:00:00,3.68,130.9,0.4797,0.9159,0.0344,380.02,367.58,66.1,64.8,83.6,110.7,96.8,100.13,0.17,14.7,B,0
2025-07-10 04:00:00,4.13,117.1,0.4081,0.8858,0.0317,357.19,352.77,51.6,65.5,83.1,107.5,108.7,94.61,0.16,14.1,C,0
2025-07-10 05:00:00,3.04,111.6,0.4802,0.88,0.0535,246.73,252.85,57.6,54.0,80.6,107.9,92.9,98.7,0.11,10.1,A,0
2025-07-10 06:00:00,4.18,95.2,0.4422,0.9123,0.0442,282.96,281.08,43.6,51.6,84.3,111.5,95.8,97.68,0.13,11.2,C,0
2025-07-10 07:00:00,2.52,117.8,0.5353,0.88,0.0577,255.39,252.35,68.4,49.4,78.2,111.8,92.2,97.66,0.12,10.1,C,0
2025-07-10 08:00:00,4.66,142.3,0.4481,0.88,0.0419,439.74,442.95,69.0,73.3,78.1,107.4,95.9,102.81,0.2,17.7,B,0
2025-07-10 09:00:00,3.51,104.3,0.3471,0.8959,0.0342,280.4,287.55,37.9,66.4,80.7,111.7,102.1,107.37,0.13,11.5,B,0
2025-07-10 10:00:00,3.02,104.4,0.4824,0.9455,0.0563,293.95,304.54,50.0,54.4,87.7,109.6,94.0,93.9,0.13,12.2,C,0
2025-07-10 11:00:00,3.26,101.6,0.3915,0.9391,0.0469,268.58,263.48,39.2,62.4,80.5,108.3,93.5,96.78,0.12,10.5,A,0
2025-07-10 12:00:00,4.15,102.7,0.5163,0.8868,0.0563,324.3,283.56,56.9,45.8,80.9,109.4,100.5,102.0,0.15,11.3,B,0
2025-07-10 13:00:00,3.03,68.8,0.405,0.899,0.0415,160.88,183.73,29.2,39.6,82.9,111.8,88.7,100.54,0.07,7.3,A,0
2025-07-10 14:00:00,2.9,116.1,0.461,0.912,0.0487,293.26,293.72,55.4,60.6,84.7,111.2,95.4,102.66,0.13,11.7,B,0
2025-07-10 15:00:00,3.32,97.3,0.5146,0.88,0.0533,320.33,314.77,54.3,43.0,85.8,110.6,91.4,101.16,0.15,12.6,C,0
2025-07-10 16:00:00,2.56,85.8,0.483,0.9151,0.0475,223.29,224.41,43.1,42.8,78.6,110.8,93.8,105.25,0.1,9.0,C,0
2025-07-10 17:00:00,4.96,121.3,0.52,0.8976,0.05,395.35,370.2,67.3,54.0,81.7,107.7,90.6,103.01,0.18,14.8,C,0
2025-07-10 18:00:00,3.05,93.8,0.5544,0.9322,0.0611,283.02,273.36,53.1,40.7,82.7,111.1,87.9,103.93,0.13,10.9,C,0
2025-07-10 19:00:00,4.17,104.9,0.4074,0.917,0.0343,321.72,314.08,44.3,60.6,83.0,109.1,84.0,104.35,0.15,12.6,C,0
2025-07-10 20:00:00,3.67,132.0,0.4948,0.9047,0.0569,367.5,334.63,68.2,63.8,84.6,114.0,92.7,97.72,0.17,13.4,C,0
2025-07-10 21:00:00,2.71,88.9,0.2336,0.8834,0.022,210.53,225.78,21.8,67.0,84.5,109.2,96.1,103.06,0.1,9.0,A,0
2025-07-10 22:00:00,3.5,87.0,0.5198,0.9493,0.0454,239.83,264.62,45.7,41.3,82.1,114.5,99.1,103.23,0.11,10.6,A,0
2025-07-10 23:00:00,4.13,114.0,0.4759,0.9012,0.0449,276.63,268.11,57.4,56.6,85.5,109.7,88.3,100.27,0.13,10.7,C,0
2025-07-11 00:00:00,3.35,127.2,0.4213,0.9054,0.0378,348.5,312.64,56.3,71.0,84.9,109.8,95.8,100.26,0.16,12.5,B,0
2025-07-11 01:00:00,4.45,86.4,0.5253,0.88,0.0496,278.6,275.6,49.5,36.9,84.7,109.4,97.8,100.34,0.13,11.0,B,0
2025-07-11 02:00:00,4.32,116.1,0.5938,0.8849,0.0564,352.9,344.69,75.3,40.8,80.4,107.5,96.8,98.66,0.16,13.8,B,0
2025-07-11 03:00:00,4.24,118.7,0.4619,0.8919,0.043,369.24,360.97,58.6,60.1,84.1,112.7,96.3,97.16,0.17,14.4,C,0
2025-07-11 04:00:00,3.13,79.1,0.4244,0.88,0.0409,206.68,229.76,36.2,43.0,85.6,110.2,84.2,107.74,0.09,9.2,C,0
2025-07-11 05:00:00,2.64,122.0,0.5132,0.88,0.051,277.61,285.6,68.0,54.0,80.5,111.3,94.4,104.54,0.13,11.4,B,0
2025-07-11 06:00:00,3.01,123.1,0.3932,0.88,0.0431,326.56,292.43,51.5,71.6,82.4,113.2,94.6,101.38,0.15,11.7,A,0
2025-07-11 07:00:00,3.66,105.3,0.4472,0.88,0.0435,305.17,283.37,50.8,54.5,86.7,109.7,97.7,96.9,0.14,11.3,A,0
2025-07-11 08:00:00,3.94,128.8,0.5978,0.88,0.0614,363.0,354.81,84.4,44.4,83.2,109.8,101.9,102.94,0.17,14.2,A,0
2025-07-11 09:00:00,1.76,127.0,0.505,0.88,0.0505,223.33,225.52,69.6,57.4,81.7,110.3,93.7,100.21,0.1,9.0,B,0
2025-07-11 10:00:00,3.49,111.5,0.3496,0.88,0.0377,305.65,319.48,41.3,70.2,86.4,107.4,93.3,100.83,0.14,12.8,C,0
2025-07-11 11:00:00,3.63,103.2,0.3562,0.8813,0.0359,268.92,257.87,39.1,64.1,80.6,106.3,95.7,108.04,0.12,10.3,B,0
2025-07-11 12:00:00,3.28,95.4,0.513,0.9225,0.0481,258.32,270.12,50.7,44.7,76.9,107.0,95.1,106.99,0.12,10.8,A,0
2025-07-11 13:00:00,4.53,109.4,0.569,0.9333,0.0523,373.48,347.15,64.2,45.3,79.7,112.5,97.2,94.2,0.17,13.9,A,0
2025-07-11 14:00:00,3.84,118.5,0.3706,0.9002,0.0381,339.24,332.13,45.7,72.8,85.4,109.3,97.6,102.4,0.15,13.3,A,1
2025-07-11 15:00:00,4.55,105.1,0.536,0.88,0.06,329.29,308.31,61.0,44.1,83.6,111.6,94.1,101.8,0.15,12.3,C,0
2025-07-11 16:00:00,3.33,77.0,0.6064,0.88,0.0595,211.89,225.14,51.4,25.7,82.2,109.5,97.5,102.37,0.1,9.0,C,0
2025-07-11 17:00:00,4.25,129.0,0.651,0.9206,0.0616,410.79,407.9,88.5,40.5,85.2,106.8,93.9,99.63,0.19,16.3,B,0
2025-07-11 18:00:00,4.81,112.9,0.5265,0.9027,0.0514,341.67,334.1,63.0,49.9,82.5,111.7,87.7,101.31,0.16,13.4,C,0
2025-07-11 19:00:00,4.55,104.3,0.5405,0.9133,0.0512,315.79,334.04,59.2,45.1,81.3,108.2,89.2,98.02,0.14,13.4,C,0
2025-07-11 20:00:00,2.63,122.9,0.3293,0.8857,0.0296,236.96,234.16,43.0,79.8,84.5,111.2,83.3,104.41,0.11,9.4,A,0
2025-07-11 21:00:00,3.3,132.9,0.668,0.8853,0.0596,336.44,327.38,97.9,35.0,80.9,111.8,103.3,104.32,0.15,13.1,B,0
2025-07-11 22:00:00,3.22,68.0,0.454,0.9142,0.0442,205.92,222.44,32.0,36.0,83.5,109.9,101.4,106.22,0.09,8.9,A,0
2025-07-11 23:00:00,3.89,116.5,0.4253,0.8845,0.0437,372.9,341.91,52.9,63.6,79.6,110.9,100.2,98.98,0.17,13.7,C,0
2025-07-12 00:00:00,4.05,88.6,0.4796,0.88,0.0425,308.31,302.88,46.2,42.4,78.8,107.2,93.9,102.11,0.14,12.1,B,1
2025-07-12 01:00:00,2.83,117.5,0.6209,0.9192,0.0577,259.39,267.8,76.8,40.7,79.4,115.9,99.9,107.43,0.12,10.7,C,0
2025-07-12 02:00:00,3.55,111.9,0.6766,0.88,0.0629,311.23,316.83,84.1,27.9,81.9,110.9,99.5,99.27,0.14,12.7,C,0
2025-07-12 03:00:00,1.88,119.5,0.51,0.88,0.0441,215.44,233.58,66.6,52.9,80.1,111.6,87.7,98.27,0.1,9.3,B,0
2025-07-12 04:00:00,4.65,102.5,0.5798,0.9069,0.0532,387.52,355.08,63.2,39.3,80.1,111.9,91.1,102.2,0.18,14.2,B,0
2025-07-12 05:00:00,3.09,81.9,0.5035,0.9033,0.0494,239.32,246.36,43.6,38.4,81.5,109.7,97.7,104.8,0.11,9.9,A,0
2025-07-12 06:00:00,3.54,103.2,0.417,0.9103,0.035,288.55,269.14,45.1,58.2,81.8,110.2,92.6,99.3,0.13,10.8,B,0
2025-07-12 07:00:00,3.25,116.1,0.6181,0.88,0.0611,281.56,270.66,79.0,37.1,77.3,112.2,91.5,107.1,0.13,10.8,A,1
2025-07-12 08:00:00,4.42,125.2,0.4502,0.8913,0.0415,272.23,269.38,60.2,65.0,74.4,109.3,99.1,98.55,0.12,10.8,A,0
2025-07-12 09:00:00,1.5,92.4,0.6228,0.88,0.0576,148.97,173.86,63.5,28.9,83.2,110.8,90.9,103.27,0.07,7.0,B,0
2025-07-12 10:00:00,3.49,125.4,0.6039,0.88,0.0623,279.22,283.6,83.1,42.3,82.4,110.9,107.4,99.27,0.13,11.3,A,0
2025-07-12 11:00:00,3.42,100.3,0.5491,0.919,0.0517,239.37,243.87,57.5,42.8,77.9,108.5,103.0,99.9,0.11,9.8,C,0
2025-07-12 12:00:00,3.14,115.4,0.6463,0.88,0.0623,333.65,329.96,82.4,33.0,83.3,110.9,93.9,103.77,0.15,13.2,B,0
2025-07-12 13:00:00,4.88,102.4,0.6786,0.898,0.0743,311.99,312.1,75.1,27.3,83.3,106.6,101.2,100.67,0.14,12.5,C,0
2025-07-12 14:00:00,2.79,112.7,0.486,0.9324,0.044,240.97,248.6,56.1,56.6,81.1,111.8,95.9,96.74,0.11,9.9,C,0
2025-07-12 15:00:00,4.12,123.4,0.4353,0.8967,0.0514,336.63,317.91,56.0,67.3,87.9,113.1,92.9,98.9,0.15,12.7,A,0
2025-07-12 16:00:00,3.79,91.6,0.3509,0.9208,0.0333,326.09,303.91,32.8,58.8,85.8,111.8,104.9,103.47,0.15,12.2,C,0
2025-07-12 17:00:00,4.51,99.8,0.6796,0.9098,0.0623,323.2,311.65,72.7,27.1,80.8,113.0,97.0,102.49,0.15,12.5,A,0
2025-07-12 18:00:00,2.97,112.8,0.4648,0.9025,0.0437,295.88,281.52,55.3,57.5,80.9,108.5,90.5,103.48,0.13,11.3,C,0
2025-07-12 19:00:00,2.91,146.0,0.5908,0.9073,0.0594,340.75,338.64,91.5,54.5,77.6,109.6,97.3,99.49,0.15,13.5,A,0
2025-07-12 20:00:00,4.38,97.1,0.4407,0.9097,0.0503,259.14,277.11,44.1,53.0,85.7,110.3,103.4,98.12,0.12,11.1,C,0
2025-07-12 21:00:00,3.84,140.6,0.6231,0.88,0.0663,442.43,426.66,96.2,44.4,82.7,110.3,95.0,98.84,0.2,17.1,A,0
2025-07-12 22:00:00,2.26,140.1,0.444,0.88,0.0447,287.76,262.46,67.0,73.1,84.5,109.1,96.0,99.05,0.13,10.5,A,0
2025-07-12 23:00:00,3.07,108.5,0.4047,0.9304,0.0468,268.11,260.68,44.0,64.6,75.6,108.2,93.5,101.16,0.12,10.4,B,0
2025-07-13 00:00:00,3.81,105.5,0.4833,0.9135,0.0389,348.41,336.42,53.6,51.9,84.3,113.5,96.8,97.75,0.16,13.5,A,0
2025-07-13 01:00:00,4.17,99.6,0.4575,0.8972,0.047,298.6,275.6,48.1,51.5,80.5,108.3,90.1,104.5,0.14,11.0,A,0
2025-07-13 02:00:00,2.96,109.0,0.5477,0.88,0.0563,262.48,263.45,65.0,44.0,83.8,113.3,91.0,102.85,0.12,10.5,B,0
2025-07-13 03:00:00,1.5,88.9,0.4959,0.88,0.0512,157.29,176.83,47.7,41.2,83.6,111.0,93.3,98.71,0.07,7.1,B,0
2025-07-13 04:00:00,3.92,108.9,0.5502,0.9087,0.047,346.52,355.29,63.6,45.3,81.9,110.4,95.8,100.7,0.16,14.2,A,0
2025-07-13 05:00:00,2.52,132.5,0.4767,0.88,0.0426,302.36,320.37,68.7,63.8,79.9,111.1,100.6,98.64,0.14,12.8,A,1
2025-07-13 06:00:00,1.89,100.8,0.4468,0.88,0.0438,199.56,199.52,48.6,52.2,83.2,113.0,94.3,100.85,0.09,8.0,C,0
2025-07-13 07:00:00,1.5,106.4,0.4533,0.88,0.0509,169.0,182.81,51.6,54.8,79.5,104.8,99.1,98.8,0.08,7.3,C,0
2025-07-13 08:00:00,4.15,84.5,0.6636,0.88,0.0759,259.54,259.46,61.7,22.7,85.2,110.7,92.8,107.73,0.12,10.4,B,0
2025-07-13 09:00:00,3.6,115.6,0.518,0.88,0.0485,288.08,276.14,65.3,50.3,79.8,110.3,97.9,96.53,0.13,11.0,A,0
2025-07-13 10:00:00,3.32,114.0,0.3413,0.88,0.0276,324.7,317.36,41.9,72.0,82.1,110.4,101.0,97.49,0.15,12.7,C,0
2025-07-13 11:00:00,4.61,111.0,0.4584,0.88,0.0499,312.28,304.37,54.6,56.4,79.8,111.9,94.4,100.59,0.14,12.2,C,0
2025-07-13 12:00:00,4.01,106.7,0.5077,0.88,0.0638,360.03,355.42,58.1,48.7,82.5,108.8,96.8,101.58,0.16,14.2,A,0
2025-07-13 13:00:00,4.79,105.6,0.6476,0.88,0.0703,395.29,398.78,75.3,30.3,78.9,107.7,92.1,101.6,0.18,16.0,B,0
2025-07-13 14:00:00,2.39,117.5,0.5823,0.88,0.0545,230.69,237.38,75.1,42.4,79.6,107.2,97.9,104.05,0.1,9.5,B,0
2025-07-13 15:00:00,3.47,109.6,0.4263,0.88,0.0569,284.81,276.16,49.2,60.4,88.9,108.2,81.0,102.63,0.13,11.0,C,0
2025-07-13 16:00:00,2.21,114.7,0.6935,0.8912,0.0728,220.84,218.08,87.0,27.7,84.5,111.4,86.9,98.53,0.1,8.7,B,0
2025-07-13 17:00:00,3.32,113.2,0.4975,0.88,0.0458,304.88,325.61,61.3,51.9,83.1,111.0,97.9,104.49,0.14,13.0,C,0
2025-07-13 18:00:00,3.3,126.9,0.5997,0.8894,0.0696,361.33,361.06,82.0,44.8,83.5,111.8,86.8,103.18,0.16,14.4,C,0
2025-07-13 19:00:00,4.0,120.2,0.4076,0.899,0.0364,386.09,374.73,51.7,68.4,82.9,109.1,92.6,105.46,0.18,15.0,B,0
2025-07-13 20:00:00,3.54,112.9,0.3081,0.88,0.0277,294.98,288.65,37.1,75.7,81.7,109.2,102.0,101.45,0.13,11.5,A,0
2025-07-13 21:00:00,4.0,132.8,0.3873,0.903,0.0424,423.5,428.98,53.2,79.6,84.3,113.3,99.3,104.57,0.19,17.2,C,1
2025-07-13 22:00:00,4.06,116.3,0.24,0.88,0.0239,378.91,359.5,29.4,86.9,79.5,112.0,107.0,93.13,0.17,14.4,C,0
2025-07-13 23:00:00,5.22,129.6,0.669,0.88,0.0671,445.62,386.35,95.9,33.6,86.8,111.5,95.4,99.84,0.2,15.5,A,0
2025-07-14 00:00:00,3.25,119.1,0.5172,0.8857,0.0519,302.72,300.72,66.5,52.6,82.4,106.4,94.6,98.56,0.14,12.0,C,0
2025-07-14 01:00:00,2.75,82.4,0.426,0.9037,0.0482,228.12,222.0,36.4,46.0,84.4,113.9,95.1,103.41,0.1,8.9,A,0
2025-07-14 02:00:00,3.7,129.6,0.5362,0.8814,0.042,386.5,372.94,76.3,53.3,86.7,109.8,90.4,99.08,0.18,14.9,A,0
2025-07-14 03:00:00,2.86,112.0,0.5151,0.9321,0.0529,292.58,305.41,58.9,53.1,83.5,110.3,93.9,104.23,0.13,12.2,A,0
2025-07-14 04:00:00,4.69,109.2,0.5497,0.886,0.0535,440.76,383.32,65.1,44.1,79.6,110.9,88.7,103.66,0.2,15.3,B,0
2025-07-14 05:00:00,3.27,114.2,0.5968,0.8916,0.0559,307.41,289.55,73.9,40.3,85.7,110.3,100.9,99.48,0.14,11.6,C,1
2025-07-14 06:00:00,3.05,104.8,0.4768,0.88,0.0439,269.05,278.58,54.3,50.6,87.1,109.7,98.7,102.02,0.12,11.1,C,0
2025-07-14 07:00:00,3.12,113.4,0.4296,0.88,0.0298,315.53,301.5,53.3,60.1,76.2,110.3,89.2,100.66,0.14,12.1,C,0
2025-07-14 08:00:00,4.07,101.1,0.5662,0.8924,0.0526,357.59,350.26,61.8,39.3,81.7,111.3,91.7,101.65,0.16,14.0,A,0
2025-07-14 09:00:00,3.37,129.1,0.5642,0.88,0.0629,315.1,313.42,79.2,49.9,82.9,111.7,97.0,103.55,0.14,12.5,B,0
2025-07-14 10:00:00,2.99,108.3,0.5081,0.9373,0.055,261.51,272.17,55.6,52.7,81.2,112.4,96.4,100.32,0.12,10.9,C,0
2025-07-14 11:00:00,4.83,104.3,0.6742,0.88,0.0665,323.07,305.73,77.9,26.4,78.3,107.8,89.8,96.33,0.15,12.2,C,0
2025-07-14 12:00:00,2.82,96.1,0.465,0.8921,0.0394,239.65,217.71,48.0,48.2,79.4,108.9,95.3,103.09,0.11,8.7,C,0
2025-07-14 13:00:00,3.53,114.0,0.428,0.88,0.0469,331.15,327.07,52.2,61.9,76.5,111.7,97.9,104.52,0.15,13.1,B,0
2025-07-14 14:00:00,4.02,112.8,0.5334,0.88,0.0599,306.37,279.99,65.1,47.7,84.9,106.9,98.0,96.2,0.14,11.2,A,0
2025-07-14 15:00:00,2.19,115.8,0.446,0.8869,0.0498,256.01,267.78,54.8,61.0,86.1,110.3,103.4,101.19,0.12,10.7,B,0
2025-07-14 16:00:00,3.88,94.6,0.5396,0.88,0.0491,270.53,269.46,55.8,38.7,86.1,108.4,96.3,98.5,0.12,10.8,B,0
2025-07-14 17:00:00,2.66,86.0,0.4334,0.88,0.039,198.77,206.45,40.3,45.7,81.9,111.1,88.8,104.68,0.09,8.3,A,0
2025-07-14 18:00:00,4.16,119.4,0.468,0.88,0.0551,392.7,385.32,59.8,59.6,82.8,108.3,89.7,104.85,0.18,15.4,B,0
2025-07-14 19:00:00,2.73,132.3,0.6513,0.949,0.0591,281.25,258.25,88.0,44.3,85.2,109.3,101.3,98.87,0.13,10.3,A,0
2025-07-14 20:00:00,4.05,94.6,0.4676,0.88,0.0491,255.52,255.02,47.6,47.0,81.3,109.4,103.1,97.35,0.12,10.2,B,1
2025-07-14 21:00:00,4.38,133.8,0.4361,0.8984,0.0347,437.14,419.89,62.2,71.6,79.2,110.5,94.8,102.03,0.2,16.8,B,0
2025-07-14 22:00:00,4.19,114.3,0.5937,0.88,0.0579,342.55,334.85,74.5,39.8,80.3,111.9,96.9,97.97,0.16,13.4,B,0
2025-07-14 23:00:00,3.7,109.9,0.4159,0.8993,0.0445,339.26,321.32,47.7,62.1,82.5,112.1,95.5,103.87,0.15,12.9,C,0
2025-07-15 00:00:00,3.31,104.0,0.4446,0.8907,0.0443,293.15,283.22,49.2,54.8,79.9,110.4,93.5,100.91,0.13,11.3,A,0
2025-07-15 01:00:00,3.04,89.2,0.5461,0.8805,0.0572,198.69,221.92,53.0,36.2,83.4,107.8,87.5,106.12,0.09,8.9,A,0
2025-07-15 02:00:00,4.68,124.8,0.5751,0.9016,0.0514,450.89,440.74,76.9,47.9,77.9,115.2,97.4,106.25,0.2,17.6,C,0
2025-07-15 03:00:00,2.94,98.4,0.5976,0.88,0.0557,280.62,270.6,64.7,33.7,81.3,109.8,103.9,105.96,0.13,10.8,B,0
2025-07-15 04:00:00,2.67,98.3,0.4402,0.8993,0.0464,249.05,265.96,45.4,52.9,83.2,110.5,95.9,102.51,0.11,10.6,C,0
2025-07-15 05:00:00,4.03,124.9,0.5477,0.9286,0.0583,397.96,391.03,70.2,54.7,82.4,110.5,93.5,98.46,0.18,15.6,C,0
2025-07-15 06:00:00,2.86,81.8,0.4627,0.9087,0.0474,204.0,217.64,39.4,42.3,79.8,110.7,92.8,96.85,0.09,8.7,B,0
2025-07-15 07:00:00,2.74,87.1,0.4515,0.88,0.0499,205.19,219.01,42.2,45.0,84.2,108.3,97.5,103.08,0.09,8.8,B,0
2025-07-15 08:00:00,2.35,109.7,0.5963,0.88,0.0513,237.43,230.25,72.2,37.6,82.8,110.9,100.8,103.31,0.11,9.2,A,0
2025-07-15 09:00:00,3.11,114.4,0.456,0.9028,0.0433,306.95,320.54,54.9,59.5,75.7,113.6,97.7,102.09,0.14,12.8,C,0
2025-07-15 10:00:00,3.43,117.3,0.5223,0.899,0.0613,333.24,336.73,64.5,52.7,83.4,106.0,85.7,97.31,0.15,13.5,B,0
2025-07-15 11:00:00,3.69,105.5,0.5124,0.88,0.0577,286.73,286.71,58.3,47.1,80.7,110.1,103.7,98.91,0.13,11.5,A,0
2025-07-15 12:00:00,4.26,148.0,0.4143,0.88,0.0446,418.22,399.81,65.5,82.5,80.4,107.8,99.2,101.55,0.19,16.0,B,0
2025-07-15 13:00:00,3.92,106.6,0.5773,0.9118,0.057,273.19,271.15,64.9,41.7,79.5,112.0,94.1,99.46,0.12,10.8,A,0
2025-07-15 14:00:00,3.35,106.5,0.5448,0.88,0.0597,296.56,284.91,63.0,43.5,79.0,112.3,92.3,98.97,0.13,11.4,A,0
2025-07-15 15:00:00,3.34,98.0,0.3411,0.8914,0.0363,254.53,262.14,35.0,63.1,82.6,109.7,92.8,98.4,0.12,10.5,A,0
2025-07-15 16:00:00,3.91,111.9,0.5222,0.9298,0.0446,316.24,298.12,60.3,51.5,83.6,110.1,99.3,100.89,0.14,11.9,B,0
2025-07-15 17:00:00,4.52,119.2,0.4382,0.88,0.0488,435.78,413.2,55.8,63.4,82.5,108.2,85.1,100.68,0.2,16.5,B,0
2025-07-15 18:00:00,3.6,128.1,0.5878,0.9316,0.0544,362.22,349.38,77.9,50.2,84.8,105.3,97.6,98.82,0.16,14.0,A,0
2025-07-15 19:00:00,3.12,87.7,0.3844,0.88,0.0422,236.62,245.0,35.8,51.9,83.7,109.5,96.4,101.33,0.11,9.8,C,0
2025-07-15 20:00:00,2.71,106.3,0.4715,0.9039,0.0391,263.33,274.36,53.2,53.2,76.0,109.6,96.3,102.05,0.12,11.0,C,0
2025-07-15 21:00:00,2.34,116.7,0.529,0.88,0.0609,272.83,276.58,66.7,50.0,79.3,110.1,89.2,102.36,0.12,11.1,C,0
2025-07-15 22:00:00,4.03,118.8,0.5043,0.9165,0.0491,300.62,304.39,62.4,56.4,85.6,103.4,86.5,98.43,0.14,12.2,A,0
2025-07-15 23:00:00,3.96,110.1,0.561,0.9139,0.0506,307.72,276.19,65.1,45.0,78.2,106.5,106.2,100.38,0.14,11.0,C,0
2025-07-16 00:00:00,3.96,118.1,0.3785,0.9022,0.0344,336.29,332.42,46.8,71.3,73.8,107.0,95.7,101.35,0.15,13.3,B,1
2025-07-16 01:00:00,3.4,97.9,0.6322,0.88,0.0615,244.11,248.27,68.2,29.6,87.5,110.2,104.7,101.68,0.11,9.9,C,0
2025-07-16 02:00:00,4.63,133.4,0.542,0.88,0.0542,415.19,399.47,78.8,54.6,82.9,111.2,99.5,97.3,0.19,16.0,A,0
2025-07-16 03:00:00,3.11,124.9,0.6088,0.88,0.0675,266.98,260.93,83.2,41.7,80.0,107.7,95.6,100.28,0.12,10.4,A,0
2025-07-16 04:00:00,4.26,89.8,0.5699,0.9216,0.0573,308.24,317.08,53.3,36.5,79.5,109.4,96.2,103.08,0.14,12.7,C,0
2025-07-16 05:00:00,3.47,93.9,0.4991,0.8952,0.0391,248.91,254.22,50.4,43.4,83.9,108.8,100.4,99.52,0.11,10.2,A,0
2025-07-16 06:00:00,3.01,94.3,0.3973,0.88,0.0336,243.02,238.88,40.5,53.8,83.4,114.1,101.0,102.37,0.11,9.6,B,0
2025-07-16 07:00:00,3.97,120.2,0.4549,0.88,0.0593,350.4,329.37,57.9,62.2,83.0,109.2,97.4,101.34,0.16,13.2,A,0
2025-07-16 08:00:00,3.83,90.7,0.6272,0.9223,0.0634,281.21,289.82,59.5,31.2,81.4,109.1,100.5,99.92,0.13,11.6,B,0
2025-07-16 09:00:00,3.79,105.0,0.6108,0.8836,0.0658,239.48,242.69,70.0,35.0,78.2,108.4,100.7,105.09,0.11,9.7,C,0
2025-07-16 10:00:00,3.57,116.8,0.4504,0.88,0.0435,328.65,319.29,56.8,60.0,81.9,106.2,96.6,100.39,0.15,12.8,B,0
2025-07-16 11:00:00,3.47,109.0,0.2745,0.88,0.0224,286.91,281.47,32.0,77.0,85.2,111.3,92.0,100.67,0.13,11.3,B,0
2025-07-16 12:00:00,5.41,113.9,0.483,0.8855,0.0459,429.89,423.88,59.3,54.6,80.4,109.5,97.5,99.85,0.2,17.0,B,0
2025-07-16 13:00:00,4.45,94.0,0.477,0.88,0.0483,275.86,280.14,48.5,45.6,83.8,109.2,91.3,105.74,0.13,11.2,C,0
2025-07-16 14:00:00,4.08,118.9,0.48,0.8892,0.0457,364.45,331.4,61.2,57.7,80.8,110.4,93.1,105.47,0.17,13.3,B,0
2025-07-16 15:00:00,3.59,100.8,0.5423,0.9426,0.0638,311.35,291.73,54.9,45.9,84.4,106.8,97.0,104.74,0.14,11.7,B,0
2025-07-16 16:00:00,4.31,105.1,0.5701,0.88,0.0539,334.19,324.13,65.7,39.4,79.1,113.5,94.6,103.91,0.15,13.0,B,0
2025-07-16 17:00:00,3.91,113.6,0.5792,0.8843,0.0526,309.04,294.24,71.9,41.7,82.0,106.4,101.6,98.65,0.14,11.8,A,0
2025-07-16 18:00:00,3.52,111.5,0.5357,0.915,0.0576,285.17,256.21,62.2,49.4,83.4,113.6,91.7,99.95,0.13,10.2,B,0
2025-07-16 19:00:00,3.26,110.4,0.3559,0.9115,0.0403,298.45,284.23,40.0,70.4,80.0,110.0,84.4,98.99,0.14,11.4,B,0
2025-07-16 20:00:00,3.44,98.7,0.4727,0.88,0.0474,281.44,275.9,50.4,48.3,83.1,109.2,101.6,104.39,0.13,11.0,C,0
2025-07-16 21:00:00,1.5,105.5,0.6843,0.88,0.0654,186.59,195.43,80.2,25.3,81.9,111.3,95.2,108.31,0.08,7.8,A,0
2025-07-16 22:00:00,3.67,110.0,0.5299,0.88,0.0435,305.88,309.37,64.0,46.0,81.9,109.3,95.5,103.34,0.14,12.4,B,0
2025-07-16 23:00:00,3.11,89.4,0.5294,0.88,0.059,237.36,219.21,51.2,38.2,80.0,111.9,91.1,106.33,0.11,8.8,C,0
2025-07-17 00:00:00,4.77,103.1,0.5288,0.9004,0.0572,345.62,322.43,57.6,45.4,85.0,110.6,85.6,102.67,0.16,12.9,A,0
2025-07-17 01:00:00,3.52,115.8,0.5332,0.9216,0.0511,301.52,306.49,64.1,51.7,79.2,111.4,90.9,102.25,0.14,12.3,B,0
2025-07-17 02:00:00,2.55,90.8,0.3094,0.88,0.0312,223.39,223.55,29.8,61.1,82.8,112.1,97.9,99.56,0.1,8.9,B,0
2025-07-17 03:00:00,3.46,127.3,0.4808,0.88,0.047,342.8,313.73,66.3,61.0,79.5,109.7,94.0,103.14,0.16,12.5,B,0
2025-07-17 04:00:00,2.66,129.0,0.497,0.88,0.0578,316.85,300.16,68.9,60.1,81.8,111.9,93.3,104.04,0.14,12.0,A,0
2025-07-17 05:00:00,3.88,91.3,0.6025,0.8882,0.0551,297.65,298.65,60.0,31.3,83.9,111.0,86.5,104.46,0.14,11.9,A,0
2025-07-17 06:00:00,3.73,130.4,0.5038,0.9293,0.0473,367.05,348.04,67.5,62.9,81.1,112.7,104.1,101.61,0.17,13.9,C,0
2025-07-17 07:00:00,4.27,107.8,0.3683,0.9054,0.0332,350.88,327.44,41.4,66.4,72.8,109.3,94.7,101.89,0.16,13.1,B,0
2025-07-17 08:00:00,2.87,116.3,0.5344,0.88,0.055,253.32,260.51,67.6,48.7,78.0,112.7,106.7,101.12,0.12,10.4,B,0
2025-07-17 09:00:00,3.53,102.6,0.4357,0.9062,0.0439,280.33,282.75,46.6,56.0,75.5,108.5,96.8,99.61,0.13,11.3,A,0
2025-07-17 10:00:00,2.41,123.8,0.4027,0.88,0.0413,268.26,253.62,53.4,70.5,82.2,106.0,102.8,103.94,0.12,10.1,B,0
2025-07-17 11:00:00,4.06,116.1,0.4333,0.9189,0.0389,297.28,293.89,52.0,64.1,82.0,107.3,91.4,95.61,0.14,11.8,B,0
2025-07-17 12:00:00,3.92,97.8,0.5434,0.8847,0.0618,300.64,278.94,57.2,40.6,80.9,109.3,87.4,96.28,0.14,11.2,A,0
2025-07-17 13:00:00,3.9,92.5,0.6007,0.88,0.0578,254.79,269.25,61.1,31.4,80.1,110.5,94.1,99.66,0.12,10.8,C,0
2025-07-17 14:00:00,3.5,88.1,0.5386,0.88,0.0598,231.43,248.82,51.4,36.7,82.7,110.0,97.8,97.48,0.11,10.0,B,0
2025-07-17 15:00:00,3.83,112.8,0.5506,0.9039,0.0708,308.13,298.14,65.0,47.8,77.7,111.6,98.3,104.56,0.14,11.9,C,0
2025-07-17 16:00:00,4.78,118.6,0.5378,0.8982,0.0494,391.88,390.83,68.2,50.3,84.9,107.6,97.0,99.97,0.18,15.6,C,0
2025-07-17 17:00:00,3.27,119.8,0.5081,0.88,0.0525,271.84,262.33,65.9,53.8,82.2,113.4,106.5,103.93,0.12,10.5,A,0
2025-07-17 18:00:00,3.61,108.2,0.5558,0.88,0.0549,320.9,310.85,65.7,42.5,79.2,112.7,97.0,105.21,0.15,12.4,A,0
2025-07-17 19:00:00,2.63,92.6,0.3065,0.88,0.0408,221.19,222.51,29.3,63.3,80.7,111.9,93.4,101.48,0.1,8.9,A,0
2025-07-17 20:00:00,2.81,99.8,0.5089,0.88,0.0495,276.37,274.63,55.2,44.6,81.6,112.5,93.8,102.28,0.13,11.0,A,0
2025-07-17 21:00:00,3.58,127.3,0.4164,0.88,0.0429,350.12,338.58,56.8,70.5,77.9,106.9,91.0,104.98,0.16,13.5,A,0
2025-07-17 22:00:00,4.38,102.7,0.593,0.9385,0.0604,342.29,330.91,62.3,40.4,84.0,111.4,96.5,104.3,0.16,13.2,C,0
2025-07-17 23:00:00,3.29,112.2,0.4882,0.88,0.0483,270.28,268.7,59.3,52.8,84.9,111.5,100.4,95.09,0.12,10.7,C,0
2025-07-18 00:00:00,3.31,93.9,0.5025,0.8809,0.054,228.43,235.4,50.9,43.0,82.4,111.9,102.0,100.06,0.1,9.4,C,0
2025-07-18 01:00:00,3.17,115.0,0.3796,0.8961,0.0384,305.0,315.53,45.8,69.3,84.8,111.7,93.5,102.84,0.14,12.6,A,0
2025-07-18 02:00:00,3.07,103.1,0.5813,0.9158,0.0605,237.03,221.22,62.8,40.3,90.0,110.9,94.7,101.95,0.11,8.8,A,0
2025-07-18 03:00:00,3.74,125.7,0.5502,0.9216,0.0561,366.76,381.69,71.8,53.9,76.4,110.8,91.8,98.32,0.17,15.3,B,0
2025-07-18 04:00:00,2.3,121.6,0.5446,0.9078,0.0514,285.04,278.04,70.0,51.6,82.2,112.4,99.8,96.18,0.13,11.1,B,0
2025-07-18 05:00:00,4.52,102.6,0.435,0.9043,0.0422,360.12,344.91,46.7,55.8,78.0,108.8,88.8,103.13,0.16,13.8,C,0
2025-07-18 06:00:00,2.97,108.1,0.4381,0.88,0.0466,276.69,290.81,50.8,57.3,86.7,110.7,91.4,98.77,0.13,11.6,C,0
2025-07-18 07:00:00,4.08,101.7,0.5179,0.88,0.0545,315.24,316.08,57.1,44.6,82.7,108.9,74.2,100.9,0.14,12.6,A,0
2025-07-18 08:00:00,2.48,88.7,0.4444,0.88,0.0507,198.6,213.32,42.1,46.6,79.9,109.7,89.1,101.73,0.09,8.5,B,0
2025-07-18 09:00:00,4.04,97.1,0.5348,0.9096,0.0628,291.75,303.43,54.1,43.0,81.2,104.7,92.0,100.81,0.13,12.1,C,0
2025-07-18 10:00:00,4.04,113.0,0.3271,0.8995,0.0301,318.47,308.47,38.6,74.4,86.0,108.3,92.4,98.5,0.14,12.3,A,0
2025-07-18 11:00:00,3.81,114.9,0.461,0.9208,0.0468,289.81,297.66,54.4,60.4,83.4,109.1,88.5,101.05,0.13,11.9,B,0
2025-07-18 12:00:00,2.7,112.2,0.6437,0.9204,0.0634,258.61,245.96,76.0,36.2,83.7,109.2,89.4,99.67,0.12,9.8,B,0
2025-07-18 13:00:00,3.7,105.5,0.5352,0.8875,0.048,325.3,322.28,61.2,44.3,86.5,109.3,101.3,106.27,0.15,12.9,B,0
2025-07-18 14:00:00,2.55,124.0,0.5133,0.9008,0.0542,241.92,251.41,67.2,56.7,84.9,107.6,91.1,101.94,0.11,10.1,C,0
2025-07-18 15:00:00,3.3,111.0,0.6588,0.9048,0.0698,321.77,329.18,78.3,32.7,85.4,109.3,86.0,109.0,0.15,13.2,C,0
2025-07-18 16:00:00,4.32,120.5,0.3131,0.9049,0.0259,409.93,400.77,39.4,81.2,81.6,112.2,89.8,97.34,0.19,16.0,B,0
2025-07-18 17:00:00,4.14,83.4,0.4348,0.88,0.0416,272.72,274.18,39.1,44.3,75.2,109.4,89.9,100.4,0.12,11.0,A,0
2025-07-18 18:00:00,3.51,60.0,0.4679,0.9102,0.0444,190.85,199.64,29.3,30.7,82.3,112.6,94.6,100.39,0.09,8.0,C,0
2025-07-18 19:00:00,2.72,114.3,0.5687,0.8939,0.0493,258.57,256.17,70.3,44.0,80.0,112.5,96.8,98.97,0.12,10.2,A,0
2025-07-18 20:00:00,4.02,88.6,0.5701,0.8818,0.0568,273.24,268.53,55.1,33.5,84.4,108.8,88.2,100.25,0.12,10.7,A,0
2025-07-18 21:00:00,3.52,106.8,0.4307,0.88,0.0373,279.98,262.54,49.9,56.9,76.7,111.1,96.5,99.86,0.13,10.5,B,0
2025-07-18 22:00:00,1.64,105.5,0.5798,0.8925,0.0588,189.86,215.45,65.9,39.5,84.5,107.4,102.0,98.36,0.09,8.6,B,0
2025-07-18 23:00:00,4.13,133.8,0.4677,0.88,0.0481,397.76,394.98,67.5,66.3,82.6,107.9,100.1,106.68,0.18,15.8,A,0
2025-07-19 00:00:00,3.48,116.0,0.5969,0.8912,0.0617,358.76,348.83,74.8,41.2,83.1,110.2,97.9,101.05,0.16,14.0,A,0
2025-07-19 01:00:00,4.46,112.5,0.4174,0.9022,0.0439,374.58,371.36,48.9,63.5,83.9,111.0,97.0,104.08,0.17,14.9,B,1
2025-07-19 02:00:00,2.62,122.6,0.4901,0.88,0.0567,267.41,275.85,64.5,58.0,81.9,113.2,93.4,104.27,0.12,11.0,C,0
2025-07-19 03:00:00,1.5,115.5,0.4608,0.88,0.042,192.98,195.89,57.7,57.8,81.0,109.7,102.1,105.58,0.09,7.8,C,0
2025-07-19 04:00:00,3.72,103.1,0.5845,0.88,0.0547,276.19,282.24,66.2,36.9,85.4,110.4,97.1,98.35,0.13,11.3,C,0
2025-07-19 05:00:00,3.73,126.1,0.4582,0.88,0.0491,332.0,340.12,62.1,64.0,83.8,110.2,91.0,105.1,0.15,13.6,B,0
2025-07-19 06:00:00,2.15,93.4,0.4966,0.88,0.049,210.29,212.69,50.3,43.1,84.1,113.6,94.2,101.08,0.1,8.5,B,0
2025-07-19 07:00:00,2.72,114.8,0.5405,0.8889,0.0597,252.91,238.49,66.6,48.2,81.8,112.7,91.6,107.41,0.11,9.5,B,0
2025-07-19 08:00:00,5.7,86.8,0.5436,0.8971,0.0572,322.95,298.56,50.3,36.5,82.3,110.8,94.3,102.87,0.15,11.9,B,0
2025-07-19 09:00:00,3.26,113.1,0.571,0.8955,0.0667,276.31,273.73,68.8,44.3,82.0,111.6,101.1,97.84,0.13,10.9,B,0
2025-07-19 10:00:00,4.08,112.9,0.5169,0.88,0.0512,316.09,292.29,63.4,49.5,76.8,110.7,94.1,105.07,0.14,11.7,A,0
2025-07-19 11:00:00,2.98,135.1,0.4665,0.88,0.0392,349.22,334.28,68.7,66.5,77.9,112.1,91.0,104.78,0.16,13.4,A,1
2025-07-19 12:00:00,1.83,86.5,0.472,0.88,0.0489,174.08,183.13,44.1,42.5,81.6,111.7,100.2,97.42,0.08,7.3,B,0
2025-07-19 13:00:00,3.36,101.0,0.5021,0.88,0.0498,264.12,264.49,55.0,46.0,76.4,109.4,101.4,103.53,0.12,10.6,B,0
2025-07-19 14:00:00,3.29,122.3,0.52,0.916,0.0547,313.04,299.3,66.1,56.2,81.7,110.2,91.1,106.11,0.14,12.0,B,0
2025-07-19 15:00:00,3.18,115.0,0.4882,0.8962,0.0521,295.64,290.84,59.4,55.6,79.3,110.3,102.4,102.74,0.13,11.6,A,0
2025-07-19 16:00:00,3.41,112.7,0.5015,0.88,0.0475,279.85,285.04,61.5,51.2,81.8,110.3,99.8,98.38,0.13,11.4,A,0
2025-07-19 17:00:00,3.71,95.7,0.3786,0.8818,0.0328,244.03,237.49,39.0,56.7,82.5,109.0,92.2,104.33,0.11,9.5,C,0
2025-07-19 18:00:00,3.38,101.1,0.5534,0.895,0.0546,301.13,299.56,60.0,41.1,76.4,110.7,101.1,103.3,0.14,12.0,A,0
2025-07-19 19:00:00,2.49,128.7,0.5145,0.8809,0.0395,296.64,281.4,72.6,56.0,83.0,109.0,88.8,100.61,0.13,11.3,C,0
2025-07-19 20:00:00,3.89,109.2,0.5801,0.893,0.0584,327.09,317.95,68.3,40.9,80.7,108.8,92.6,99.92,0.15,12.7,C,0
2025-07-19 21:00:00,1.94,115.6,0.5,0.8917,0.048,235.63,239.47,62.0,53.7,75.0,109.8,89.5,103.28,0.11,9.6,B,0
2025-07-19 22:00:00,1.86,108.3,0.3609,0.8943,0.0404,234.45,242.83,40.6,67.6,80.6,110.5,90.1,98.57,0.11,9.7,B,0
2025-07-19 23:00:00,4.09,92.3,0.4713,0.9223,0.0372,272.27,273.57,45.2,47.0,83.1,112.5,99.3,101.91,0.12,10.9,C,0
2025-07-20 00:00:00,3.91,124.0,0.484,0.9088,0.0484,320.1,328.94,62.8,61.2,80.8,111.4,94.9,104.9,0.15,13.2,B,0
2025-07-20 01:00:00,3.45,117.5,0.5594,0.88,0.0638,329.1,319.37,71.4,46.2,80.6,112.2,89.4,105.86,0.15,12.8,C,0
2025-07-20 02:00:00,2.38,144.6,0.3344,0.88,0.0368,258.73,253.02,51.0,93.6,82.5,113.5,92.1,99.72,0.12,10.1,B,0
2025-07-20 03:00:00,2.93,94.8,0.5033,0.9021,0.0552,237.1,250.9,50.1,44.6,80.6,108.8,91.7,96.54,0.11,10.0,A,0
2025-07-20 04:00:00,3.29,122.3,0.5411,0.88,0.0558,304.57,303.17,72.0,50.3,81.2,111.4,96.3,99.18,0.14,12.1,B,1
2025-07-20 05:00:00,2.22,90.3,0.4471,0.88,0.0364,205.38,222.29,44.0,46.4,78.0,111.5,106.4,103.75,0.09,8.9,C,0
2025-07-20 06:00:00,2.91,112.4,0.506,0.8835,0.0514,259.0,258.83,61.4,51.0,80.4,110.5,96.0,99.08,0.12,10.4,C,0
2025-07-20 07:00:00,4.02,124.6,0.4498,0.9072,0.047,400.53,358.17,58.4,66.3,87.7,111.8,96.4,104.55,0.18,14.3,A,0
2025-07-20 08:00:00,4.64,78.9,0.4416,0.9097,0.0388,255.99,282.01,36.5,42.4,82.5,110.2,102.7,99.07,0.12,11.3,C,0
2025-07-20 09:00:00,3.16,106.9,0.4673,0.88,0.0461,288.36,277.72,54.0,52.9,82.8,111.3,92.3,99.63,0.13,11.1,A,0
2025-07-20 10:00:00,4.11,101.6,0.4431,0.9092,0.0298,291.95,273.75,47.7,53.8,80.1,107.2,101.7,100.78,0.13,10.9,A,1
2025-07-20 11:00:00,1.97,99.5,0.5547,0.88,0.0538,205.75,221.16,60.3,39.2,80.8,110.0,92.9,104.13,0.09,8.8,A,0
2025-07-20 12:00:00,4.03,115.8,0.4412,0.88,0.0419,311.51,292.27,55.2,60.6,81.3,111.4,93.2,96.55,0.14,11.7,A,0
2025-07-20 13:00:00,2.86,126.8,0.4278,0.88,0.0498,293.95,284.96,57.7,69.1,84.6,112.1,93.4,102.14,0.13,11.4,C,0
2025-07-20 14:00:00,3.75,108.0,0.6414,0.88,0.0611,340.16,330.94,76.5,31.5,85.6,108.3,94.5,102.09,0.15,13.2,A,0
2025-07-20 15:00:00,3.3,113.1,0.5769,0.9212,0.0564,296.03,289.82,68.1,45.0,80.6,109.8,94.1,98.33,0.13,11.6,C,0
2025-07-20 16:00:00,4.56,111.7,0.3511,0.88,0.0347,397.08,371.39,41.8,69.9,81.9,107.9,96.8,102.37,0.18,14.9,A,0
2025-07-20 17:00:00,2.8,110.0,0.4388,0.88,0.0409,258.53,277.21,52.2,57.9,81.3,109.2,92.9,100.76,0.12,11.1,B,0
2025-07-20 18:00:00,4.0,93.7,0.5194,0.88,0.0555,272.42,270.26,52.7,41.0,84.3,110.6,95.5,97.91,0.12,10.8,C,0
2025-07-20 19:00:00,3.28,126.6,0.5259,0.8957,0.0426,325.41,304.16,71.7,54.9,83.4,112.1,86.9,101.08,0.15,12.2,A,0
2025-07-20 20:00:00,3.37,114.4,0.3808,0.88,0.0438,315.69,321.44,46.1,68.3,81.7,111.8,98.9,98.17,0.14,12.9,B,0
2025-07-20 21:00:00,3.35,115.9,0.5927,0.88,0.0592,254.22,248.28,75.3,40.6,85.0,110.4,100.7,99.38,0.12,9.9,A,0
2025-07-20 22:00:00,2.82,97.9,0.566,0.9032,0.0631,246.94,248.75,58.6,39.3,83.6,108.7,96.1,103.94,0.11,10.0,A,0
2025-07-20 23:00:00,3.49,103.1,0.5386,0.88,0.0401,259.67,250.74,61.2,41.9,79.7,109.7,98.7,100.36,0.12,10.0,B,0
2025-07-21 00:00:00,3.45,107.4,0.6085,0.9052,0.0487,260.48,263.75,70.2,37.2,82.0,115.1,90.8,103.88,0.12,10.5,B,0
2025-07-21 01:00:00,3.69,87.0,0.5362,0.908,0.0522,265.11,265.79,49.2,37.8,81.5,107.2,102.6,100.83,0.12,10.6,A,0
2025-07-21 02:00:00,3.57,84.7,0.5359,0.88,0.0561,269.28,268.55,49.3,35.4,79.0,107.6,96.0,98.41,0.12,10.7,B,0
2025-07-21 03:00:00,4.14,101.0,0.6246,0.8865,0.0597,315.08,309.82,69.0,32.0,81.3,110.4,87.0,102.74,0.14,12.4,A,0
2025-07-21 04:00:00,4.24,117.8,0.5881,0.9225,0.0617,316.83,320.32,72.1,45.8,85.4,111.4,101.1,102.98,0.14,12.8,C,0
2025-07-21 05:00:00,2.66,100.2,0.4327,0.88,0.0482,221.05,234.5,46.3,53.9,85.3,111.7,98.6,97.61,0.1,9.4,A,0
2025-07-21 06:00:00,4.2,94.7,0.5507,0.88,0.0584,285.74,270.26,56.7,38.0,84.7,110.6,104.4,104.71,0.13,10.8,C,0
2025-07-21 07:00:00,2.55,97.8,0.4469,0.88,0.0452,227.01,226.45,47.0,50.7,84.3,107.0,103.3,105.86,0.1,9.1,B,0
2025-07-21 08:00:00,3.97,103.2,0.5403,0.88,0.0545,304.55,310.83,60.7,42.5,82.6,109.6,101.7,103.18,0.14,12.4,B,0
2025-07-21 09:00:00,4.0,104.7,0.5381,0.9138,0.0507,324.46,305.0,59.1,45.6,80.2,106.5,97.4,101.53,0.15,12.2,A,0
2025-07-21 10:00:00,1.97,142.5,0.3893,0.9031,0.0387,282.82,286.31,57.8,84.7,83.7,110.8,98.6,107.34,0.13,11.5,B,0
2025-07-21 11:00:00,3.57,125.8,0.4903,0.88,0.0439,347.69,347.94,67.2,58.7,77.1,110.9,89.6,102.92,0.16,13.9,A,0
2025-07-21 12:00:00,3.13,125.4,0.5212,0.8972,0.0482,331.82,298.89,69.9,55.5,80.0,109.7,93.6,101.89,0.15,12.0,A,0
2025-07-21 13:00:00,2.89,127.5,0.4651,0.88,0.0491,291.54,282.77,63.8,63.7,85.3,107.6,109.9,106.4,0.13,11.3,A,1
2025-07-21 14:00:00,4.58,95.0,0.5252,0.88,0.0502,402.52,396.08,54.4,40.6,80.5,108.4,86.4,106.11,0.18,15.8,C,0
2025-07-21 15:00:00,2.98,91.7,0.5645,0.9214,0.0528,242.36,244.49,54.0,37.7,83.9,106.8,96.6,96.98,0.11,9.8,C,1
2025-07-21 16:00:00,2.85,93.4,0.4976,0.8861,0.052,242.33,241.82,49.9,43.5,80.9,109.9,94.8,99.79,0.11,9.7,C,0
2025-07-21 17:00:00,3.56,130.0,0.518,0.9119,0.0537,398.59,392.88,70.3,59.7,83.7,116.3,99.3,103.06,0.18,15.7,B,0
2025-07-21 18:00:00,4.05,101.8,0.6107,0.88,0.06,309.21,317.34,68.4,33.4,77.4,109.8,96.0,104.98,0.14,12.7,C,0
2025-07-21 19:00:00,3.39,91.2,0.5379,0.9158,0.053,237.18,234.77,51.3,40.0,85.8,109.2,101.1,97.8,0.11,9.4,C,0
2025-07-21 20:00:00,4.43,103.5,0.5161,0.88,0.0537,368.0,380.44,57.9,45.6,78.7,110.4,95.1,104.02,0.17,15.2,B,0
2025-07-21 21:00:00,3.92,106.4,0.4234,0.88,0.0472,347.82,309.27,48.1,58.4,77.9,107.7,98.9,100.09,0.16,12.4,B,0
2025-07-21 22:00:00,1.76,114.0,0.5537,0.9206,0.0564,209.62,204.75,65.6,48.4,85.7,107.8,96.8,103.45,0.1,8.2,C,0
2025-07-21 23:00:00,3.08,113.8,0.5264,0.9208,0.0467,322.68,308.04,62.4,51.3,82.0,108.8,93.5,99.6,0.15,12.3,C,0
2025-07-22 00:00:00,3.05,97.6,0.6027,0.9215,0.0592,245.97,245.58,61.5,36.1,81.1,111.8,92.8,94.3,0.11,9.8,C,0
2025-07-22 01:00:00,3.88,120.3,0.5038,0.9041,0.0483,371.09,350.87,64.0,56.3,86.7,110.7,101.4,95.99,0.17,14.0,C,0
2025-07-22 02:00:00,1.5,100.4,0.3547,0.88,0.0302,194.54,200.94,38.3,62.1,84.2,109.7,98.1,97.92,0.09,8.0,C,0
2025-07-22 03:00:00,5.54,107.7,0.364,0.88,0.0389,405.45,372.13,41.6,66.0,80.7,111.5,100.0,99.53,0.18,14.9,B,0
2025-07-22 04:00:00,3.92,120.3,0.5589,0.88,0.0588,359.76,342.43,73.3,47.0,81.6,113.4,101.3,101.28,0.16,13.7,B,0
2025-07-22 05:00:00,3.62,100.4,0.4544,0.9122,0.0491,305.6,292.1,47.1,53.2,85.2,111.5,92.4,99.75,0.14,11.7,B,0
2025-07-22 06:00:00,4.45,101.5,0.5349,0.8899,0.0485,316.12,317.87,58.7,42.8,79.1,108.0,93.6,101.16,0.14,12.7,A,0
2025-07-22 07:00:00,5.37,118.9,0.5091,0.8966,0.0517,398.06,378.87,64.4,54.5,86.3,106.2,93.3,99.81,0.18,15.2,B,0
2025-07-22 08:00:00,4.2,97.1,0.4867,0.9004,0.0486,336.03,322.46,49.9,47.2,80.7,106.5,100.2,101.29,0.15,12.9,B,0
2025-07-22 09:00:00,4.26,104.2,0.4923,0.8829,0.0508,332.48,321.59,55.3,48.9,79.4,111.7,95.5,104.09,0.15,12.9,C,0
2025-07-22 10:00:00,3.6,118.3,0.4308,0.8988,0.0437,308.67,316.98,53.6,64.8,85.3,108.5,95.9,101.26,0.14,12.7,A,0
2025-07-22 11:00:00,3.39,140.8,0.4987,0.9107,0.0498,361.76,340.06,73.4,67.4,84.2,111.6,89.7,102.92,0.16,13.6,A,0
2025-07-22 12:00:00,3.12,119.1,0.4532,0.8806,0.0447,307.74,284.93,58.2,60.9,76.7,109.1,99.1,103.44,0.14,11.4,B,0
2025-07-22 13:00:00,2.84,117.1,0.4702,0.9016,0.0526,239.49,233.62,57.6,59.5,81.7,110.8,99.3,100.83,0.11,9.3,C,0
2025-07-22 14:00:00,2.95,118.0,0.4741,0.88,0.0431,299.68,291.76,60.8,57.2,78.7,111.4,97.8,95.93,0.14,11.7,A,0
2025-07-22 15:00:00,2.42,93.9,0.4819,0.888,0.0473,217.11,228.99,48.5,45.4,84.4,108.4,95.8,102.06,0.1,9.2,B,0
2025-07-22 16:00:00,3.44,111.7,0.5738,0.9108,0.0628,339.06,340.88,67.3,44.4,87.2,111.6,100.2,99.28,0.15,13.6,C,0
2025-07-22 17:00:00,2.15,109.6,0.4896,0.88,0.0449,218.89,241.39,58.3,51.2,83.6,108.7,94.8,103.89,0.1,9.7,A,0
2025-07-22 18:00:00,3.65,114.8,0.5819,0.88,0.0544,353.91,351.94,73.4,41.5,79.7,108.6,102.1,105.4,0.16,14.1,B,0
2025-07-22 19:00:00,3.47,111.7,0.623,0.88,0.066,298.69,282.68,76.5,35.3,84.7,111.6,98.6,100.53,0.14,11.3,C,0
2025-07-22 20:00:00,3.62,115.7,0.5684,0.9055,0.0497,320.83,309.94,70.1,45.6,81.8,111.3,88.7,101.79,0.15,12.4,B,0
2025-07-22 21:00:00,3.08,105.3,0.5428,0.88,0.0576,271.03,245.45,62.1,43.2,81.8,110.9,94.3,103.3,0.12,9.8,B,0
2025-07-22 22:00:00,5.96,110.9,0.5261,0.88,0.0502,516.73,472.38,63.6,47.3,80.5,107.8,96.6,98.86,0.23,18.9,A,0
2025-07-22 23:00:00,4.59,91.6,0.5692,0.88,0.059,274.17,265.99,56.9,34.7,82.3,109.2,91.5,101.33,0.12,10.6,B,0
2025-07-23 00:00:00,2.5,105.2,0.5071,0.88,0.0446,243.46,223.01,58.2,47.0,81.8,111.4,100.4,96.66,0.11,8.9,C,0
2025-07-23 01:00:00,3.69,130.9,0.5788,0.8933,0.0638,357.93,376.3,81.2,49.6,74.8,114.6,85.1,104.43,0.16,15.1,B,0
2025-07-23 02:00:00,3.01,114.8,0.5491,0.88,0.0488,279.69,273.24,69.1,45.7,82.1,113.6,99.0,106.36,0.13,10.9,C,0
2025-07-23 03:00:00,2.69,109.7,0.4712,0.8888,0.0507,264.08,240.82,55.0,54.7,81.6,109.1,98.5,101.6,0.12,9.6,C,0
2025-07-23 04:00:00,2.43,138.4,0.5717,0.88,0.0513,313.53,302.85,86.9,51.5,83.0,108.7,85.1,99.04,0.14,12.1,C,0
2025-07-23 05:00:00,3.85,89.6,0.5073,0.88,0.0598,278.6,296.36,48.9,40.7,76.0,113.5,95.5,102.08,0.13,11.9,B,0
2025-07-23 06:00:00,2.95,93.4,0.4915,0.88,0.0488,257.41,279.67,49.7,43.6,83.5,111.2,92.8,97.48,0.12,11.2,B,0
2025-07-23 07:00:00,4.27,135.7,0.4619,0.9186,0.0559,398.85,380.02,63.9,71.8,82.1,109.1,102.1,99.99,0.18,15.2,C,0
2025-07-23 08:00:00,4.3,110.7,0.5133,0.941,0.0472,341.63,331.78,57.7,53.0,83.5,110.3,90.8,100.05,0.16,13.3,B,0
2025-07-23 09:00:00,4.6,106.4,0.5797,0.9696,0.0558,317.96,326.83,61.0,45.4,77.1,107.5,99.0,99.73,0.14,13.1,C,0
2025-07-23 10:00:00,2.82,92.0,0.5711,0.9541,0.0632,260.49,259.75,52.5,39.6,78.3,112.0,100.0,101.96,0.12,10.4,A,0
2025-07-23 11:00:00,3.88,116.7,0.5283,0.88,0.0457,329.49,326.51,67.5,49.2,76.4,112.8,93.0,102.6,0.15,13.1,A,0
2025-07-23 12:00:00,4.01,118.2,0.548,0.8804,0.0513,336.98,338.46,70.8,47.4,82.4,113.1,101.5,101.34,0.15,13.5,B,0
2025-07-23 13:00:00,3.12,93.6,0.6017,0.88,0.0626,254.51,244.69,61.7,31.9,81.0,112.3,92.9,104.0,0.12,9.8,C,0
2025-07-23 14:00:00,2.88,107.9,0.488,0.88,0.0437,282.65,298.71,57.3,50.6,81.6,109.4,101.7,102.47,0.13,11.9,C,0
2025-07-23 15:00:00,4.79,105.0,0.4108,0.8883,0.0437,332.73,310.38,45.6,59.3,77.8,111.8,108.0,99.82,0.15,12.4,C,0
2025-07-23 16:00:00,3.68,113.8,0.6041,0.954,0.0613,348.12,326.53,69.2,44.6,78.4,112.9,99.7,100.98,0.16,13.1,B,0
2025-07-23 17:00:00,4.01,93.2,0.4576,0.88,0.0382,276.36,276.08,46.4,46.8,74.5,111.9,98.1,101.06,0.13,11.0,A,0
2025-07-23 18:00:00,2.84,128.8,0.4448,0.88,0.0493,332.8,336.17,61.3,67.5,78.0,111.7,92.6,100.15,0.15,13.4,B,0
2025-07-23 19:00:00,2.52,123.7,0.3563,0.9238,0.0293,256.27,265.2,45.2,78.5,80.0,110.4,104.3,102.83,0.12,10.6,A,0
2025-07-23 20:00:00,3.04,104.6,0.5457,0.88,0.0584,276.98,274.85,62.0,42.5,80.2,108.2,99.4,94.91,0.13,11.0,C,0
2025-07-23 21:00:00,3.4,106.8,0.3703,0.9106,0.0377,285.9,286.47,40.7,66.1,81.8,113.7,92.7,101.4,0.13,11.5,A,0
2025-07-23 22:00:00,2.65,108.0,0.44,0.915,0.0417,224.76,241.3,49.2,58.7,84.3,109.9,102.5,102.23,0.1,9.7,A,1
2025-07-23 23:00:00,3.49,98.3,0.5471,0.9073,0.0492,239.57,243.72,57.0,41.3,79.9,112.4,95.5,103.1,0.11,9.7,B,0
2025-07-24 00:00:00,2.15,103.3,0.5578,0.9008,0.0574,200.64,203.62,61.3,42.0,83.5,115.0,98.4,104.63,0.09,8.1,C,0
2025-07-24 01:00:00,2.6,105.9,0.4479,0.9244,0.0404,259.86,254.22,48.8,57.1,84.3,111.8,92.9,100.88,0.12,10.2,B,0
2025-07-24 02:00:00,4.04,134.2,0.4893,0.88,0.055,322.28,326.39,70.6,63.6,85.5,112.3,90.3,103.8,0.15,13.1,C,0
2025-07-24 03:00:00,3.98,124.2,0.4302,0.88,0.0492,369.78,341.56,57.0,67.2,83.5,108.1,90.6,103.13,0.17,13.7,C,0
2025-07-24 04:00:00,3.19,124.0,0.4561,0.9008,0.0538,316.01,287.55,58.9,65.1,82.2,108.5,93.1,102.09,0.14,11.5,C,0
2025-07-24 05:00:00,2.69,115.5,0.5213,0.88,0.0535,227.12,230.12,65.4,50.2,78.8,112.5,97.6,97.13,0.1,9.2,B,0
2025-07-24 06:00:00,2.68,93.2,0.4599,0.9232,0.044,207.81,215.97,44.1,49.1,82.8,108.9,93.5,104.57,0.09,8.6,B,0
2025-07-24 07:00:00,3.2,109.4,0.4805,0.895,0.0466,261.42,271.76,55.9,53.4,80.9,107.3,91.0,101.59,0.12,10.9,C,0
2025-07-24 08:00:00,4.02,124.6,0.3828,0.88,0.0364,364.01,326.86,51.1,73.4,86.1,106.7,90.2,100.54,0.17,13.1,A,0
2025-07-24 09:00:00,4.24,91.1,0.5906,0.88,0.0603,323.89,320.08,59.0,32.2,82.3,109.6,101.3,97.83,0.15,12.8,C,0
2025-07-24 10:00:00,3.1,119.5,0.5408,0.88,0.0563,321.6,329.1,70.3,49.2,81.5,109.5,94.4,93.97,0.15,13.2,A,0
2025-07-24 11:00:00,2.58,144.8,0.5634,0.88,0.0625,299.73,284.36,88.8,56.1,86.2,112.0,85.2,107.01,0.14,11.4,B,0
2025-07-24 12:00:00,3.71,125.9,0.6032,0.922,0.0604,322.21,315.0,79.3,46.6,80.6,108.0,95.0,102.22,0.15,12.6,B,0
2025-07-24 13:00:00,2.84,131.2,0.434,0.88,0.0364,262.73,239.31,61.8,69.4,82.0,112.8,92.9,97.98,0.12,9.6,A,0
2025-07-24 14:00:00,3.09,113.3,0.4713,0.9013,0.0451,272.63,281.85,56.4,56.9,88.0,107.6,96.0,97.52,0.12,11.3,B,0
2025-07-24 15:00:00,4.56,124.5,0.3484,0.88,0.0426,365.06,362.65,45.5,79.0,82.8,107.6,92.2,100.46,0.17,14.5,B,0
2025-07-24 16:00:00,4.16,99.2,0.7512,0.8911,0.0673,305.18,299.14,82.4,16.8,85.4,110.3,101.4,103.72,0.14,12.0,A,0
2025-07-24 17:00:00,3.63,121.9,0.488,0.8931,0.0525,332.11,303.56,63.2,58.8,86.5,110.1,94.2,103.19,0.15,12.1,B,1
2025-07-24 18:00:00,2.48,119.8,0.5831,0.9037,0.0564,248.71,258.45,74.5,45.3,80.3,111.2,93.9,103.35,0.11,10.3,A,0
2025-07-24 19:00:00,3.67,114.3,0.4009,0.8866,0.0357,304.82,295.92,49.1,65.3,84.7,107.6,93.4,98.64,0.14,11.8,A,0
2025-07-24 20:00:00,4.35,129.7,0.5797,0.9137,0.0599,372.98,312.96,79.0,50.8,81.0,110.7,97.4,100.76,0.17,12.5,C,0
2025-07-24 21:00:00,3.2,101.9,0.6486,0.88,0.0727,253.04,263.45,72.7,29.2,88.1,106.6,97.0,101.68,0.12,10.5,B,0
2025-07-24 22:00:00,4.58,107.2,0.4952,0.88,0.0512,392.07,392.65,57.4,49.8,86.3,105.6,93.0,101.13,0.18,15.7,C,0
2025-07-24 23:00:00,4.53,111.4,0.4191,0.88,0.0406,374.31,379.47,50.3,61.2,84.2,113.7,95.1,102.94,0.17,15.2,A,0
2025-07-25 00:00:00,4.83,94.6,0.4889,0.88,0.0424,340.32,310.81,50.4,44.2,85.1,112.1,93.7,106.02,0.15,12.4,B,0
2025-07-25 01:00:00,3.74,113.4,0.3219,0.88,0.0317,346.23,306.09,38.8,74.6,79.9,110.0,99.2,101.93,0.16,12.2,B,0
2025-07-25 02:00:00,3.97,84.2,0.497,0.8953,0.043,278.6,271.95,44.9,39.4,87.2,106.0,88.6,99.55,0.13,10.9,A,0
2025-07-25 03:00:00,4.63,125.7,0.5657,0.88,0.055,454.37,436.22,77.8,47.9,79.3,109.1,93.3,96.94,0.21,17.4,C,0
2025-07-25 04:00:00,3.86,110.7,0.4971,0.8842,0.0494,334.71,311.09,59.4,51.3,83.2,110.9,94.0,101.83,0.15,12.4,A,0
2025-07-25 05:00:00,3.1,102.2,0.4773,0.9187,0.0359,263.73,246.34,51.1,51.1,79.9,109.1,102.0,99.32,0.12,9.9,B,0
2025-07-25 06:00:00,3.14,97.5,0.5422,0.89,0.0612,239.92,251.32,56.6,40.9,84.6,113.1,100.9,102.59,0.11,10.1,A,0
2025-07-25 07:00:00,3.69,106.5,0.5483,0.9355,0.0486,279.16,273.19,60.0,46.5,87.2,111.3,97.0,102.39,0.13,10.9,C,0
2025-07-25 08:00:00,2.47,120.3,0.3672,0.8944,0.0358,277.02,282.8,46.4,73.9,83.4,108.2,90.0,105.99,0.13,11.3,A,0
2025-07-25 09:00:00,3.39,118.2,0.5071,0.8976,0.0534,306.33,300.59,63.5,54.7,82.9,106.8,95.3,101.94,0.14,12.0,A,0
2025-07-25 10:00:00,4.38,99.4,0.6949,0.8905,0.076,280.95,276.82,75.5,23.9,81.7,111.7,104.4,102.67,0.13,11.1,B,0
2025-07-25 11:00:00,1.75,97.3,0.3932,0.88,0.0354,155.68,171.9,41.2,56.1,82.3,111.7,94.3,99.33,0.07,6.9,A,0
2025-07-25 12:00:00,4.73,119.9,0.4932,0.9272,0.0368,466.95,429.79,61.4,58.4,81.0,111.5,95.6,97.0,0.21,17.2,B,0
2025-07-25 13:00:00,4.4,99.2,0.6553,0.8881,0.0709,291.25,281.89,70.9,28.2,86.9,113.4,95.9,104.52,0.13,11.3,C,0
2025-07-25 14:00:00,3.13,110.9,0.5883,0.9108,0.0526,263.4,251.56,69.2,41.7,84.4,110.9,90.8,104.92,0.12,10.1,A,0
2025-07-25 15:00:00,3.93,111.9,0.4589,0.9272,0.0477,359.88,353.29,52.3,59.6,81.0,110.2,91.0,100.31,0.16,14.1,B,0
2025-07-25 16:00:00,3.5,114.7,0.5165,0.9229,0.0538,276.97,290.11,61.1,53.6,82.2,111.5,90.9,95.5,0.13,11.6,B,0
2025-07-25 17:00:00,4.48,122.9,0.4998,0.8858,0.0337,404.82,375.49,67.2,55.7,90.7,112.5,93.5,105.38,0.18,15.0,A,0
2025-07-25 18:00:00,4.29,91.1,0.4402,0.917,0.0359,334.52,350.87,41.8,49.3,82.8,111.4,97.2,104.86,0.15,14.0,A,0
2025-07-25 19:00:00,2.38,81.3,0.4941,0.8991,0.0471,216.5,227.49,42.7,38.7,86.4,110.1,95.8,100.95,0.1,9.1,B,1
2025-07-25 20:00:00,3.97,101.5,0.4776,0.9152,0.0348,290.9,290.46,51.0,50.4,80.3,111.9,97.5,104.51,0.13,11.6,B,1
2025-07-25 21:00:00,3.34,137.0,0.509,0.9195,0.0442,346.67,344.32,72.8,64.3,83.4,110.2,105.8,101.18,0.16,13.8,C,0
2025-07-25 22:00:00,3.57,140.3,0.4401,0.88,0.0446,357.7,358.87,66.4,73.9,80.1,109.0,108.0,101.95,0.16,14.4,C,0
2025-07-25 23:00:00,2.92,137.5,0.3979,0.903,0.0393,318.78,304.8,57.1,80.4,80.4,110.2,95.5,96.42,0.14,12.2,C,0
2025-07-26 00:00:00,4.9,107.1,0.4967,0.9066,0.0512,406.89,395.45,55.8,51.3,84.4,109.4,99.6,104.97,0.18,15.8,A,0
2025-07-26 01:00:00,4.33,83.3,0.6372,0.8932,0.066,240.93,255.51,57.5,25.8,79.3,109.8,98.3,96.04,0.11,10.2,A,0
2025-07-26 02:00:00,2.91,74.9,0.5066,0.88,0.0422,205.75,211.57,41.5,33.4,78.4,108.3,100.4,106.46,0.09,8.5,C,0
2025-07-26 03:00:00,2.43,100.8,0.4735,0.88,0.0409,219.59,226.69,52.0,48.8,84.1,112.0,100.2,106.77,0.1,9.1,A,0
2025-07-26 04:00:00,3.19,107.0,0.5603,0.9509,0.0598,305.0,289.3,60.1,46.9,80.5,110.4,92.4,93.64,0.14,11.6,A,0
2025-07-26 05:00:00,3.85,129.5,0.4873,0.8853,0.0564,405.2,375.93,67.3,62.2,81.2,111.4,104.9,105.97,0.18,15.0,A,0
2025-07-26 06:00:00,3.69,123.0,0.6494,0.88,0.0601,326.86,312.97,88.4,34.6,76.6,111.0,102.7,100.58,0.15,12.5,A,0
2025-07-26 07:00:00,4.5,113.4,0.4997,0.88,0.0513,358.57,331.0,61.4,52.0,78.2,108.2,99.8,102.57,0.16,13.2,C,0
2025-07-26 08:00:00,4.13,96.7,0.556,0.9313,0.0596,320.15,311.27,55.0,41.6,82.7,112.6,98.4,97.07,0.15,12.5,A,0
2025-07-26 09:00:00,4.28,95.6,0.4396,0.88,0.0452,326.94,322.5,45.2,50.4,81.3,109.5,97.0,100.33,0.15,12.9,C,0
2025-07-26 10:00:00,3.76,113.8,0.5402,0.88,0.0528,253.96,260.49,67.1,46.7,84.7,109.3,96.0,97.76,0.12,10.4,C,0
2025-07-26 11:00:00,2.39,120.5,0.522,0.88,0.049,272.24,262.05,68.6,51.9,79.3,110.4,98.9,98.93,0.12,10.5,A,0
2025-07-26 12:00:00,3.34,115.9,0.4955,0.88,0.0595,343.09,322.79,61.6,54.3,81.5,110.5,96.3,104.97,0.16,12.9,A,0
2025-07-26 13:00:00,4.35,94.5,0.4599,0.88,0.0465,309.1,313.92,46.9,47.6,82.1,115.2,96.9,104.3,0.14,12.6,C,0
2025-07-26 14:00:00,3.46,119.8,0.449,0.88,0.0468,342.36,322.15,57.8,62.0,81.4,111.2,95.1,103.76,0.16,12.9,A,0
2025-07-26 15:00:00,3.9,116.4,0.5226,0.9344,0.0539,371.78,369.03,62.0,54.4,83.8,109.0,94.3,99.68,0.17,14.8,C,0
2025-07-26 16:00:00,3.25,93.9,0.5503,0.8963,0.051,253.81,247.83,55.5,38.4,78.7,113.8,104.6,99.23,0.12,9.9,B,0
2025-07-26 17:00:00,2.68,98.2,0.4898,0.88,0.0492,245.27,252.41,52.1,46.1,83.5,106.7,96.1,96.35,0.11,10.1,B,0
2025-07-26 18:00:00,3.4,120.3,0.523,0.88,0.0507,315.14,317.94,68.5,51.8,85.4,109.0,93.6,103.33,0.14,12.7,C,0
2025-07-26 19:00:00,3.75,106.5,0.497,0.8802,0.048,301.43,262.27,57.4,49.0,79.5,108.9,96.5,107.11,0.14,10.5,B,0
2025-07-26 20:00:00,2.98,133.8,0.5079,0.88,0.0524,298.43,304.68,73.7,60.2,83.2,110.0,89.6,105.67,0.14,12.2,C,0
2025-07-26 21:00:00,3.31,117.5,0.484,0.88,0.0438,307.72,318.61,61.9,55.7,83.1,110.7,100.3,101.39,0.14,12.7,C,0
2025-07-26 22:00:00,2.75,102.7,0.5014,0.9423,0.0441,278.8,273.32,52.3,50.4,83.8,110.9,95.7,102.78,0.13,10.9,A,0
2025-07-26 23:00:00,4.4,109.8,0.7158,0.9028,0.0741,319.59,316.35,85.1,24.8,82.0,110.8,94.0,102.04,0.15,12.7,B,0
2025-07-27 00:00:00,3.26,111.0,0.5249,0.8917,0.0498,301.16,285.25,62.6,48.3,86.3,111.3,93.5,104.03,0.14,11.4,B,0
2025-07-27 01:00:00,4.66,99.1,0.5516,0.917,0.0534,339.49,333.81,57.2,41.9,88.3,109.9,87.7,106.53,0.15,13.4,A,0
2025-07-27 02:00:00,4.72,96.3,0.535,0.8843,0.0439,366.24,389.61,56.3,40.0,83.9,112.6,104.8,99.59,0.17,15.6,C,0
2025-07-27 03:00:00,3.44,120.5,0.479,0.88,0.0527,361.71,313.68,62.1,58.4,82.9,106.8,96.6,99.7,0.16,12.5,A,0
2025-07-27 04:00:00,2.69,122.7,0.6035,0.9431,0.063,255.6,251.82,75.3,47.3,82.0,104.9,104.7,100.44,0.12,10.1,B,0
2025-07-27 05:00:00,1.83,119.1,0.4767,0.88,0.0512,208.86,224.61,61.1,57.9,78.1,111.5,94.4,101.2,0.09,9.0,C,0
2025-07-27 06:00:00,2.32,132.7,0.5844,0.88,0.0604,259.03,274.07,84.9,47.9,77.7,109.3,97.9,103.48,0.12,11.0,C,0
2025-07-27 07:00:00,2.4,101.9,0.4733,0.88,0.0397,214.84,209.99,52.6,49.3,78.5,113.4,99.3,101.1,0.1,8.4,A,0
2025-07-27 08:00:00,4.6,135.1,0.4232,0.88,0.0435,413.43,380.2,61.3,73.8,82.8,112.1,98.1,98.74,0.19,15.2,C,0
2025-07-27 09:00:00,3.59,96.5,0.5292,0.8893,0.0499,279.25,270.48,55.1,41.4,81.4,111.2,93.4,98.78,0.13,10.8,B,0
2025-07-27 10:00:00,3.81,94.8,0.4116,0.88,0.0363,258.68,252.7,42.2,52.6,86.6,109.0,86.8,97.77,0.12,10.1,B,0
2025-07-27 11:00:00,1.72,83.6,0.5429,0.8957,0.0568,155.76,171.62,48.4,35.2,74.5,111.4,107.0,100.98,0.07,6.9,B,0
2025-07-27 12:00:00,2.54,103.3,0.4045,0.8854,0.0487,218.48,212.45,43.9,59.4,82.1,109.2,92.0,104.4,0.1,8.5,C,0
2025-07-27 13:00:00,4.21,102.4,0.4745,0.88,0.0549,330.0,316.93,52.1,50.4,83.3,110.1,108.4,102.56,0.15,12.7,A,0
2025-07-27 14:00:00,3.73,117.9,0.3855,0.9217,0.0417,327.0,304.94,46.1,71.8,84.7,109.3,92.6,102.99,0.15,12.2,B,0
2025-07-27 15:00:00,3.38,113.7,0.7259,0.88,0.0724,293.03,288.22,92.0,21.7,82.4,110.5,102.6,98.05,0.13,11.5,C,0
2025-07-27 16:00:00,3.95,92.1,0.3677,0.9285,0.0357,258.85,252.26,34.2,57.9,83.1,109.5,98.6,97.78,0.12,10.1,A,0
2025-07-27 17:00:00,4.81,104.1,0.5008,0.9174,0.0456,303.86,296.1,54.4,49.7,82.5,112.0,98.8,101.84,0.14,11.8,C,0
2025-07-27 18:00:00,3.32,104.4,0.5915,0.9328,0.0578,312.56,291.91,63.7,40.7,83.3,110.9,92.5,105.04,0.14,11.7,B,0
2025-07-27 19:00:00,3.56,83.4,0.5829,0.8947,0.0628,234.39,248.72,52.1,31.2,81.9,109.0,93.6,103.83,0.11,9.9,C,0
2025-07-27 20:00:00,3.65,95.3,0.5681,0.8811,0.0659,331.83,317.47,58.7,36.6,88.3,109.1,93.7,99.28,0.15,12.7,B,0
2025-07-27 21:00:00,5.41,98.4,0.4746,0.9661,0.0434,390.07,371.79,46.0,52.4,83.7,107.5,96.4,108.17,0.18,14.9,B,1
2025-07-27 22:00:00,1.82,131.5,0.6081,0.88,0.0508,269.38,267.3,88.4,43.1,82.6,106.1,94.6,95.21,0.12,10.7,B,0
2025-07-27 23:00:00,4.05,112.9,0.5731,0.8828,0.0547,363.1,348.75,70.7,42.2,79.8,111.9,93.0,101.39,0.17,13.9,B,0
2025-07-28 00:00:00,3.41,119.9,0.517,0.8935,0.0562,318.53,310.78,66.0,53.9,81.0,109.3,90.9,101.61,0.14,12.4,C,0
2025-07-28 01:00:00,3.95,87.5,0.5192,0.88,0.0623,253.81,264.42,48.9,38.6,86.5,107.6,91.4,100.67,0.12,10.6,C,0
2025-07-28 02:00:00,2.97,127.9,0.4757,0.8913,0.0541,279.34,274.04,64.4,63.5,74.5,110.9,97.7,102.88,0.13,11.0,A,0
2025-07-28 03:00:00,3.46,129.5,0.4272,0.88,0.0491,371.22,344.18,58.9,70.6,82.2,108.6,91.5,100.69,0.17,13.8,A,0
2025-07-28 04:00:00,4.07,80.0,0.599,0.8999,0.0556,258.2,259.93,51.5,28.5,81.9,109.9,89.5,96.81,0.12,10.4,A,0
2025-07-28 05:00:00,5.99,99.4,0.605,0.9177,0.0564,418.91,385.16,63.3,36.1,83.5,107.4,95.7,101.03,0.19,15.4,A,0
2025-07-28 06:00:00,4.15,117.4,0.4293,0.892,0.0363,376.81,359.09,53.9,63.5,82.8,111.3,84.1,101.79,0.17,14.4,B,0
2025-07-28 07:00:00,2.82,119.7,0.4877,0.88,0.0454,286.79,270.95,63.4,56.3,86.5,110.2,95.0,104.03,0.13,10.8,B,0
