reflux_ratio,feed_rate,feed_composition,top_purity,bottom_purity,reboiler_duty,condenser_duty
3.621780831931537,141.08653895760165,0.6186055632622576,0.803466747582301,0.39154162665857284,3897.746664692705,3632.930702861743
7.655000144869414,163.402651494447,0.237909089684133,0.43059194494535874,0.11416175554773934,6332.937096571991,5954.948892867494
6.123957592679836,65.08422178264982,0.797915650683852,0.9099800673065606,0.6066480019718938,3052.25875350531,2905.767223651364
5.190609389379256,132.47733792925982,0.5904929912553932,0.7837866088618138,0.364505113731062,4817.4313658956235,4481.845699088607
2.0921304830970557,122.91427696587476,0.22576310684556342,0.4136001040536061,0.10758203863998564,1682.9987751816384,1585.2418021791195
2.0919616423534184,169.9094678218888,0.8698704459849654,0.9450964300390899,0.721902624559994,3566.9586048949964,3442.835334245051
1.4065852851773961,183.0956708866269,0.5146923706682566,0.7257965944027646,0.29821198300924745,2461.9115451156754,2283.2868360263487
7.063233020424546,22.188218865929624,0.15831876149732402,0.3109224729232237,0.07271106799627222,742.7303326266099,707.8216988512487
5.207805082202461,141.32358543058268,0.6014663235320538,0.7915786193200479,0.3748864302029951,5188.989343812584,4830.786001790911
5.956508044572319,29.330443841551222,0.3025591256102482,0.514273529374174,0.15092151547029847,967.5822640150612,903.2531816687871
1.1440914600706171,118.79455971392406,0.742954761501842,0.8804657643209274,0.5314379477766845,1632.4581970360803,1541.2237298952787
7.78936896513396,71.77389122786208,0.7542576588529525,0.8867409644334598,0.5461248665662409,4066.3848771194203,3845.155804550996
6.827098485602952,75.21978791398541,0.8831578846837295,0.9511828675400223,0.74568617671341,4018.0764179006546,3889.677752871118
2.486373774747933,83.53253062142419,0.501495624819603,0.7148986812199852,0.2875462722586716,1612.281065606737,1494.9063103266906
2.272774770449704,131.8326408289298,0.4639655037821897,0.6824745796785333,0.2584684586459756,2325.450482702449,2155.5239930703174
2.283831568974037,80.12899382037845,0.7027804843571845,0.8572427668178232,0.4821504852742499,1651.1168916602876,1551.0383965311416
3.129695700716764,151.88582910625047,0.20597652507354125,0.3849820159636685,0.09706701230509676,2726.627935511703,2576.026910501754
4.673295021425664,92.81492940329655,0.5375324110344993,0.7440733496473706,0.3172532662245559,2988.1382238786946,2773.143807159575
4.023615130494811,32.30357605579255,0.5369980801046808,0.7436540123829712,0.31679908581882077,920.5733730141236,854.3233082755669
3.0386039813862933,161.0767716471393,0.17157849824830979,0.3322928893694688,0.07935598504983633,2736.0148706071222,2600.5863199693354
5.282970263056656,71.43649842668708,0.4343872684055309,0.6553305266887486,0.23676459192565527,2366.694426592309,2194.3164301886595
1.9764570245642927,97.89803832786727,0.7826278388537616,0.9020181905911987,0.5847345170100278,1904.4932249271374,1808.5718901156597
3.0450125397465273,143.37989897994225,0.7849228975957282,0.9032252940174379,0.5879728355044614,3794.790830672412,3604.9801516523357
3.564532903055842,79.84210828676817,0.17939013193574482,0.34459986229171713,0.08331710735088066,1544.47273107972,1465.870401505984
4.192489889519251,30.18541810640881,0.1725767061982647,0.3338770659169104,0.07986021457336469,659.8571062715237,627.0755594233493
6.496231729751095,87.30578846230645,0.31015638160154824,0.5234133078633648,0.15544756088517828,3123.8327860790528,2914.1987818200664
2.3977164751085183,190.0007448849746,0.7998128500431948,0.9109553101716227,0.6094247208195825,4253.509944920283,4050.6588118389723
4.599641068895281,135.51219151374048,0.20312206805879918,0.3807545696929609,0.09557033412003005,3289.709197795126,3109.4458169314235
5.146901982034297,140.86624676009723,0.675997442101957,0.8409194113721326,0.4515997445758503,5353.333322063429,5014.416166174634
1.325152889039984,133.81078765477517,0.1809324956904826,0.34700553087628605,0.08410335649038263,1320.513101253236,1252.9538657156895
5.252813963310069,55.81858501269862,0.5985102829982604,0.7894936622851566,0.3720686472953277,2060.5493736703324,1917.9465305689437
2.193668865811041,95.30009553841042,0.3848538392953159,0.6064275637978711,0.20256932879738745,1544.693683164791,1434.2385879114076
1.4553611508969566,155.1691637053973,0.7311311703726936,0.8737823644165109,0.5164727461023862,2427.0395639754774,2287.8105637505073
7.642198760773333,38.24712155956865,0.28695235906029093,0.4950597188406686,0.14176559680473744,1546.4419115106498,1445.779428490543
7.7594242315219155,70.01349969614822,0.6113614635119679,0.7984834356963206,0.3844351271276576,3649.62817279884,3399.9284180814816
6.658781436815228,69.73743952385365,0.28854602766070797,0.4970492554984549,0.14269196100492781,2502.3009906827624,2339.045920232806
3.132296384213595,97.76340696701108,0.6709282264897231,0.8377502638104706,0.44600864505951876,2490.467030082567,2331.6231063331197
1.683704798044687,196.4663733695933,0.798942427648599,0.9105082227783982,0.6081491777817577,3472.5898541060938,3306.4954632848435
5.789631185585098,32.15045840308795,0.20144143930140804,0.3782536329518403,0.09469146886713842,944.8458704491263,893.3181973349534
4.081067456177209,113.3661789885071,0.7932765508764028,0.9075835332404758,0.5999122642419394,3783.7808666196265,3599.401169441637
1.8542676439134518,52.28564276219788,0.5748602035314384,0.7724343987542396,0.3500792552157204,867.939199984298,806.7799727418537
4.466238370778891,194.72177817375393,0.20168839269361918,0.3786216795497673,0.09482050199356247,4608.211091778984,4356.722697288081
1.2407196478065288,40.39463085094356,0.4420334842877697,0.6624882307065798,0.24227831039219458,480.01557021536445,445.00552279649077
7.365242814551475,92.64818042508642,0.22868823478807832,0.4177314585300426,0.1091577741952975,3441.2296297748844,3239.984108885599
2.8114598712001184,152.8192972702291,0.6602783110932556,0.8310071284720613,0.4344513329167322,3568.8785591013907,3337.8618693361714
5.637655990477874,146.81979704494015,0.7070945075343598,0.8598075150582002,0.4872368923984007,6129.449797917766,5760.794015767654
3.1819775326258766,96.0911546409078,0.18463721621823917,0.35275157505141536,0.08599755717960537,1711.6624338304123,1623.0017172409118
4.640476148244676,82.37435023148927,0.5049118821557155,0.717744169187507,0.29028443742113985,2578.429911906598,2390.863637196954
4.826971955402957,91.5702281395167,0.7517000448207337,0.885330622743611,0.5427681257509346,3434.9780706678052,3246.926246584007
2.293981188678689,67.56972736855508,0.8489304332407972,0.935260987804193,0.6861135795731643,1498.4249205336391,1439.9751058554266
7.78709239435191,56.959928967223966,0.510814293393416,0.7226202639287111,0.29505280387324323,2788.9685794968236,2586.390921066321
6.425929763527802,106.94714556060019,0.8602233788891257,0.9406028283378107,0.7051655656407729,5371.459475241987,5173.910863425539
7.576492590949324,68.33607609216932,0.5285511763648238,0.7369730906737993,0.3096754829825328,3305.7651885675596,3067.039371382825
7.263791452993542,71.74309968150502,0.41535239567992643,0.6370686193617005,0.22331916171074206,3081.3298159530314,2858.0407712578585
5.185299851677596,138.21609142542027,0.7785625028423164,0.899869596640325,0.5790418467563808,5576.746230143356,5292.483062461463
7.453119645161818,194.33671970598058,0.4943861683664713,0.7089216761024525,0.2818982251547645,9049.273926664531,8389.577815722789
1.6194475143634364,128.65469610068752,0.4775220084516184,0.6944382441245379,0.26876518445266406,1834.2716794678115,1700.2829966709671
2.3718800369340163,33.85630407169393,0.49224999152786264,0.7071110121397274,0.2802142620030854,627.9114345487797,582.1203037322593
1.3165910223737665,33.60505049373206,0.7774280014957963,0.8992676101933282,0.5774630422352467,507.54984660455324,481.59341926035376
3.2773123153428503,191.2561797522019,0.7655532333504417,0.8929034791439587,0.5611898496789853,5302.787580199588,5022.528145423736
3.720741027826374,73.51234225532005,0.42281599395216896,0.6443056682347656,0.22854423028941095,1813.951469402682,1682.202869777795
2.8994432224172715,36.57205749484558,0.36663988789642,0.5872712271677029,0.19061574817789714,713.3353997898543,662.8952086374579
6.801162564063505,127.82802568706867,0.4935424192313035,0.7082073180399726,0.28123237373959126,5489.953710584662,5089.676674117636
3.497273286855125,132.25678009224788,0.5582180077896872,0.7600136687086714,0.33517114879790255,3422.015511333455,3178.3597804416495
2.9665415678116656,136.73086762136387,0.29066976850239756,0.49969069855383874,0.14392944795847398,2545.6278462690943,2379.046835964159
4.798872582107739,68.13236501435743,0.7351640677724726,0.8760758656720492,0.5215324830891833,2522.094405726279,2378.6628660313245
1.9864695748233385,22.719923158605507,0.4891862125859383,0.7045020790283827,0.2778095109826624,372.39978101673296,345.2297424228656
6.615378865278277,193.70276650180494,0.3672364387359677,0.5879092070748394,0.1910022825360495,7382.065150077036,6859.864317221633
1.5218545057583959,65.16074822439845,0.1854567943711925,0.3540166163769271,0.08641768546852913,700.4899380112769,664.1084446582141
7.908208556203621,141.68473184945856,0.29107612832288554,0.5001948399629285,0.14416662312215267,5926.292945580233,5538.267220385958
6.405713385076602,147.19337657816772,0.859424937404787,0.9402280564666513,0.7037996611185162,7370.332374129442,7098.085746158506
2.391009770739207,129.80133507430742,0.34407974945562125,0.5626010549329495,0.17623650762237594,2161.538400557931,2011.347832420023
1.0386548198652168,76.32333095845668,0.23508743149362826,0.42668254819497753,0.11262451560482568,694.9557516004463,653.7282474205493
6.708229999183839,68.79732567753183,0.4685382333239946,0.6865426528713933,0.2619163155163017,2867.7296149281538,2658.1750418717456
5.94800140693332,127.58029088648657,0.34567019468819893,0.5643755692485758,0.17723526974509873,4358.802954571369,4055.5231955127515
6.103050176286911,175.89721405010448,0.12812740021695534,0.25989782091726465,0.05793586361177633,5032.164723814925,4827.613138794912
6.39889242680162,190.4120712062112,0.35851617382353385,0.5785105601791373,0.185384757441938,7000.800437354457,6508.6457693673565
1.5183125621386324,39.06304479267637,0.5352868991515749,0.7423084813624236,0.3153474528057359,557.399856071743,517.2564494268779
3.509260099809908,47.869150267589575,0.5413698976159735,0.7470736067402179,0.32052772059690826,1228.0788840453322,1139.8721926243186
1.811083416675908,190.05252658095435,0.385247136941511,0.606833963788202,0.2028309641870428,2712.32459644982,2518.33517989332
7.041723981129155,152.57634110026265,0.4578422050020805,0.6769742371186604,0.253891099549629,6583.544030885335,6102.573689490539
5.363086887792905,178.93888846935914,0.8724143345878131,0.9462708339999494,0.7263893473921293,7738.444531442538,7473.291360375689
3.3162861739685443,56.473874144361766,0.4018787817842493,0.6237473257469227,0.2140354045487476,1253.7682050679082,1163.3739730451375
1.4449084520021653,125.76545679969233,0.30658145060798636,0.5191296438115827,0.1533120809920931,1463.186231376324,1365.4178543118717
3.1768762520096354,146.20512699514524,0.2947736352534081,0.5047633351911962,0.14633052655496712,2876.5800768229574,2687.2750330510644
3.2762832541872293,142.42013938045508,0.4662116901633073,0.6844770590897153,0.2601589053629366,3287.880828634092,3047.6218883444008
6.107243248366449,93.46730435600566,0.7076161189735553,0.8601164343700337,0.48785511866409137,4179.316821574952,3928.190737622398
5.462902299486492,22.771080504435524,0.26479054735077856,0.46672192120937095,0.12907938644576364,675.2030894797767,632.7657159561076
7.210489198034286,124.92669022476736,0.6674369017126145,0.8355524633266376,0.44219189766496414,6310.627750144319,5906.127989356223
4.305504476133645,65.55827705232957,0.11691985867953303,0.24007544386725652,0.05257094269685039,1384.9241819125048,1332.2461792674085
1.837159721568112,101.04576430572025,0.43514638238715686,0.6560456309036066,0.2373090503718168,1512.5395389073553,1402.3569270394448
5.992713510560965,192.36458271508712,0.7206920521622295,0.8677779516501469,0.5035851480859483,8522.142502165176,8022.664858580102
6.325495340318282,91.82635717563825,0.37098636461954515,0.5919029848907971,0.1934396624104696,3376.4805386705607,3137.03472543037
4.9289403829864735,171.1642891995968,0.5509896811563196,0.7545078808265012,0.32883465788470073,5810.8009500366425,5395.417166117414
6.396770259681927,53.9373090348652,0.26398338626072865,0.46566567965019356,0.12862409746992864,1829.1191339427453,1714.3171804428964
4.456569174550735,141.04288964450518,0.6935963129009378,0.8517237754451225,0.471477979054717,4805.026609040994,4509.146877507641
4.659129805673958,195.86125179900984,0.1418232826150077,0.28346339059626263,0.06457883551416306,4526.487123939534,4328.908779512551
3.9927871285098475,38.34075815712862,0.7820341159004003,0.9017052293043997,0.5838996744620031,1250.7964976945748,1187.6874590702641
1.1779338872086664,21.497589600894564,0.25855710913733454,0.45851975779721554,0.12557537798484247,213.61764141731976,200.3387162728122
1.7552399889531312,98.04490267387058,0.7995184253666646,0.9108041465239877,0.6089929572897594,1779.6331050729736,1694.6776166772001
1.2200042998071399,36.672586949246096,0.3820233930404139,0.6034939030683835,0.20069086443494083,412.2687515946738,382.83538603041785
5.454872878846463,154.70918294172165,0.6781468595795893,0.8422553882844157,0.4539883180043776,6181.464156797751,5791.376516581863
3.2004918675342866,184.6187594927406,0.3553802382289508,0.5750921091208859,0.18338163756887546,3843.7403290883803,3574.171422710457
4.559994838152919,98.12377508757659,0.8247293369877181,0.9235080681265139,0.647131349897181,3635.1475353315136,3477.0730507624526
7.352965317482651,66.56809558797937,0.2013097004146995,0.378057217597329,0.0946226505440029,2406.4685358521933,2275.2798907726606
2.7450456040421245,98.19259742118976,0.24281583141807897,0.4373362615047827,0.1168476580169481,1654.0938221086394,1554.3486583271483
3.8726804612494083,150.2206072130002,0.49442410012704185,0.708953765834854,0.2819281813763766,4032.2821700019153,3738.328909707139
6.288857969801341,21.629749084466777,0.1655507512305169,0.3226539874939567,0.07632311271288374,659.1793688714987,627.2857765042841
2.6015871584413572,126.10171810724549,0.25678414776140956,0.4561677637914214,0.12458376288461513,2068.837745170731,1940.6499540637533
1.538859368801551,130.39250327972823,0.8550131057696115,0.9381492811405348,0.6963045029012881,2234.306054790135,2149.809469434351
3.028260170396376,134.78388444126838,0.8811917289183098,0.9502896629783594,0.7421119358746399,3702.6651554057216,3582.7557377417475
2.128549010778031,63.563974396557896,0.4010074634643376,0.6228742827515893,0.2134415009959794,1022.1603608646263,948.4919908929556
7.507883566398012,148.5294902080628,0.8386288168111485,0.9303097469855051,0.6692212221346291,8470.615580056518,8123.637221688345
6.656842656950919,36.45046753971975,0.5358597405387454,0.7427593606240883,0.3158329210373943,1582.0184781977296,1468.110834829411
5.433826295572964,55.86866056402415,0.31579397269901366,0.5301074594987665,0.1588360779197417,1723.935797569305,1607.4865056504057
7.1002241313140235,177.94460839780675,0.6619189768644789,0.8320535246773489,0.4362153550769792,8840.0554192048,8269.093728206914
6.625704538293801,152.97016713078193,0.6271214452598858,0.8092489616951757,0.4000245974895295,7008.8798134876415,6536.834514195099
2.305990412202251,22.474199722042144,0.8913002552869868,0.9548548310486886,0.7606975810098661,508.6322759838172,493.3000087494995
7.247912989429844,64.70772686656403,0.3120378299274267,0.5256556394015339,0.15657556117258545,2551.514206159658,2379.9068607727895
4.775395693409555,58.59316693876962,0.6376476021293883,0.8162848157309387,0.4107079443900697,2046.112755311734,1909.8964192181238
6.652081086148438,68.74513904665505,0.14161900402355754,0.283117094207132,0.0644790365521012,2147.8085934723426,2054.151008274937
7.2726390994644525,64.56075865037955,0.19091683095737555,0.3623881756057173,0.0892266818715651,2288.681380320745,2167.7257955327464
3.2260243248030473,31.254733233712233,0.10313469996087461,0.2150045420313152,0.046057148205151506,518.466716992402,500.51816505476506
1.7703634716937373,102.60929298742766,0.8995685448477385,0.9585395341507337,0.7762958243831837,1951.9282049387873,1896.787587432821
2.595546137793592,151.89202546150972,0.7418189577179822,0.8798290734376133,0.5299829335253766,3498.2436251255313,3302.2265123003513
3.9897545203837943,129.21171044913854,0.7293784117868326,0.8727810563304851,0.514287913138468,4103.368756560288,3867.1026849683303
6.726103361457452,141.11690034765437,0.5077808602305438,0.7201206126138016,0.29259621860252355,6062.5377314893685,5621.831851058602
7.0251140827944045,34.606852136523045,0.34005366632435197,0.5580845312115741,0.17371812306086623,1359.3261119663632,1265.2128547782922
1.0486649137183348,191.2683278318217,0.22101142757014075,0.4068351690922255,0.10503417806426435,1727.517886790963,1628.3095621760344
4.57523111804296,170.92853009174448,0.32773979107717094,0.5440494269615589,0.16610232275284423,4616.724295543134,4300.84390144423
3.921877022041453,164.9162573292193,0.4007769775433113,0.6226431026265559,0.21328452796016964,4171.395164803133,3870.7873501718154
2.5547546732951116,168.13708490751816,0.7050480775842353,0.8585930693812501,0.4848181526552273,3755.040910881986,3528.356660097615
1.8390575713357795,187.88789146389703,0.5317294311225219,0.7394983744355912,0.3123434833291134,3015.2328740132125,2797.759128543872
3.363306199825396,117.96571390046559,0.16198690124438617,0.31689577797459045,0.07453951739533822,2144.5815435310938,2042.266932705846
7.600367927387634,56.05076321617266,0.1144232071671298,0.235591967993359,0.05138434535587933,1914.493050864755,1842.8243330198468
3.262420524145287,131.0210494134574,0.18186574362725053,0.34845729381161694,0.08457976717696478,2372.4068072656996,2250.6480356941024
4.631534352203563,153.71866886022903,0.42839897095790347,0.6496543224979886,0.23249206683845702,4544.107609246856,4213.582110242828
5.921132712266245,152.82513080372456,0.8465543336392146,0.9341256581207822,0.682176829056785,7113.834321738221,6833.086431580654
3.545407216655058,113.86082435003841,0.6099219849673773,0.7974860343556618,0.3830347756454802,3077.1828205889947,2866.365492900967
7.8024745790467245,32.32256948004405,0.7414607199004121,0.8796280246767204,0.5295247927547307,1822.138106864302,1719.9550273525956
7.737131064594779,86.800328917423,0.47309967560363886,0.6905674824241642,0.2653812358734821,4114.675302515274,3814.037761379966
2.762476070777549,185.7379895234043,0.3893328665560343,0.6110380219089795,0.2055579132079846,3559.339211452254,3304.2203179648145
4.480739541246698,125.20080375633668,0.1867202981732982,0.3559625416186057,0.08706614929660153,2928.667304450816,2775.935434901973
3.1061481687173877,116.89974978602842,0.8007464177489639,0.9114341781514796,0.6107958305017348,3164.0259292582177,3013.608766362156
2.993883460642273,68.39363258879483,0.7265280232223222,0.8711468192492877,0.510753065721128,1735.8943533655786,1635.3493344295964
1.2582086314817296,86.3208055849842,0.2344944780781801,0.4258581111195077,0.11230214828971116,870.1604393782836,818.605977988921
5.266950337859278,181.16229604757046,0.5098084511010085,0.7217928927307644,0.29423682960931236,6321.939054931186,5862.618540391826
4.51875316260203,139.96334855483042,0.4898998463369959,0.7051110367383873,0.2783685448642173,4241.500450191141,3932.0746601429537
1.3603512587499256,161.7296648154199,0.6000732421492229,0.7905973349936732,0.3735565358385388,2255.896094178023,2099.9814385178624
2.95052524965628,101.78217615217793,0.856949515193009,0.9390633442245198,0.699583383318376,2715.9487434655716,2614.2813238995905
7.357861201766576,133.44449950210844,0.5638171534099837,0.7642319284657314,0.3401365441062998,6440.228691525176,5983.179293023804
2.676933234668807,64.70904957377735,0.5321738134228949,0.7398503487390844,0.3127177033374816,1345.331101348385,1248.3164628078605
2.0142641046385616,146.98294945102754,0.14025834634773116,0.2808065200178544,0.06381485564519103,1806.4602810031092,1728.2101825961593
4.426169321942941,96.96824006660071,0.15032598081441917,0.29774074633323333,0.06875238760010485,2167.098465622898,2068.687468890211
7.899553178774205,99.6581926666542,0.24987743306143112,0.4469237602264225,0.12074178735287978,4015.0304271388304,3769.479135509178
2.694386900580503,136.87801842383868,0.12597661735339863,0.25613194801237577,0.056901410530648566,2032.243400505364,1950.6310371072316
5.70494883184115,188.5305118644068,0.6946823164560099,0.8523805940581163,0.4727290632255374,7896.990962315075,7411.600391866729
6.331337307301023,31.521142389551766,0.6786642431951705,0.8425762810833598,0.4545648714030407,1430.8668358325467,1340.6410913309244
2.6634628079467975,168.45378272246137,0.20884498754531436,0.3892046860772073,0.09857610350507334,2689.9068604115287,2540.1700947434333
6.0975144402830175,72.62895987419476,0.7688631206362248,0.8946890392718293,0.565680017728906,3346.8634618632495,3171.5458990384477
3.5744819290347727,99.90550181114801,0.2238288278768896,0.41085435937331194,0.10654311558958689,2020.1167059913505,1903.3140729216625
5.4261408141550564,23.944399179501612,0.34094046959788704,0.5590823876032298,0.1742716199101357,753.6733846866359,701.4508940505339
5.434707975326263,74.18829401017635,0.299181519329092,0.5101657555537368,0.14892397849286163,2257.2517827085603,2107.830878128867
4.750422788523309,110.47362367342349,0.39784567885843825,0.6196942609969759,0.2112928723130881,3257.2632281913475,3022.835182156687
1.6320283903808581,30.111693922539022,0.3037310127119695,0.5156923340678017,0.15161667403788814,376.2189596424255,351.1692457096284
6.847117469124666,108.39723128896972,0.4911607411507617,0.7061850971212273,0.2793579065303913,4674.98729259557,4334.001229779331
3.245460454802151,186.87991319451692,0.4259263050837484,0.647292226400655,0.2307394006853557,4156.895025163846,3854.7226405956835
2.3056295727989795,38.970779259404935,0.8892555926234612,0.9539368236761375,0.7568959009490096,881.2102034283562,854.241677507291
1.2854259908833474,157.5993310535908,0.14474108010258055,0.2883927966310973,0.06600670862732586,1475.2147289643012,1409.917996272776
5.136250602317693,93.74078960767868,0.21374510110988132,0.39635955039255316,0.10116590176311381,2518.80512321889,2376.769763862518
5.742950532895977,137.93126861438083,0.142260715126882,0.2842044115738279,0.06479261416403774,3799.8506450517757,3633.6380648669715
1.1161148024949932,66.84258763734128,0.6006729559859006,0.7910200528326703,0.37412861675644954,836.1953513167388,778.4320433452464
4.584651408094967,48.70860725744449,0.14360742193097567,0.2864813072549631,0.06545139972039518,1112.8643885854788,1063.8701299499132
2.585470426385566,48.88327056882076,0.7691517899008987,0.8948443355726007,0.5660732819197785,1138.1237823662054,1078.5527074436725
5.516209532866149,32.688550215766035,0.5095509045455423,0.7215808085175626,0.2940281236387509,1185.8762214761168,1099.7104902457377
2.22056500303494,53.41640688222375,0.521606099665227,0.7314060124038769,0.3038964685490568,965.7456670781564,895.8294319423836
5.836564166717261,139.55948929801428,0.5492756061697553,0.753192225006101,0.32734407167304824,5456.9483281599705,5066.512612713345
3.707147424103762,178.70431013183145,0.2366509650449686,0.4288516323779682,0.11347567315230786,3762.4569759561878,3538.4954922892066
7.557109921157141,166.54262340640912,0.2581522424915901,0.45798341410037846,0.12534874173127358,6499.761827695478,6096.019753442221
1.9626466090219528,143.32417577740713,0.35505385829840375,0.5747351417895042,0.18317367006163035,2104.0778446504028,1956.5522073672093
3.3874644573518093,39.87773541399848,0.5747971326574811,0.7723879872551312,0.3500218956049197,1017.5098650742281,945.8080810802965
1.7943146486841235,72.05374033327098,0.2680942207521716,0.4710270898305057,0.1309477356910502,926.4712350170504,867.9127988494649
7.472855327949939,75.76523755804442,0.193065381706609,0.36565585709913007,0.09033688405325148,2756.544865820038,2609.893001650558
7.1413754736668675,64.99225035157181,0.8760935091347458,0.9479616492448485,0.7329336843538155,3601.33966300566,3480.7532391641917
2.8055913940060893,112.70101874775015,0.11758545184769834,0.2412665039604538,0.05288780240848895,1708.9092161539236,1643.6357963109094
5.6198883222392535,116.39968667834107,0.7421579242688173,0.8800192037057956,0.5304167717764935,4936.600023094345,4660.201072720984
6.720555401408511,84.23947553079984,0.7304281196600176,0.873381058583675,0.5155953575780854,4141.534853272258,3903.59821340423
4.886405681196236,83.68204857255849,0.33777129107607684,0.5555084318816425,0.17229671900492835,2406.4200256638187,2240.158800207906
4.707554048492046,169.14000762309465,0.20850129280585072,0.3887000745569247,0.09839501735122884,4206.496748946571,3972.553872216982
2.6929660363031616,162.0727126975434,0.21650291736433874,0.40035415223987236,0.10263009532241647,2627.656053047718,2478.434294217164
1.6517193746412944,75.40324970253423,0.657945293789754,0.8295143564881969,0.43195306314176163,1223.4718061266688,1144.0294966594279
7.280510305673287,184.48191989718669,0.6142452728689389,0.8004744311980613,0.3872522506344612,9106.921236053238,8485.54894662697
7.302926400143313,191.5067030604511,0.7261965394011094,0.8709562925885993,0.510343437300071,10103.036857236764,9517.45747500751
5.4317102009128755,78.81365756540734,0.8499849379192838,0.9357635676007205,0.6878685916323983,3414.1271299087334,3281.648219420049
3.3732085373409046,83.79649078274988,0.6535418906132736,0.8266813972968757,0.42726996841442766,2236.6163207426534,2090.5558045057596
3.4444670222886264,111.0141476159526,0.22468122924115477,0.4120657208940604,0.10700065148167717,2182.661630517693,2056.2047892105884
6.081689752091676,189.40174625606124,0.29475409341232855,0.5047392784854131,0.14631906234099762,6317.94419892979,5902.177206264787
7.279771819668039,177.7374979656161,0.7737549846984917,0.89731146193412,0.5723806736816791,9577.505840353677,9082.55508598588
7.209604969855821,38.462233265046166,0.26744486066736683,0.4701831537934355,0.13057987842216834,1452.132345508682,1360.4494119145284
6.459128821003367,90.69153378885491,0.15801785356358514,0.3104303532747144,0.07256140346874619,2807.535111189396,2675.7445048843856
5.494221523080014,119.60681415495893,0.6626240432338004,0.8325023532970001,0.43697525493842154,4765.762957752471,4458.24622140385
1.588979754965342,110.56384505927721,0.4220210843921136,0.643539631782996,0.22798488843249698,1495.320068846969,1386.7383653028398
2.131400998662296,54.89535222864068,0.8360320420367229,0.9290496859743069,0.6650340657760789,1150.996238586774,1103.294592258148
7.289879319689555,174.58701881026784,0.6202040568749292,0.8045583307522843,0.3931232279448042,8659.67849756343,8072.272407655133
5.24500341761713,141.8493409394307,0.1723351822333286,0.3334940743487142,0.07973816055675813,3728.5055099131105,3543.4374643839037
1.0643793613164076,170.82350747332464,0.8582852538029286,0.9396923500160332,0.7018550298245497,2383.2424276675742,2294.66499964708
1.7103008000622246,174.577570282905,0.30684581091219676,0.519447451256108,0.15346964657627862,2252.0591489018702,2101.530476182219
5.644512383756391,154.70405365983316,0.3697699923250286,0.5906106389232848,0.19264759899646527,5154.665979047117,4789.409993541471
1.0354310869235308,99.05790822494912,0.4218083309468337,0.6433344152001563,0.22783529926505564,1053.094978925412,976.6298314234123
2.1256563599224907,129.89841590277643,0.14097943712345062,0.28203188568749454,0.0641667222315685,1656.685454620116,1584.6687180035483
4.841136525566103,48.86577310155377,0.4972123377844839,0.7113066790290196,0.28413538148912,1575.4635541421367,1460.669950427347
5.843266383848853,141.25617514548338,0.1986547928602338,0.37408722249276355,0.09323802202457011,4173.012883588506,3947.2602857123693
5.5637288165182035,52.265586033070534,0.42077626135068147,0.6423377612599503,0.22711033301903746,1790.3863867742602,1660.4255973499903
2.5698851662239184,144.91092629182822,0.3805678303936675,0.6019791393586165,0.19972788875774825,2616.6064932792765,2429.952981442805
5.985254549432751,61.32766893571436,0.7182720667412027,0.8663719054445572,0.5006398598236235,2710.5647543584105,2550.9406408641908
2.6607436124776003,41.159234027039595,0.7425364093061849,0.8802313819163924,0.5309015837565099,965.4861380606004,911.4755363218094
3.277797887114874,49.75120822573234,0.2227303059112704,0.4092900578022659,0.10595416366406062,939.7800968655433,885.5850216130709
6.225439835826169,20.35858433943265,0.393240949903381,0.6150291386673647,0.2081817372474737,751.5208469194605,697.5497701307563
5.547430293330502,149.37313121363545,0.3986825288254654,0.6205377703659681,0.21186057623653284,5017.894596010981,4656.616659333052
6.944563873459246,151.83218883050824,0.22112835514886806,0.40700244316966067,0.10509670040091286,5318.50666681552,5012.987086374564
5.603290246102404,112.6880029843867,0.7387628040409524,0.8781103041785306,0.526086418309291,4758.914424122631,4490.41490066418
4.9781602233483015,49.045304189969066,0.6657826626683386,0.8345067794837521,0.4403930470383746,1802.1963431874685,1686.411451584859
1.6557233747966473,35.039780751924155,0.25230542903762776,0.4501882978382786,0.12208862196627365,422.1865965314774,396.2456863383615
3.5740106214160345,23.443213958711663,0.39337752687503924,0.6151680878608788,0.2082737078515394,547.88577015127,508.53630802475936
2.856416573772078,49.83467185373973,0.1846440198852114,0.3527620858072941,0.08600104322312897,818.5993631457793,776.1965930612581
2.7079275036535853,180.35399629696641,0.6025652776744351,0.792351109395845,0.3759380254381941,3958.0769920736107,3685.10643522906
7.811073883267119,63.476631506302716,0.19709753963889576,0.3717482031819893,0.09242784991390442,2410.894656496189,2281.065546589587
3.751684072667323,83.76883889909882,0.8887473348999343,0.9537082049761436,0.7559542560601643,2722.2844923349617,2638.662050818143
7.244325886239793,38.962187206639975,0.7245456597502898,0.8700059414777901,0.5083078622624343,2039.1954031601977,1920.6020630579783
5.41797038198084,60.02503485467065,0.41219083966719605,0.6339727228843808,0.22112371886439147,1997.3492575398607,1852.7672591696753
6.563679124791539,113.46042274043693,0.5628511458234836,0.7635070392140118,0.33927627690358303,4952.3263421220145,4600.664969496134
4.518459651736345,129.39548295721747,0.8290734529731271,0.9256490032162591,0.6539509101585099,4766.874953235558,4563.278689554147
5.038327192384513,64.163416549918,0.5432794243166609,0.7485591328090797,0.3221653746848991,2207.108897795043,2048.7253246224873
4.447623856732047,30.391788660521097,0.23959878911836416,0.43292213987668526,0.11508485189431056,742.5287947679981,698.0512031718515
2.3667009145863114,90.38591644293176,0.40296268446492745,0.6248313914131709,0.21477529245426566,1566.5007868078558,1453.5077470229096
6.057164806830537,62.15660676674015,0.7745158920237963,0.8977176038915572,0.5734299101726665,2855.830579267127,2708.5619974902356
2.9654065370859906,59.51970618136435,0.6153704127916944,0.8012486496087101,0.3883556298372978,1408.0192543487153,1312.0532161621886
1.1702117650201769,192.77530448842194,0.6205795074670403,0.8048143005400413,0.39349542408721766,2503.769440216969,2333.997152713592
5.518306071350175,130.93408746663033,0.7934571885507914,0.9076771653726031,0.6001731184691815,5606.75546508528,5333.703092393505
2.239774755849343,120.23811977097726,0.8151784459700038,0.9187518555760064,0.6323994670086177,2584.600401161363,2467.9213693890347
7.5832100904704,94.83951863419794,0.8358340574235491,0.928953416171794,0.6647159784364002,5450.068137925951,5223.997740727413
7.677500039018112,97.20998001742596,0.1758793546025249,0.339094272687881,0.0815325402983255,3562.6930401137233,3383.58573387664
7.40405073154314,117.36290069085454,0.5353008015704808,0.7423194291549876,0.31535922896482765,5588.750190395272,5186.256101264992
3.591110901788111,145.3573652664993,0.6924076169746549,0.851003543497406,0.4701119076492951,4163.850713186975,3906.9456686134495
1.108196315702072,146.3862973127293,0.7055414761016111,0.8588862350452885,0.4854003357854093,1939.407236383008,1822.4330212803798
7.498229938114077,50.90490338698092,0.5853729615760032,0.7801014945069933,0.35973410543703777,2532.9113629956087,2355.769666031423
3.9972890382212003,110.02029537379286,0.23342986814693933,0.42437534730614274,0.11172394347451474,2451.897811012437,2306.969955604115
7.766583733305687,94.15245710613836,0.7379364431533315,0.8776441549274977,0.5250374480423153,5276.5166939190885,4978.265810697212
7.74533983962477,176.69485392848915,0.6760890668119566,0.8409764552484162,0.45170134555129104,9553.975483095925,8949.199993737986
6.971066188271521,133.65540581930776,0.16890861723922904,0.3280389644598757,0.07801010695285863,4469.144763372346,4250.116548029161
3.0611422444870997,115.85073195487672,0.47104785973950103,0.6887611247828663,0.2638194729794592,2548.87445611176,2362.6288226633555
3.6956841002134766,40.77103559220512,0.23918191961744287,0.43234800666762596,0.11485693479281216,858.2921032116174,806.9254356571386
6.9579567006179985,129.01482007821406,0.3699816365703775,0.590835717452281,0.19278531514662284,5149.330125222686,4784.401322954813
3.2184540360939438,41.096703022442014,0.11446487376454835,0.23566699786701958,0.05140412328423336,688.5479545122408,662.7653215313811
2.1864492268026474,80.69718360183538,0.4202638947286066,0.6418422698772549,0.2267508525192793,1341.4544662544279,1244.0955753344172
4.897608837208451,45.71155366657973,0.5399015369249683,0.7459279509545548,0.31927217678606784,1532.2868733340963,1422.1563834028884
7.553083419125467,144.57325646438642,0.5956660742616695,0.7874778145726782,0.3693723171845628,7287.281698471527,6781.757644207353
5.872208576724811,57.12538049050747,0.6307922761029681,0.8117164574130463,0.4037250805829807,2363.996071236656,2205.408319154721
4.990428190625555,90.53468717384467,0.769033050481968,0.8947804652902798,0.5659114867385363,3521.525158576075,3337.143685290946
1.6802354563953799,181.22145997138017,0.27237032582058407,0.47655688434212223,0.13337774180048104,2243.5168735175125,2100.707839299088
5.305050586894188,56.77694901181465,0.19638545795077436,0.3706760731126712,0.09205787274801928,1542.0613590427943,1459.1951734414122
7.930376950729843,111.40491151258024,0.7812297375183406,0.9012807756363239,0.5827705177121338,6498.158467512891,6169.509549368167
1.9805881066556683,95.46889900988396,0.22529025191411992,0.4129298978461559,0.1073278391336214,1259.4976250460222,1186.4210499943813
4.628307566546157,23.262327388231352,0.8798080650689563,0.9496595450534029,0.7396082038091624,892.399362943332,863.2313331365363
7.141611503495688,162.6964604431063,0.7740305835189096,0.8974586202464061,0.5727604862049032,8621.868817974604,8176.649499994157
6.185380324279431,32.42826313662795,0.5007012847116793,0.714234592951228,0.2869118602664563,1289.2676307710012,1195.392546346084
5.879110186966876,105.36590377585165,0.8851371399376202,0.9520794482282832,0.749303934734094,4950.446799197474,4794.409116578796
5.917388587909765,120.92209308901099,0.17790138328640337,0.34227027049511444,0.08255949360854066,3539.7548465904883,3360.532561329316
3.516438058538286,133.11676219062568,0.34245260894008134,0.5607799410310411,0.17521699880883862,2948.495707062481,2743.9171417992093
3.0551429098514538,143.9536932754176,0.6105795320324892,0.7979419390728821,0.38367396899279393,3472.2513047967473,3234.513394940583
6.665528088349595,65.58902903408872,0.38000549477854306,0.6013928141141718,0.1993564054799603,2541.921712190776,2360.6548901819724
6.670793762754265,21.79617979852089,0.8426980415846335,0.9322745597492553,0.6758396192093096,1122.663797476211,1077.5336339878236
7.069506230060726,150.21985922388416,0.15250087054225406,0.3013503279358272,0.06982614165963125,5003.452622017536,4774.043546029747
7.392683867895299,116.41818788256414,0.5395294656487717,0.7456371885851472,0.31895454832439096,5552.025979876784,5152.916460930946
4.579396792026564,170.50118657730476,0.5726930139160916,0.7708367943393836,0.34811211944581183,5524.8479440940755,5134.971411489528
4.510614062810397,167.84990532212498,0.6221824990217792,0.8059053795662733,0.3950875841588457,5540.959467630129,5165.85603735096
6.588066252767426,171.79871020181898,0.3045329786654516,0.5166613776290899,0.15209302249484477,6192.480740681455,5779.75374491273
5.549747515444356,107.31703879631723,0.39165314201589163,0.6134111321522988,0.20711387723696714,3586.5835091534486,3329.21066105806
5.913768140803923,80.05311125063582,0.7749444237319821,0.8979461288240359,0.5740216579663644,3604.1085179084844,3418.4783462935634
6.570548686052708,162.4804764664466,0.2559542151761279,0.4550638576367932,0.12412034110278966,5599.072539159361,5252.677566220283
7.230037392722964,101.23294034526589,0.7614942777386896,0.8907013810127115,0.5557307827131384,5389.797385250127,5101.887159733806
3.365966097960751,53.01959535261821,0.550124338322194,0.7538441626391081,0.32808157172280084,1324.688193479189,1229.9504191063688
3.629080668479608,173.8953235210654,0.7097500089552657,0.8613775582145439,0.4903915600722498,5070.213326701514,4766.7483396161
1.657873578886083,178.8607778190225,0.6708858930107773,0.8377236888339865,0.44596220049459967,2930.5691991277718,2743.6438361505616
5.047960986973218,103.93575610523062,0.2660091963079032,0.4683133565789325,0.1297676642675188,2887.1453898001623,2705.3045058409252
1.2515959165771946,33.62595091576175,0.5550501891470984,0.7576091522829591,0.3323840452046724,434.68552627338005,403.6798510888389
4.259186126927221,89.80869618504762,0.7941785222440739,0.9080508074166288,0.601215921666628,3103.8965046521284,2953.086929649401
4.798512442953037,164.63677870326862,0.44569298944154345,0.6658787022631123,0.2449407019661417,5076.576391595736,4706.12041723644
3.005788764897991,182.31932513832118,0.8732726161786534,0.9466660817145255,0.7279101433173987,4965.326968760345,4796.0925927732305
5.135832823983075,56.62509364956725,0.4617720800813745,0.6805112943079116,0.25682362181272994,1869.6286088120182,1733.0172341562982
1.213501749573346,32.05525016454887,0.21422850933430776,0.39706141885268587,0.10142220813937101,310.84116334110104,293.29096508328445
1.261437321244501,177.92308156391096,0.41154774406213857,0.6333407554992869,0.2206784304847001,2085.094522125255,1934.1953212797655
6.758203924617607,90.09288901619755,0.8613619251124297,0.9411364784320969,0.7071183460340854,4729.591712898656,4556.737138160582
3.52133448987884,117.51697356816139,0.3557766794718834,0.5755254027970225,0.18363437727016343,2634.4236731106434,2449.6098076560766
1.8894235885631936,194.2518461691366,0.7944785278936503,0.9082060863740828,0.6016501672644481,3688.989314278642,3509.9260964758396
4.655702820383631,31.981651024560115,0.8050005453455119,0.9136077766548532,0.6170838076179309,1194.610453306335,1138.6463118897163
6.389954871690276,136.6972413413772,0.3801492194655689,0.6015427295739552,0.19945132209291447,5107.872612413088,4743.594987309022
2.5107471924779023,33.338976063476075,0.1666061264405057,0.32435069001129063,0.07685265308361496,489.88487895039447,466.08556687567614
5.360233330733002,87.58440712397007,0.6796463273270545,0.8431846584669053,0.45566098777456704,3451.070032074832,3233.7812690722235
1.597432254956376,164.6866181348204,0.34920983921118887,0.5683053614240813,0.17946609725715687,2109.54790980856,1962.330438923319
1.3617720481802538,98.02500189601419,0.7263388914060579,0.8710381242553809,0.5105193106429325,1471.1061743883072,1385.8647738042773
4.719482420977036,199.49282370253107,0.45412387860834647,0.6736043427479493,0.2511333830125305,6105.487402104035,5659.552901364561
4.784445851270746,120.63067129038839,0.48821339387409723,0.7036707080581484,0.27704850852434043,3827.0498544270527,3547.7938377835817
5.462009310487446,77.80918747447163,0.7223275253988295,0.8687251594660952,0.5055845542446031,3188.2439858750936,3001.9921605491427
6.082639336058631,59.62003866285556,0.40589066484930236,0.6277488673086088,0.21678000792505825,2178.707935851204,2021.3690352465755
7.830964556237742,83.09369617150912,0.4545018762583316,0.6739479572892609,0.25141297967986936,3927.6559584151373,3640.7782120822885
4.614102438108367,87.05598927671915,0.4009523750156977,0.6228190374429425,0.21340397793771015,2512.0333060881944,2330.9922252024057
3.260695310588722,32.36846199031298,0.393872412221824,0.6156712704637699,0.20860711867054532,704.9313125050808,654.2906716856104
6.566303363380926,86.52335589681917,0.5207572615211675,0.7307209586315557,0.30319490203142374,3672.9982037277045,3407.011447099929
2.8958257588345195,103.56293355306049,0.7470395556009206,0.882746286100206,0.5367019344420244,2591.245005394449,2447.7943945363863
4.072799944939453,150.09279540298485,0.3894146495380527,0.6111218434691824,0.20561266573101847,3878.202215748003,3600.2168673255283
1.5491946693958618,138.21130724988944,0.5194037764301894,0.7296265263554916,0.3020783665822898,1974.9095344087455,1831.8290964272228
1.1774552039082025,147.57781794124776,0.6365818603540807,0.8155779836625235,0.40961614236512023,1941.7600137033219,1812.33366091905
7.738538902745475,21.50546273783428,0.31555155704292404,0.5298211386069995,0.1586898415212464,901.1183544570604,840.265877964149
6.851860843585441,59.180131924496486,0.322018243921914,0.5374125325834503,0.16260734514550834,2240.3557825136704,2087.9817374968143
5.871819442655886,139.1031719119742,0.8467305016187638,0.9342099702930171,0.6824678641260176,6429.430738581478,6175.910105980791
3.8626706108998894,107.11808627235449,0.6788276586648709,0.8426775795756478,0.4547471052827304,3225.459999039398,3022.1234629194505
2.2130602404959205,20.95642562030227,0.5617493409786471,0.7626787872877189,0.3382969155820775,388.2891809418694,360.69886591114425
2.095059298697602,164.80903563772802,0.6181760435364896,0.8031729429992516,0.39111748206097713,3048.2802008275444,2841.0894165745017
2.7517002871521674,159.10572319226074,0.12343955448273469,0.251666583743198,0.05568417687105569,2392.703038733798,2298.01445594466
4.844586652942843,118.71544933884127,0.5944823724493575,0.7866360221691335,0.3682544207694841,4085.950386807284,3802.2296223876588
6.0021714589004365,31.963398639728982,0.5076070985793616,0.7199770229179951,0.29245588353061547,1244.3660415200686,1153.9049877837447
5.621381637024119,157.97270891586524,0.5365997438235486,0.7433411497660198,0.31646077829017333,5932.062983515102,5505.081801723682
2.9595372786215997,125.06844579164552,0.38753906146465367,0.6091962521169235,0.20435864738706472,2518.6792906918154,2338.318836201925
7.684056964642359,160.75279588843264,0.16517911817035352,0.3220556000790723,0.07613679189638842,5834.658117941623,5552.762854386002
6.16527841687038,155.31445863125128,0.25467138688964175,0.45335386499731983,0.12340497774175284,5059.775796550911,4747.491130846652
4.880478367579805,164.54037295241068,0.8605957705701374,0.9407774709608658,0.7058036192384863,6545.197776407745,6304.973731796193
5.282045223640465,113.24145195283246,0.42695964981674717,0.6482806719052027,0.2314710382891455,3730.1680141474403,3458.9432483153532
3.9372004369945293,45.2584132748327,0.4733465246646914,0.690784353042758,0.2655694800100859,1212.5587780949706,1123.964419882664
2.7341169265081025,140.80834520834395,0.1421678318827512,0.28404712462129533,0.06474721255387768,2147.977070349433,2054.062682488908
3.491808750558831,131.6852813093547,0.13005298363518447,0.26325420822622647,0.058863998926254754,2387.039359237627,2288.9722389903864
6.304922773250584,153.6055736958357,0.6737451576374062,0.8395145325676164,0.4491083124471257,6928.356632232483,6488.264350098259
1.100754420408291,50.578581089132356,0.5304757312968891,0.7385039122690992,0.311289291786205,600.0965512737754,556.7929566775271
1.8125084835484135,55.09553598205206,0.5069647873730133,0.7194458612232074,0.2919374932745386,861.1498495097862,798.5371935930234
1.3220184941522692,180.27371309947912,0.2944996243381349,0.5044259324135343,0.1461698050843133,1971.3208252129136,1841.638233865011
1.285101616232791,154.99600372137274,0.6958005853039377,0.8530557403077907,0.47402035109496965,2213.998991098451,2078.1713653174934
6.98822408807705,183.48112796605812,0.23458926328679353,0.4259899675067718,0.11235366390684369,6543.335947485993,6155.581929132018
5.925605015660166,156.56875780950574,0.251947794928816,0.4497084625649578,0.12188998235835655,4917.936062316367,4615.9635229404
4.319216803611276,127.48795507825433,0.4685697370786204,0.6865705638024674,0.2619401581326126,3667.2350830775163,3399.2580772878173
1.6848391245570102,137.74389266501726,0.32902388968955276,0.5455287871846899,0.1668904764668025,1793.552625028288,1670.6766995613311
4.441311125817826,180.0430263092018,0.29797038498651707,0.508686073957089,0.14820988184738446,4627.4530838489945,4321.6208773309845
4.31430239546396,124.1852158121493,0.6161901156426653,0.8018117842934085,0.38916099155693973,3939.0739321089122,3670.8131965444727
2.212413089370106,133.83043837910975,0.6207773961748356,0.8049491504964691,0.3936917069037755,2573.2346039820895,2398.7869596546366
4.036961544665811,48.1658088806481,0.7596136558399434,0.8896764140774227,0.5532189104590255,1568.0198744566817,1483.8534745996974
3.789533140781614,105.30581962089849,0.4341668535783807,0.6551227038751395,0.2366066246691714,2659.075014724724,2465.4102724796085
5.310950686365516,148.9514801524578,0.1584680728209202,0.31116654471952565,0.07278535036491536,3903.0417566349606,3719.4836845552445
5.445655556073507,68.76968569694577,0.3189331079371661,0.5338028424112977,0.1607340895572652,2131.58073409663,1987.0899461754923
1.3171280684043116,56.405752494416284,0.8840043705574535,0.9515666318558774,0.7472309866020208,892.2749145649113,863.9278264388602
3.6222883023852983,76.48882548039481,0.5770068601861617,0.7740110873980218,0.35203550418165824,2059.0475326486644,1914.1711955635205
5.381019409999655,63.47011303871002,0.6677896678408162,0.8357750938179594,0.4425762961092473,2492.2705946192377,2332.5998544625327
4.521953810060614,58.684274666551254,0.10588626370033163,0.22007085389603057,0.047349971367722454,1275.6498367762076,1230.5944499189984
6.995428888318256,96.47315171625564,0.5145645857460167,0.725692276366828,0.29810755200098993,4309.263644477771,3996.5919441220403
5.610855421332615,183.41093249903614,0.13002292602544252,0.26320192606005344,0.058849496561133974,4892.949215853964,4691.964416765988
2.140540989570008,111.27073641296928,0.5553841696731584,0.7578632743961242,0.33267713844210406,2006.7400094642257,1863.627653533164
1.493981231803009,53.825668546758145,0.8366166797088603,0.9293338001397187,0.6659743101918855,899.0644265280224,861.9008287939489
5.49693494744421,33.854900488557334,0.8747353044003263,0.9473385246288188,0.7305101123139194,1496.253774995611,1445.7205484277497
1.1855791737913526,145.30810612482654,0.5324421403111393,0.7400627463837554,0.3129438056991192,1796.0300551071707,1666.528674772674
5.100429068914243,88.90377759854981,0.46656384420177277,0.6847902708148014,0.26042448830013815,2928.666901413001,2714.657072630599
7.581611689974703,167.92957038536466,0.8560136753987952,0.9386219155979681,0.6979966382178808,9730.27632339799,9364.22752960722
5.0283192451311525,138.71193835533865,0.6388878655973561,0.817105841283381,0.4119814499462919,5059.7747609004555,4723.408985156295
3.7171894834456536,163.32346109744634,0.15191942363072758,0.30038699810269087,0.06953882858474812,3178.164317943108,3032.8162851233847
5.503017529096472,68.95028709532077,0.47258046213399807,0.6901110109121873,0.2649855371237563,2431.8318931013737,2254.1472653387823
4.207770233440616,144.62460604299048,0.29219601477144314,0.5015820874124309,0.14482090838779396,3539.859303440128,3307.7249721891385
4.819317525211544,67.53115724486938,0.47584345715894527,0.6929726588254035,0.2674778821370371,2136.389403611682,1980.3155250880798
7.590253661435677,189.03232630105248,0.4643724576050894,0.6828379814520945,0.2587742713860545,8754.651950066558,8114.923582530686
3.70271846460542,134.5473706760074,0.5657158422517936,0.7656532218649915,0.3418318070504565,3658.1936897023293,3398.881811490524
7.7283339467674,78.41212403156158,0.38541639227940105,0.6070087648821356,0.20294360532666467,3475.0974766742615,3226.53061351199
7.337454493692446,68.51213521260908,0.23141635956474246,0.42156202998610276,0.11063242689760248,2542.67957500564,2393.058312137541
2.370537943525075,54.36678531289583,0.5029755476719651,0.7161334525271008,0.2887305052465142,1015.5317084280572,941.6245769599273
1.4855291061261582,145.035372600871,0.7641623074766096,0.8921504114039207,0.559313300053746,2335.1429738270795,2211.271937241392
1.7054460096419866,59.36881033962691,0.6312097824540819,0.8119961569954744,0.4041476546834187,967.4474017676849,902.5761064762771
1.127552779560848,127.15458786694803,0.37069429274017274,0.5915929434054099,0.1932493474337553,1357.5957529968225,1261.339090901978
1.6611007252914987,67.63430484656432,0.8484184182070859,0.9350166775807497,0.6852631881069445,1211.4280092546637,1164.0533748438875
5.781047413914498,139.15441006289635,0.8297660569993458,0.9259890623967815,0.655045193052349,6301.168486557155,6032.826873526119
1.498320539221603,166.68915113729705,0.26747871950727903,0.47022718562567806,0.13059905166728716,1915.2170915947702,1794.2895704365649
3.2328294120563292,160.04454376603758,0.1315340680962904,0.26582610777535914,0.05957917343556518,2737.949938996774,2624.5593451414443
6.914127176786182,156.95323956754072,0.6930469666806098,0.8513910957281512,0.4708462303711141,7752.946276948086,7275.105111384509
1.162903550150781,53.79003302460537,0.7620882090793226,0.8910244656899585,0.5565263606626347,752.8618415302798,712.7076911100299
6.701279378122551,35.909290457213366,0.8742916527610842,0.9471347159674351,0.729720411594834,1880.9175167691753,1817.2157566764254
2.9729834234137993,145.8107891277294,0.8118691152706486,0.9170878987604716,0.6273769294206628,3837.936791030319,3662.5240180378923
1.8271537933515938,86.30249848298324,0.5804278145651319,0.776511910910229,0.3551690885261844,1424.0848368522968,1324.127083827976
5.877160157549055,97.82232075260251,0.5240418713699047,0.733366172295183,0.3059153624671637,3782.9109202973377,3509.274008740938
5.402599927459188,25.60683670281039,0.12227284101006904,0.24960465129119278,0.055125497514033096,656.4006280165473,630.6024702614769
7.14230409468937,66.72376086950885,0.2973251574758223,0.5078963227998786,0.14782991619849503,2564.768157044832,2395.405068329026
6.145497306627201,26.061752697403524,0.46769180138634114,0.685792159128015,0.26127617615750853,1006.4247515092653,932.8813695241329
6.62436651269394,178.25343906822457,0.6028031200668542,0.7925181097198197,0.37616590769760766,8045.132094351688,7490.411399392213
2.9742420079991456,63.81140297933548,0.5458014666547285,0.7505136824357258,0.3243368497401069,1447.1134746682058,1343.394095851969
2.24207680645806,120.32069052314145,0.6941087917453524,0.8520338660255042,0.47206799743877725,2436.189689338453,2286.304560911942
6.254303261486008,27.016277719003476,0.3238135447096327,0.5395030555126082,0.16370105565638934,946.3377073304857,881.8511993662338
6.647843174870848,140.03253043501846,0.5519620861219786,0.7552525390333802,0.3296823096260077,6136.1082625758345,5697.694841354465
7.933535994004713,78.14492223573689,0.17051379471263373,0.33059942778162943,0.0788187887158321,2933.1011157286744,2788.4872897337914
3.8883237383799854,181.62545365237986,0.43093241886656564,0.6520633589035529,0.234294783515173,4669.424744611145,4329.58126952676
3.604126600549482,179.86127400812646,0.7001286663636809,0.8556574912514325,0.47904730373865695,5188.77804556402,4872.805289826361
6.434890725193978,78.5523113051146,0.6547206827432352,0.8274417700140515,0.42851953149275945,3566.950292655517,3334.365722642394
3.385624781771125,182.17296122428422,0.8925141897377432,0.9553985753807674,0.7629649970883694,5471.792182561882,5308.352651155611
7.515301279224953,199.3083812297802,0.3223129007902048,0.5377561478189284,0.16278666873768613,8184.683155655327,7627.840097220019
7.008889262901082,168.57481954231065,0.49855143933918333,0.7124325858602596,0.28519910350621963,7458.9869967567165,6915.640232523687
4.002958191625129,172.07684259594123,0.36362433101919744,0.584035103965597,0.18866688160386036,4295.6997053117475,3992.5865565185295
6.256097474540482,64.82157249963618,0.45248249124733986,0.672109521928925,0.249921236416069,2513.816143132862,2330.2364621666347
6.281800118592776,123.80643179439613,0.7855601038955106,0.9035596894868284,0.5888751021789806,5900.555127353336,5605.98859595542
1.7218670818515283,32.10606451412622,0.6473672601507893,0.8226745522000181,0.4207730760692362,531.4355740558641,496.46119954509385
7.317870346756966,37.08522862790055,0.8059529530780654,0.9140924896344896,0.6185006176868917,2038.1709799011985,1943.0075920859279
4.536766607135,199.8006701659923,0.26280888666550917,0.4641256474893433,0.12796243805668878,5066.504530692768,4749.163799871277
6.785202262754192,78.79506489666397,0.7986888942731504,0.9103778860893101,0.6077781539870937,4039.6948241956616,3846.3115578811
3.240347207214282,154.67310416879235,0.14780981934270754,0.2935433413071252,0.06751331741836061,2694.5261710623554,2573.5478949504
7.268662599473403,165.19970954482696,0.8108794243497219,0.9165886648374914,0.6258829338270908,9045.700697807553,8630.761830516294
3.724411751139142,174.44418878130125,0.3632590235685823,0.583641809253485,0.18843136573316832,4111.123987012373,3821.110083840364
1.0758635603620885,199.57309353238819,0.3516701067312532,0.5710210458585608,0.1810232156115923,2047.21262422323,1904.0581163524805
7.337673834934845,63.46936734623621,0.5096708613589311,0.7216796023955092,0.29412532070726266,2946.4146572014142,2732.335058595374
1.639006737502935,27.263148834745948,0.8525521501785854,0.9369838423725355,0.6921616632534632,485.0973755511368,466.51700628976084
3.235195463132904,94.01447323902548,0.13822509174512432,0.2773408944328715,0.06282416610212795,1620.165812436536,1550.6917787856185
7.650433769355635,43.41452056921045,0.3817847800565962,0.6032458708643136,0.20053286153669606,1901.4096959495093,1765.679530790447
7.654250028562893,24.036660049169924,0.7852575909466686,0.9034009760877931,0.588446579714921,1361.2948386412838,1293.273831307741
5.014065216863003,84.8768288854675,0.41684358194837345,0.6385225467847971,0.22435834183713285,2656.0258941741426,2463.463025851199
5.422860485188595,161.07288519354256,0.2593255180776536,0.45953648535137226,0.12600583575996263,4723.378647966846,4429.3554043415925
4.1391186538482385,121.91252442051275,0.43983534506512945,0.6604407744930278,0.24068645529783012,3317.173319057178,3075.3208768293703
3.0524754018864515,76.30003805786373,0.4084420011933355,0.6302780947851171,0.21853406677636,1598.5042948327305,1482.951752215979
3.3006518175894115,137.78156098868953,0.8323329611733628,0.9272463209989208,0.6591177600473067,3961.274229604186,3794.4201955402045
5.707629192539269,61.76327245558593,0.7095475005944777,0.8612580589820226,0.4901503435726972,2609.1294163799575,2452.9079491702955
6.26662170606376,22.588660292975305,0.5040924445952051,0.7170632010569745,0.28962620748925066,910.3792491666511,844.1416084256226
6.54105330608094,157.58360955855693,0.8906964533772569,0.9545840205271751,0.7595726558716435,8133.235485894291,7886.958972076283
6.527326999561877,132.27375527552164,0.4722220250207386,0.68979563921284,0.264712563267228,5398.642508472092,5004.179360576899
1.6384427213408326,157.2144724101728,0.1465902646562202,0.29150059019187197,0.0669139723940388,1702.0695721361274,1626.078121024037
4.4609421329180705,27.00884300377981,0.3098194574519879,0.5230108781971405,0.15524586274327665,703.8020221889129,656.5902629765245
1.40291132011651,170.68153300951738,0.44885638417545015,0.6687913684124048,0.24725458634470282,2186.104812548831,2026.5153919806505
4.846702176266149,131.5147160065346,0.2255220993168961,0.4132585917041878,0.10745245859469525,3404.1764114694506,3206.5568214501377
4.090713509613639,121.41116312827522,0.8580521010592345,0.9395826462790825,0.7014579317638925,4176.641523416178,4021.2144070888594
7.213929279308099,132.43052866061566,0.7134791182542185,0.8635712665119089,0.4948525454427199,6865.167606494157,6457.131405617201
3.456405087864551,175.59798443630552,0.3146297603422181,0.528731142290001,0.15813420794943903,3749.373728608521,3496.4444973691006
1.819469114993241,125.64857118060327,0.5726436268143327,0.7708003187144404,0.34806738250053215,2057.3905112217017,1912.200149227854
2.000941774369851,124.57106837987227,0.6771593256876576,0.8416421568176226,0.4528895750061654,2312.7070374871964,2166.544385575906
6.3305744220223055,198.32224827183785,0.8530231431254384,0.937207218517461,0.6929524571919017,9804.062477761147,9429.44968612901
5.327526443213827,156.21143007234224,0.8053082793403286,0.9137644691894586,0.6175412305099575,6528.999307572542,6223.464017336571
1.7078587328595316,99.61288498120435,0.512153780910571,0.7237198129842893,0.29614161820768253,1504.4340941689563,1395.1994848374788
1.588747642804982,147.331460005927,0.719722095834414,0.8672150358643783,0.502402758291984,2415.128315835253,2273.306970859851
5.90678392021384,90.06148490452193,0.549715803062068,0.753530472732523,0.32772643823729325,3558.7239096191147,3304.1607201575257
1.5093410445493547,61.19758324702982,0.5421631120364321,0.7476912866868378,0.3212073274951068,874.1574373821306,811.3943066356851
6.753020415032493,127.43333783979669,0.19179356667055353,0.3637233844036236,0.08967937752809103,4237.3183901391685,4012.7679362801546
5.943695590095474,187.07277766051126,0.20091012641292166,0.37746114063294106,0.09441398415343089,5619.660662166451,5313.655218367785
1.5694414644932984,187.2451136027833,0.523626892017966,0.7330328107956339,0.30557080447177964,2704.6134359228595,2508.9465323698323
1.5938639985963434,81.54295005898825,0.31508923598320526,0.5292747053068838,0.15841108070294466,1013.8122092254453,945.3855037909873
7.906477049508228,114.98194391990509,0.11682952196837491,0.23991365263506542,0.0525279542424387,4077.247061028824,3922.250140617459
3.6198955702928424,58.094461742575014,0.6782713631201698,0.8423326325140031,0.4541270032328789,1661.4409451194392,1556.6137095523482
3.5944950294682365,199.213599709799,0.12598927735213197,0.25615416734042473,0.0569074926994291,3678.4258993816147,3530.694229978089
6.689596970802518,196.60122341622844,0.5762214728832437,0.7734348971261842,0.35131888240981063,8799.988382617452,8180.476715929052
7.630740041687011,136.91160734734052,0.5313550353018516,0.7392016222399391,0.3120284253859778,6677.688126534299,6195.987389815811
7.902007446760097,164.7945307419452,0.8750517524622435,0.9474838167606491,0.7310739758598814,9980.665414435309,9644.258435155834
6.273647296812591,148.718029031066,0.4873705114781134,0.7029492164071449,0.2763901438840799,5929.258961849166,5496.559173312607
3.6338170987164102,126.76847942710427,0.1508811491022379,0.2986637656839536,0.06902623476371783,2420.728112113391,2310.5272190050628
1.5845050168906814,29.602639458001583,0.5413503742451694,0.7470583931230294,0.32051100546597866,435.27868408848354,404.01453648236117
6.440028411492057,101.857581659479,0.7728769364928811,0.8968422062501799,0.5711722552100088,4929.900761063766,4674.502966714819
4.9088297481506356,141.4615343901339,0.897479427425152,0.9576126865114594,0.7723202269017453,5735.20734034123,5570.415077255481
3.969554064728834,141.95569049906322,0.444274538951258,0.6645672165945316,0.24390691733250855,3747.482192095624,3474.067921314108
7.344480695663152,87.16207131602904,0.356238993997394,0.5760302767174136,0.1839292922030373,3607.520494805831,3354.3504425437454
1.7783823761430595,189.5045575984455,0.8253226375615992,0.9238012871891359,0.6480582926086945,3509.118083375003,3356.892533211762
4.448375730036014,50.124265802620585,0.2529937032608971,0.4511107636572002,0.12247115777820151,1239.780855204059,1163.5038934579832
1.0794755133719334,110.06470031880092,0.5923431320263414,0.7851104462151831,0.36624041992218254,1346.01305518157,1252.3865901194608
4.280624493958884,144.3591157791481,0.4245715393447582,0.6459934702272662,0.22978195257643094,3989.9225496629892,3699.991680128707
1.3941229297728615,145.48444506052567,0.13286589196444423,0.26813164393769406,0.06022323474701461,1409.6232934659376,1350.827613129232
1.8317254138765033,136.7550122183868,0.37783077944455823,0.5991194382046536,0.1979226380159184,1954.4808474354568,1815.2837270439475
1.8226837274397343,69.55187842133483,0.31218281800213965,0.5258280927634553,0.15666260554900574,938.6905465540594,875.5462747334831
5.544472114812445,48.11718236359195,0.6488729231547895,0.823655329662041,0.4223498687900813,1916.7046489194668,1790.7979310472535
6.222314154857963,134.46925882880794,0.8590323981535345,0.9400436453551069,0.7031292069426447,6565.415017943508,6322.38293185739
5.083581355680117,127.87438090509879,0.3144377499029102,0.528503846856458,0.1580185563628892,3726.7187193379627,3475.3730360948675
7.735207839321793,52.28408185206337,0.7491727513213454,0.8839315040582415,0.5394705085322726,2936.4064944401075,2774.668185164272
3.6240940566659283,146.9250462027014,0.14428785355072762,0.28762916944983635,0.06578461938826363,2781.3719676379037,2658.524684029065
2.999984603973025,101.93095851205815,0.5304968080318505,0.7385206487045262,0.3113069953940886,2302.766130875315,2136.597500438888
7.080193897326222,140.19690648856752,0.1564400509679157,0.3078446669158484,0.07177745283410489,4694.10346811688,4475.204916940794
2.5651708696361686,170.72607435862713,0.8472263929045115,0.9344471808438322,0.6832878147186547,4094.810749946578,3933.7370751602803
7.742557776084279,50.55111714384617,0.7130810244459121,0.8633376969174091,0.49437458873626977,2788.61694223397,2622.7484628341163
1.0850813228287144,23.446076239430603,0.6263599289636739,0.8087352047892071,0.39926026473055726,293.59960551753016,273.8098729205899
7.789151786953473,160.23846555124163,0.7591171052997314,0.8894052903075187,0.5525575179617969,9100.195777265884,8611.105867701503
1.3021193836540328,129.74553652747088,0.6180158364561306,0.8030633029036709,0.3909593703336184,1784.7718304287257,1663.4421375776624
7.238001795886498,145.9351225319819,0.8751555177394329,0.9475314443443923,0.7312589764597719,8179.523578965078,7904.006287872221
4.6939077636040984,170.86789549795566,0.6711663582918173,0.8378997180087082,0.4462699781936257,5998.500924517633,5616.043003188498
7.950753572835103,164.5059682684101,0.8397268876657974,0.930841115932842,0.6710002918490328,9874.715766007956,9472.244909447021
1.516575953147792,192.96562644718844,0.5137055136085105,0.7249903602980762,0.29740607636304134,2711.3610280020007,2514.5805036415263
4.876979990809246,116.46831419338127,0.19365153038549013,0.3665447317044591,0.09064023829878849,2940.8338634231286,2784.097304205226
7.7851177493336925,107.92921387878296,0.5225421771384137,0.7321602961632839,0.3046713320893428,5326.239723361389,4940.764078035305
4.661684909191042,92.33969598033141,0.20149826245047464,0.37833833624199903,0.09472115565812349,2263.0030789294933,2139.5689728950624
5.405790466946838,47.66438771195682,0.5739947833411241,0.7717971347342067,0.3492927821442321,1774.748866320157,1649.6180028834328
5.87024082289232,123.06930191876404,0.48599444842213035,0.7017690033562266,0.27531729411439515,4630.002086475569,4292.060622634451
4.181787453374413,69.86225437867618,0.5980603182662254,0.7891753869301026,0.3716411110883994,2136.6266764272577,1988.702690830298
5.392906560588444,185.83535219833558,0.10803758484386528,0.22401021843333546,0.048363305625536035,4687.204359508082,4519.116258034859
5.090200183461702,124.97434476987756,0.2558723933242913,0.45495492386299585,0.12407467915478132,3464.2405299807074,3249.9525787486755
7.308106073436923,126.71123249145982,0.4930643455297047,0.7078020834499827,0.28085551447069707,5793.670654381294,5371.21612400681
1.318124662390205,83.8864389578618,0.860402849271308,0.9406870075017563,0.7054729897085816,1315.3227364336335,1266.9961152858687
2.9667423271456124,29.358083355987347,0.4068872322841267,0.628738230235834,0.21746435064250622,601.3237443951566,557.8812065951322
7.652880388535911,25.71387776713795,0.4394976208429078,0.6601254716712698,0.2404423673980898,1177.7409715795861,1091.8777701140518
7.231846487236414,96.20032594757555,0.6717568712052977,0.8382700830690247,0.4469185817230079,4884.177407997659,4573.032888379513
4.18959726949999,35.221768057502814,0.5830342058288944,0.7784075746199643,0.35756989858460986,1068.6373418396095,993.770865831271
5.340928184610757,129.23245199722504,0.3391409200786666,0.5570556899500823,0.17314914710290757,4007.8042430000405,3730.553263856848
2.941668280867929,178.57514101513834,0.4286531164539422,0.6498964944762027,0.23267258924868262,3695.556412268854,3426.735515761067
2.3168481180663294,178.92466697337,0.274159839085786,0.4788569084824901,0.1343986315292219,2745.5518266497934,2570.28105421338
4.245888834579875,138.62817382380183,0.8728171673041668,0.9464564044179327,0.7271026868131387,4943.337296119991,4774.376799952672
3.4734655961823697,58.02172966512758,0.2045075052458878,0.38280957620891704,0.09629613451400611,1126.7375935034074,1064.7566323788863
5.0855927829561045,175.33942964459698,0.39746942765313553,0.6193145845670139,0.211037861215378,5469.52148558256,5075.942439120187
1.544142458754894,179.49681835637747,0.12067117777600896,0.2467653121377748,0.05435965360837595,1825.3349725419607,1754.2796868264747
7.820763653663166,55.39764529153257,0.2774235935468371,0.48303042369793037,0.13626660702986865,2267.155708070028,2121.676262342445
7.90347521135722,152.7366954387219,0.7243769107041239,0.8699086600770152,0.508100210398216,8632.265276222515,8130.066817032493
5.887131998138216,71.57351880688213,0.26094018583110357,0.46166777216430616,0.12691172194245,2253.826871277122,2113.123379400514
4.752674564408842,164.47525622352734,0.1640507220231725,0.3202357575355857,0.07557153444501284,3950.2376504909057,3760.2271995081787
3.166693314004294,199.50282198264847,0.4795625438756187,0.6962139679881656,0.27033487586635835,4531.112046999477,4200.176097300049
6.696565137948641,25.404680959290708,0.1079753877876148,0.22389659378837617,0.048333977660561196,771.3826553131296,743.7320721317936
5.793118207877155,181.52585584236775,0.16781292354106653,0.32628609816946336,0.07745893446358738,5167.296851836777,4915.10098465388
2.138318575414239,132.07349604775845,0.7461006956503801,0.8822234047102735,0.5354877039918171,2660.7890169667144,2513.1633977752244
7.376490291456897,195.2088714496678,0.7171786758876851,0.8657348710765204,0.4993142652583317,10340.236110505708,9730.004675467208
6.757760700462183,103.70171315475697,0.8321110563239168,0.9271378226789317,0.6587646329842992,5377.6218102209605,5150.892391472264
7.648599393043468,172.52982750284727,0.7836123487285996,0.9025365181602364,0.5861214719289188,9757.067699601192,9267.094011624282
6.08003655871852,31.2309323476899,0.6465404505918545,0.8221349486224802,0.41990923583816153,1344.0209136177734,1255.479965026239
5.293906371550529,80.35022901409323,0.1418662858405303,0.28353627059134573,0.06459984725473551,2065.3290666591106,1975.1599403899452
3.927701254034332,32.06297679521779,0.726278894389326,0.8710036369372062,0.5104451786221426,1003.9306937495973,945.7520021072116
7.529099383478092,195.5617640262327,0.7764086486724484,0.8987258323616026,0.5760481126552401,10869.229947599266,10311.739657573478
7.062447226502859,167.0553033089306,0.7392657166175636,0.8783937029143892,0.5267257673876662,8616.069100180148,8130.493829308658
1.3165306907433258,173.4585358242747,0.5067832282464209,0.7192956113074075,0.2917910647577402,2232.787304454228,2070.438045795616
1.184568821480764,188.83374165810096,0.2863214709195854,0.4942703626096823,0.14139940748599478,1928.9317288147092,1803.4864966290684
3.6352435681463473,35.318627501561366,0.7762639805509813,0.8986488739556879,0.5758475813682182,1066.7379735257568,1012.0015850968246
6.6738733154728305,89.4075666524,0.6817302477921108,0.8444724245870553,0.4579943601202175,4255.501002157532,3988.4182847886864
7.910932905204612,32.786280027920384,0.8846089395110813,0.9518404314582334,0.7483365265326638,1994.9881831027344,1931.8739318754388
2.0529182377246973,57.94275827900515,0.22455407820474635,0.4118851608265835,0.10693237193345859,782.4409118495839,737.1222983051226
5.158915007464946,61.285839866781025,0.28053166644164407,0.4869794428741785,0.13805279965772532,1756.0419862565889,1642.8189459890239
3.6662359964171505,104.43929798856416,0.2694385199052022,0.4727706754162841,0.1317102384688014,2245.169619243613,2102.942394982642
7.789400784702222,68.34119014165566,0.7340318140970694,0.8754334135055729,0.5201073135573878,3832.2312689050755,3613.755501684695
6.894832461949961,38.176059227197,0.24952583716009455,0.4464496788333067,0.1205470909852855,1363.9659055666546,1280.6054488714626
6.868300932977965,50.14839603693939,0.15332786385864489,0.30271837385554373,0.07023510254295434,1630.010061348475,1555.0039622135168
4.280852118564792,46.50960143937637,0.8988486452685029,0.958220462560954,0.7749231937036717,1686.0604713533978,1638.148444691186
3.903736516363656,195.1538236242137,0.11985376915611932,0.2453123536248015,0.053969299082399474,3821.9468283750857,3673.9051560240196
2.9138495035149434,156.67265124532526,0.7681952481270925,0.8943294778821601,0.5647711745146649,3979.948544994147,3771.0899117419117
1.3946284765564898,194.19706374852115,0.3922934732405222,0.6140642229073616,0.20754422146880244,2374.034221888356,2203.6198876635485
7.053056633785372,99.15328757142353,0.7732923678062522,0.8970643040582696,0.5717436818023434,5195.478496988127,4926.635118159119
6.690307063910543,70.10632669927818,0.543696392968916,0.7488828649113043,0.322523713995363,3072.1429921378676,2851.727790149289
7.998023713002914,163.6927754976536,0.8213049835890881,0.9218106036727635,0.6418085034176618,9799.313056886342,9367.29411341127
7.976457859517337,78.72570524740642,0.8409543891317014,0.9314340939984498,0.6729950759887201,4741.664148182244,4549.495382229489
4.888021939218392,73.8890072669627,0.10727854502462081,0.22262248289351316,0.04800552109771421,1715.1193901919828,1653.939950455785
6.3829119062635735,61.85107859740961,0.16032974079423062,0.31420309150406434,0.0737125583073366,1899.4888025595744,1809.471651692163
7.6133601091769965,43.34221608036236,0.3002869836566844,0.5115132315538411,0.14957677163066196,1766.9044471920647,1649.7744078839935
6.94753173474188,66.16335098301788,0.6354523330908013,0.8148274960135496,0.40846151248382956,3175.283321493437,2963.367032642609
2.7314367122023837,83.95755472529979,0.8106177572092048,0.9164565467300544,0.6254885478933913,2074.350957386895,1979.1065370582469
4.1538089471706545,141.31895746623147,0.4679535610351703,0.6860243719181743,0.26147404587423556,3936.919080056345,3649.233596343131
1.9041159060604649,31.261671599501284,0.5855784930194123,0.7802500380372673,0.3599247484084604,531.6364562432486,494.46168352795877
7.678357190811057,57.89124913976173,0.2507998822364489,0.4481659415080003,0.12125299933156247,2276.251524864839,2136.7919130615805
5.24322244115616,165.62425525250174,0.7439734671053483,0.8810358583517784,0.532746152162549,6630.718260504837,6261.009730373312
2.600499638524239,46.44594624507874,0.8738624890827759,0.946937437282996,0.7289574096260206,1137.202632009639,1098.5850668522353
5.701904790840997,81.67612637405388,0.314879146331678,0.5290262287226932,0.15828446268886928,2623.25106492112,2446.238572853314
5.326897683205271,175.6386059344652,0.4958607612804371,0.710167573964482,0.2830641708582602,6127.79148385465,5681.188529768046
3.5071390262298836,47.88655600581968,0.16889288840509903,0.32801383111062776,0.07800219001815523,905.3767845946358,861.00782292384
1.7949031453974031,34.89263041127418,0.5473093251703748,0.751678201134192,0.32563976976735176,557.0396369788429,517.1446152558487
5.7010123691495975,107.21683911440195,0.5022267534773445,0.7155091004020937,0.28813095104576003,3979.575234269452,3689.9064510977505
4.642153906326553,74.43551203013655,0.21554918732406209,0.3989753148035216,0.10212319237470961,1842.1342362684145,1737.7743160467655
6.406228742149475,121.41350560709374,0.4536529704944601,0.6731759393219876,0.2507852981713249,4810.052138267385,4458.747272528155
4.641144507783954,164.68488028702552,0.3672837216692506,0.5879597426505634,0.191032933638805,4649.3049216095005,4320.406588090382
6.965270502229781,44.68672786749377,0.5174647002441515,0.7280540628528793,0.30048328593641555,1992.51370897005,1848.0684243490634
4.863347871421398,124.5258352197713,0.5685234683430394,0.767746503217822,0.34434939075358706,4229.018269658206,3929.772582791198
4.926565800747704,110.9915768701755,0.1067964628857676,0.22173987503101444,0.04777842905059152,2591.9154961373633,2499.7745525762657
7.1365752186084155,45.93418148237592,0.7088047863596443,0.8608194591016655,0.4892665731491265,2352.8827595931757,2211.810895684326
3.824380063486779,132.31972739521683,0.6704114334893927,0.8374257211980576,0.4454419436820523,3934.154262053926,3683.0445653424763
1.938106599154485,69.2552752149389,0.3930291089652178,0.6148135476952054,0.2080391209384545,1039.3872528881254,964.7504958016104
1.2014787341933728,107.81017733792225,0.14234874845505463,0.28435345618697183,0.06483564931583997,969.7648734931774,927.3275146139607
6.285960789715333,34.80901836987114,0.7039460318280403,0.8579374314848588,0.4835200399204352,1592.4312953482747,1496.1095987195995
5.342166859474252,102.72513029845214,0.864140128382506,0.9424349172007761,0.711908489738852,4413.37880074429,4254.5756575083105
5.928558376694565,75.16342424770767,0.29212127681761135,0.5014896031064732,0.14477721334716856,2447.4468276101165,2286.966530106521
2.4907491305623752,168.02861801336377,0.3588196909896303,0.578840330828656,0.18557910749779735,2915.382211628502,2710.3849589162064
1.9546003291073883,30.25617085952629,0.247050311585452,0.4431020653128089,0.11917867424382597,403.65311919979376,379.1031100238295
1.1018126596751734,95.34930948529939,0.5615488986758718,0.7625279425713929,0.3381189585912008,1155.510414487067,1073.3945849662846
3.454112911646179,102.51765634365884,0.22387311571796398,0.4109173504993151,0.1065668760137317,2018.472659855848,1901.7527617719757
5.129423807982431,150.50109373384137,0.3849551547691036,0.6065322833536662,0.20263671294702218,4682.235708886697,4347.408564511678
3.7457083156981263,123.37176351623798,0.6576104111474104,0.8292996188818696,0.43159543454856775,3581.8624580083188,3349.1828604434627
4.062324454166103,140.0982206949526,0.5480927864074787,0.7522820753642108,0.3263181299980954,4053.1649336493315,3762.992816587659
7.329110861456239,159.86887141731611,0.4091700514623482,0.6309976345543655,0.21903584601370524,6887.71816329188,6389.683238030169
3.4377882691631023,175.19653525847397,0.4361996814460335,0.6570362177569694,0.23806557531208725,4105.257959973363,3806.1440444416417
4.5979264241186755,76.4975894100447,0.5496887060985837,0.7535096587939999,0.32770289242236594,2449.889291454603,2274.640981293389
6.485571089188001,116.84408696550253,0.10469178230972905,0.2178753651141621,0.046788298075290315,3438.817063681195,3318.4020622597795
3.775799476248891,171.21945411905597,0.16280789476288787,0.31822621797765144,0.07494977357515373,3409.7398604187815,3246.5323413129854
5.3546069015951145,198.10120357371017,0.8050064542104093,0.9136107860259721,0.6170925874144678,8314.111127736158,7924.626457800596
7.036545961227216,180.11347598787737,0.1623031912730326,0.3174086137120792,0.07469752551372265,6032.84216185624,5744.660166159432
7.646644365603494,86.86410727238783,0.6654428769684041,0.8342916464644461,0.4400243154824089,4615.731164239591,4319.04645518462
2.0295143665032658,55.12997309935707,0.8360305312872421,0.92904895148127,0.6650316379500246,1118.3047223041779,1071.957624741804
7.486113376130461,108.09065673318597,0.31654688344138493,0.5309958640552263,0.15929057440629407,4402.076942462004,4104.470424263372
4.444814051556767,153.49546133048761,0.3963931496476114,0.6182270291623122,0.21030918357829403,4280.358046562719,3972.5014718930056
2.8077107180927086,108.66243273559357,0.555137124675773,0.757675314580551,0.33246032078342247,2375.6277663405435,2206.1847732885885
4.213950293667829,106.97255539646034,0.8053671757108678,0.9137944498556222,0.6176288151162611,3684.264252419435,3511.88869205936
7.860228026998339,170.8814757947241,0.8535244698083362,0.9374448105776897,0.6937952651916879,10212.358345960056,9823.150710300068
4.448326657950087,85.05268023209354,0.6916505984890144,0.8505441530999005,0.46924372765718675,2890.080608796096,2711.542693013345
3.3012612720125576,174.7630414660962,0.1692958086837552,0.32865739509072284,0.07820503941668086,3154.5059916863606,2999.6816377974965
5.43380598021708,93.22486417131024,0.6353233244278806,0.8147416906434892,0.40832980115476,3621.5876478993423,3379.8502042294463
2.6810193314473514,79.0819590221011,0.4282429774981297,0.6495056222214971,0.23238129807353244,1527.880910610056,1416.7514236173465
1.5310432967606475,101.71818401594582,0.47656079959284925,0.6935995275692188,0.2680275881899647,1400.3173048953795,1298.0215037335843
1.9021580533745446,157.24045256147633,0.13931871227614165,0.27920686432036024,0.06335675664029748,1858.8953623807306,1778.7474638064416
1.8963208727044072,42.68036501551897,0.25284971147708657,0.45091788472837924,0.12239110139464404,561.1103219741299,526.597679876417
2.0633188545860603,55.35545885696313,0.7324108860269182,0.8745117026089515,0.5180733443521095,1080.9299637226022,1019.0906197801924
1.971790208545871,191.26006861935656,0.46316706643828787,0.6817608152930299,0.25786904161716245,3061.6647248282457,2837.944652868783
5.486123213622502,51.58849292864433,0.3413297933049191,0.5595199244015853,0.1745148318036694,1639.4826936874501,1525.842296162254
2.2731605907940136,122.19091722758982,0.40721525917196655,0.6290634839209763,0.21768983167844538,2065.6802818343704,1916.4265644270984
3.4196709832670424,124.27660399914882,0.7835196106605442,0.9024877263388712,0.5859906848942187,3591.4474070023507,3411.044256618578
7.2775188693420825,108.13240316904407,0.6991992139239656,0.855100275839306,0.47796383196928977,5605.519025268216,5263.61768555608
4.317731481840107,136.05414474382735,0.3178523177448662,0.5325331109647777,0.16007970147115166,3475.9927902875097,3240.6516938062887
5.6729041696471905,61.368810643571315,0.19400147216989866,0.36707487969221797,0.09082144456095893,1760.0143762385408,1666.1116311262456
2.206239098411409,119.47920819981468,0.3015985773152574,0.5131081314847626,0.15035252966180102,1815.129807412529,1694.5996729984943
2.3460231316606954,86.99118594444148,0.836605160843787,0.9293282047435906,0.6659557712387549,1949.4417085555056,1868.8557166341845
1.286080313865352,139.10010673325402,0.5652710702798043,0.7653206934547025,0.3414341628205663,1837.958717194598,1707.6387518740978
2.1825454415051517,45.4202378071669,0.5267841669958263,0.7355630633626556,0.30819853734283703,814.3566244608314,755.5086964072523
2.9501323732237106,122.75793503110572,0.5771148797539692,0.7740902747296697,0.35213414721487224,2824.2470567730143,2625.5455651385405
2.2390733899372277,53.34866396899827,0.3928226125972122,0.614603313303051,0.20790014584950553,882.5329539136818,819.1660303505129
1.6209177362993894,70.15575136070655,0.7456856162556103,0.8819919905465751,0.534951709371061,1180.1109644354144,1114.5726096701353
1.8444510977042057,59.36776405824498,0.5186289994401999,0.7289988728115594,0.30144039786705656,946.0603492930521,877.501962703481
4.22545137622908,52.91080037638708,0.19339832221503644,0.36616088576254807,0.09050916820874236,1187.603823956541,1124.3573832681873
2.4443360288405476,168.62797128092006,0.20325209986325038,0.3809477000955708,0.09563840483670857,2518.3003294226755,2380.2566476687502
3.549889027336528,71.42736217896027,0.5294873172020947,0.7377183518180923,0.31045979452216654,1834.229171140567,1701.8180808991924
4.5239208959839985,186.8822807356009,0.8492561744566713,0.9354163205079806,0.6866551906080463,6950.819874268034,6680.123918982518
5.832763800405557,194.58677456213437,0.346681697340959,0.5655013036099955,0.17787162857172084,6543.270625467368,6087.60578464945
1.2751849788876926,122.82688458867752,0.7956329350873746,0.9088029340070825,0.6033240874743007,1837.6996565781917,1748.833056343505
6.5958727923632985,45.74020207983075,0.7112764692631035,0.8622770854410506,0.4922132192959905,2190.1579797655104,2059.443312027072
5.395302726436355,87.41868380832463,0.2982499543255255,0.5090279491096131,0.1483746170844078,2641.388538219148,2466.7526829333287
1.5723132236421034,163.5918074026785,0.12907259865299398,0.2615471350379178,0.058391215090014145,1696.500053963244,1627.1767456959765
7.115050368747441,86.13033116547268,0.1814778121139062,0.3478541784091759,0.08438167184492436,2968.085060576278,2815.953377872454
7.446106803722692,35.663099294501976,0.6827951470779522,0.8451288229369521,0.45919067642941414,1869.3748349207667,1752.243080626094
1.4275457189840464,120.22128396707383,0.2597357904325174,0.4600786899000837,0.12623583840759325,1332.938963423642,1249.9042528078903
2.938143537030426,172.12175326928627,0.397016736404315,0.6188574172792025,0.2107312310677324,3473.2859404228725,3223.4048036453455
6.643408958551429,163.26674968583043,0.5013593328051399,0.7147848038780127,0.28743736014834076,6908.0358869594675,6405.113196444722
6.237817832685608,51.52216522346358,0.6803745347601302,0.8436351464255183,0.45647520554798393,2311.1776239650026,2165.8213415770338
2.2916471354946415,141.097630594244,0.1905849786073003,0.36188213757488286,0.0890554518323195,1989.6083159172695,1884.56742028267
2.465445263356972,59.69076741841648,0.4250931242219692,0.6464938755559707,0.23015033350352615,1083.1116164726998,1004.3954775091555
3.593304719539674,59.277356219391,0.4880583273141563,0.7035380551784257,0.2769273188825699,1493.175561877955,1384.2177840765587
4.391660896337149,177.33291919493334,0.5326616511772317,0.7402364295138667,0.31312885278792135,5407.96149336575,5018.05941000144
5.327783400712072,64.94041149324143,0.7546885131161734,0.8869780011639095,0.5466922909445913,2649.3822486527097,2505.3977853833694
3.582395476988407,67.38452237324202,0.23734255603457355,0.42980884145345166,0.1138526817001274,1381.9951428916336,1299.6091082221694
4.237743012932035,20.11761033703392,0.7462651614612978,0.882315056086952,0.5357002201641817,676.4794032484231,638.9614976350573
6.232296566936296,176.72042614259317,0.6543027421573218,0.8271723467851955,0.4280761572360543,7804.064750591856,7294.923327973749
1.2567824202341853,162.66706637764426,0.5446966513591674,0.7496585112383821,0.323384408651418,2093.2429237612105,1943.132491853875
2.7670586104081454,132.91920831632206,0.6596222963220575,0.8305879508405956,0.4337476486645184,3066.8164886505633,2868.124618318202
5.993447101191867,155.04783750899162,0.42961419116132515,0.6508112670282139,0.2333558938573972,5697.0674291306295,5282.558079564768
7.266447863810395,47.36874213640853,0.21071806877449967,0.3919483427938969,0.09956428714037706,1709.7806659196854,1614.1267931372827
4.5817420948096625,102.49824702576358,0.6326121922122938,0.8129342659317048,0.4055696367488947,3448.9070211535777,3217.9994238735985
4.7247943968572095,83.21948972278057,0.5197378453484979,0.7298968962302866,0.3023537091947084,2671.068915982373,2477.5734544900297
1.7502040793784324,36.879774726262966,0.6114998404342205,0.7985791899787188,0.3845699470800771,603.644763019708,562.3500466993204
4.131886567764182,107.50348733868634,0.3703990248227921,0.5912793339790076,0.19305703150387848,2767.9277187092257,2571.713170305071
4.728320865185163,185.73313706167437,0.8254932618718688,0.9238855644684821,0.6483251263972644,7091.457122119839,6784.044187371979
2.697293525443108,27.210641429125005,0.5698958948604615,0.7687661077469773,0.34558474189620936,583.2346330908094,542.0013158315177
2.884702616645667,72.4629644288829,0.16832198743269905,0.3271010023779671,0.07771492756298516,1180.1740575836905,1122.4629253252206
3.6409891417323585,57.35736851702662,0.459843192563543,0.6787783521626536,0.2553819496042675,1430.4083099707661,1325.8975560711294
1.1404983844440846,62.86639765982534,0.7050848437949074,0.8586149228940038,0.48486151333980293,845.4416767323254,794.4074380391814
3.254554159082248,183.51821933828754,0.7353076493858179,0.8761572542173237,0.5217134688097197,4984.593873288252,4701.20873051465
2.4801360489758126,104.25242976217223,0.4956776422110071,0.7100130318599438,0.28291922388113766,2000.4126187667364,1854.6146431614907
3.2924814652454026,103.93389432916739,0.8157980566650409,0.9190624825162778,0.6333444784265556,2960.8903515220327,2827.537443805952
1.8383349227347585,156.9036156419508,0.3141347497554381,0.5281449907481788,0.15783611447778045,2132.89069927656,1989.0895274808402
7.233690965179265,47.80859672088664,0.4284789577906133,0.6497305531386178,0.2325488747327438,2066.436661590351,1916.1269908414567
5.155147174878341,107.70776373800913,0.818877528455176,0.9206020257332163,0.6380630808190206,4405.930840595902,4209.829530298381
5.753716234011427,97.39733854179075,0.8170053731772632,0.9196669126685428,0.6351900682243505,4367.978834937836,4172.157098165419
6.524198670251368,127.4439242983981,0.6485702150597448,0.8234583413726135,0.4220324763569178,5835.5619897087445,5452.085237012394
4.489095392503401,199.92038658507894,0.7871844376977761,0.9044106472708332,0.5911813849454489,7187.90863521151,6830.858647092641
1.6084420166119657,158.50080093476848,0.17101861356498615,0.33140285009744824,0.0790734151541539,1737.919304599036,1652.07238938103
4.759745792729834,91.61582654313689,0.791995980966221,0.9069190234527756,0.5980663063687801,3464.1865409194734,3294.6859731090694
5.107887826146154,168.95954940932845,0.3564959252401815,0.5763106666563276,0.184093274828891,5119.724773125961,4760.359816030643
6.21807631929031,50.72750539624643,0.24266520994257307,0.43713024466794315,0.11676496768533026,1646.7576133276527,1547.4855448732328
4.021616823607756,25.48346353561282,0.2914958690736371,0.5007151527728755,0.14441174088594588,601.076917295311,561.6982020899623
1.8930621195689463,56.80070704356915,0.4343748064111097,0.6553187788727938,0.23675565919649547,866.4917973764765,803.3810987262509
2.9864313405910714,81.27408010056675,0.3009536036835738,0.5123243614387969,0.14997088339745912,1534.316201937001,1432.517200985908
3.541576074790446,111.90453634272077,0.3564540688131993,0.5762649980250087,0.18406655649445633,2521.229054729085,2344.2640112658296
5.521420689321209,130.72324529741599,0.2079827888573137,0.38793811844970727,0.0981219664937406,3712.847864259832,3506.6482109878275
4.995448132682383,183.9090290985959,0.33694141244719883,0.554568921886443,0.17178100833060997,5382.877701107516,5011.257708524754
3.4926770812849237,111.77372171908239,0.5578270516336009,0.7597176206466908,0.334826317535799,2888.3392717681218,2682.6367627889445
7.905606741550858,110.22961603263128,0.45348296647285113,0.6730211901253454,0.2506596991432864,5250.408087930635,4866.94692210056
5.24042373549821,29.043741768136783,0.377375008988729,0.5986418021349073,0.19762272895201505,914.4203694955567,849.3136279522683
2.660587542151961,26.284079478120287,0.6971617030856911,0.8538758843504561,0.4755962320369877,601.8928847052912,565.0524267108741
1.7124773083428262,119.20879314494697,0.8148079771146544,0.9185659918571597,0.6318351401261986,2145.0569582997373,2048.0851765329207
2.0700139742903243,98.87215038470201,0.7054313783219176,0.8588208374282155,0.4852703725856417,1907.4184917234084,1792.3508389041074
2.721704098691557,171.05247109645376,0.36560056169414334,0.5861579857511227,0.18994310921945592,3181.62491147841,2956.8120783071395
2.12476961281689,48.92232524813213,0.695553734270043,0.8529068092894552,0.473735041822512,955.4712424834404,896.8291294715684
2.30596916835914,24.494899181068927,0.22158414597924098,0.4076540984782969,0.10534050003243947,357.20235284552587,336.6602430289859
2.99566618085693,100.82697822742266,0.20425439047303273,0.3824345813369899,0.0961634451294695,1748.4372582962196,1652.3249391030229
2.213615167063284,62.74614021540635,0.3765016296289272,0.5977253681052144,0.19704857785760543,1016.6174763127851,944.272538246805
7.277357972384976,28.93058720099074,0.7461618952352457,0.882257511956044,0.5355667743413747,1537.305633903466,1452.0252230047145
1.5616362196314955,150.42769163257321,0.2970785977938415,0.5075942687661847,0.14768480611449808,1818.7501955380446,1698.6892985014829
4.671579726991783,40.086739992304544,0.15060272711894368,0.2982010027458956,0.06888887717862259,936.6562851478856,894.0688602117119
3.8727777889276305,129.4975100013989,0.20536762816508408,0.38408237282077623,0.09674732820507882,2741.4412569124975,2590.276223251216
7.8766503183602445,70.58895503004004,0.7869959748236641,0.9043120229824458,0.5909133360042977,4103.853768409405,3899.8817025727008
1.7842723151763664,51.22928906390396,0.6070266277978301,0.7954726128110189,0.3802298080728765,846.5634887953552,788.4113057361457
3.7849891933201913,88.35527412547714,0.30256093069598133,0.5142757173287879,0.1509225854063808,2004.897091151443,1871.6024966889602
7.786293032927582,164.26023972013166,0.5442366602625451,0.7493019791844021,0.3229884093373864,8226.881181714214,7636.78491501299
7.0585498812578615,90.57684384282308,0.5220636979402803,0.7317748954498808,0.30427510133954594,4098.888316871128,3802.190957240032
6.7195044966449595,155.13853685799003,0.624348782752529,0.8073752758931084,0.3972471521786586,7183.619692588081,6698.397080606398
2.805319789314579,42.58753342384712,0.2865500435372931,0.4945564638841778,0.14153204414999238,757.9347337649688,708.6272224575505
2.1962131117304606,159.09885553971424,0.7915223897555181,0.906672941473843,0.5973850713693315,3337.5970079695144,3174.0438153006885
5.680502539471017,62.64799848319676,0.3474948496640103,0.5664046944141174,0.178383856122398,2061.0653393161774,1917.4368267797472
7.505631923893101,141.9307633799971,0.6553053231809896,0.8278183483406202,0.42914038140561783,7375.547410596754,6894.98474600874
4.897340251097509,121.84067987137934,0.11289971709777191,0.2328437875418809,0.05066177382080943,2849.1878018227226,2743.5859035756075
5.001288826289299,187.24604909810373,0.39812570391531776,0.619976661612137,0.21148275732358213,5762.973535751032,5348.154971659017
2.9598536556219894,89.71805323555652,0.3813678543670467,0.6028122183378893,0.20025691731783543,1798.11734834255,1669.7911099115418
6.3864505323435585,31.90973399019928,0.5347875428664116,0.7419150763344841,0.31492465939245523,1335.069638720885,1238.8988864146036
2.3093062399026634,23.44798739922552,0.1581890094217572,0.31071030941123806,0.07264652627950179,322.09675283859724,306.966216431419
3.265754654829706,168.83454097509556,0.7321050989808867,0.8743375604952791,0.5176904654896751,4590.215835684718,4327.440501628332
3.9780550703149173,114.45241477905779,0.27422464141405484,0.4789400417904491,0.13443564424733492,2635.987571521914,2467.6937122886347
4.553272650791185,159.54392933029087,0.6416302519056082,0.8189153221936027,0.4148085286641933,5369.782012284953,5013.94679222564
2.696868126905562,62.196608002072644,0.7425696985952746,0.8802500378721965,0.5309442448677628,1473.3892219366364,1390.9721098206956
1.8038577731744248,82.11507419238208,0.5495015649932106,0.7533658839740728,0.32754030789359867,1317.0325691031803,1222.8119888519605
5.274340297091428,25.418696998037408,0.6927065653775883,0.8511848051249945,0.47045513931499516,995.2525565759522,933.8769767186661
3.0204138726817904,193.06861842334018,0.6294882497720045,0.8108416130239777,0.4024074609718886,4670.500922916608,4356.739237613409
5.068667549958286,140.21622320614642,0.38442383772160615,0.6059828916970693,0.2022834496007806,4317.207845235179,4008.573604803441
2.080539006919416,187.97691579667512,0.7470868312268523,0.8827725952773742,0.5367631450257347,3719.171881623038,3513.302475962006
4.367980712983723,67.78935333723302,0.3357610959084224,0.55323006784133,0.17104854694052987,1774.7467066376014,1652.3584109889669
4.7281260278611015,130.06345002061894,0.5569703342012138,0.7590681856862469,0.3340715247693934,4282.789202723658,3977.628549487215
1.3627647577569884,142.1299942926748,0.6963181913132316,0.8533678341662627,0.47461908670340947,2099.8148446235587,1971.1053463786677
3.356229947357444,77.15894604636591,0.4031647278500061,0.6250332225610811,0.21491334335317738,1730.575508546168,1605.7371445217395
1.9409027385728197,172.65966230281342,0.34221408609394005,0.5605125013165404,0.17506774347416412,2489.7611981054656,2317.0479760586436
1.4436247933093742,190.48906332204461,0.4674768081382582,0.6856013520109688,0.26111372093064866,2515.254913495057,2331.4551972614477
7.9297216267296164,179.27392118528078,0.754370795479323,0.8868032224302793,0.5462738100926166,10319.625557577514,9758.3498025099
3.256476914823061,153.03205566908704,0.8439374105165318,0.9328706347160388,0.6778693652195932,4376.110324935401,4201.221795831446
6.669121120982444,69.94364235049173,0.5360667302879122,0.7429221706995142,0.31600845965726265,3040.9767498391475,2822.041409023117
2.782484583346347,70.69088757901372,0.6291729642589214,0.8106298121823833,0.40208939612058153,1608.5673445529944,1500.4679762271787
5.7705190555675046,193.40485768028682,0.8226188977911314,0.9224629438120869,0.6438454031553462,8716.858303303916,8334.565454867654
6.321595019227805,21.851209268424565,0.17883748113035391,0.34373594212025677,0.08303571798968885,677.6424499098165,643.2210162531055
5.16947118425491,148.88899518358602,0.28566286229293203,0.4934452582057525,0.14101744935767502,4292.717669880592,4013.8146022217506
4.301033319851109,147.1243092599472,0.667120005001266,0.8353523617906402,0.4418468233454519,4797.495447300974,4489.847878371272
3.8828863990308795,132.08411737096355,0.7589955695298397,0.8893388983809384,0.5523957515867115,4167.139031795802,3943.1068075509725
3.442077865800967,198.21959229563583,0.7856232226644624,0.9035927955267887,0.5889645519340836,5763.106509156375,5475.457064679351
7.506704009734781,76.13829843747054,0.4320857414839461,0.653156333721434,0.23511779823534237,3409.3295308714933,3161.132555721828
6.814335854514104,81.19493548278467,0.17147192183349347,0.3321235492792023,0.07930218299243573,2668.272122707097,2536.2485296399554
7.755188374665588,34.20909253038,0.45022518183969595,0.6700464883713817,0.2482594005792127,1598.062343015708,1481.3838736693224
1.8700805643988132,99.70366457787274,0.28458767216564307,0.49209591876639275,0.14039459946620741,1336.038409928041,1249.371079917435
6.11607232642551,66.98873472227265,0.33295716399729935,0.5500371718980853,0.16931331910685296,2319.4893206339752,2159.9633993983107
7.568383197747265,81.80960639197596,0.7178140454700047,0.8661051853290902,0.5000841805937136,4434.234427247482,4172.870404713081
2.268631463159621,170.22292224601298,0.16042166882070952,0.31435271694532957,0.07375839268348702,2314.649035183023,2204.9163352290916
1.4654738715674425,188.38721243494922,0.7620649739845617,0.891011831900227,0.556495216283399,3005.5444721070467,2845.2330173017845
6.187844545030414,53.431952960933415,0.4421352686593353,0.66258283870109,0.24235215413898073,2036.9335275333212,1888.3669617805867
5.021311792259383,87.05160767962386,0.5768511448804761,0.7738969096138119,0.35189334019042867,3052.3606750513304,2837.570738499675
6.892801437307904,187.15350118077095,0.1717217849885432,0.33252049757481056,0.07942832941254359,6213.611742058353,5905.885408408963
1.9784066363840265,31.125522924060075,0.3698872626858237,0.5907353643195132,0.19272390120298385,464.918989078761,431.9726100237344
6.566871183019232,36.62489506004813,0.17176073521187663,0.33258235711712153,0.07944799709006606,1165.8004304038068,1108.056425803346
2.4113912403342117,49.30237805712129,0.8692349783048877,0.9448023793482072,0.7207866648664594,1141.659931968608,1101.7810552429085
2.1455916000599315,127.13831014283745,0.7458093194610004,0.8820609728913844,0.5351113950148052,2566.919450644087,2424.404816001511
2.149860585516951,47.085008781079544,0.4677062034851682,0.68580493839319,0.26128706083000064,801.5373390222093,742.9658848950803
6.702023041619674,194.25374866113202,0.2788820386589369,0.48488655317816787,0.13710387471678578,6950.4892186147745,6503.478434772288
5.656380544873401,100.40861490653366,0.8467640841998818,0.9342260400764429,0.6825233588728176,4495.509898005758,4318.275189680768
4.661457973383835,110.27323286302995,0.37567727658157746,0.5968589831694049,0.19650732488929137,3145.496907288242,2921.7686054947953
3.5118133888645175,64.39855084497316,0.2287875453498998,0.4178712814508541,0.10921136969826765,1290.224396195622,1214.753982309398
7.140403785691758,104.77284543825203,0.550531510763164,0.7541565869796306,0.3284357785661555,4882.122928085057,4533.041880207547
3.7471157519584475,139.14445387466208,0.8550192962758529,0.9381522074630734,0.6963149582926181,4458.083691338758,4289.494140711373
6.716196076301039,155.2118846517277,0.10306423240025807,0.21487438168607984,0.04602408659822721,4700.774534289006,4538.12564872207
4.073944359991529,155.69625488778433,0.29049987460319904,0.4994798020785508,0.14383032546245936,3707.4565246824723,3464.9054480343825
3.638611005974353,124.0204002849359,0.8507581123283261,0.9361315677298404,0.6891584878082188,3875.8936915765275,3726.0794550849077
4.238758499687245,182.7847594988943,0.23686877348572966,0.42915324158663526,0.11359437311625918,4283.844797301615,4028.7279566758075
3.1096451191489947,167.13341251509968,0.1905947613118559,0.36189706022229695,0.08906049860113457,2942.430850028228,2787.0811673950907
6.233265661233758,156.2686606457526,0.5561497726398436,0.7584452645868848,0.33334967777860075,6494.277354859043,6031.329259941833
4.519042730647354,30.008993902482914,0.789475058635864,0.9056070921804446,0.5944490799314374,1085.9975593385327,1032.4349704240822
2.6254888660277214,21.238033199536876,0.4816878541551409,0.6980565912425198,0.27197538680218947,420.34504411759184,389.6502173439424
7.297022012921979,58.240509895185134,0.8956514053476198,0.9567993782282125,0.7688607239678698,3313.3346328429884,3216.7374328459277
3.6872385496124798,139.4342469044214,0.6433373596303943,0.8200376089303563,0.4165761863929637,3965.0826901538635,3702.862247490014
4.80487002779792,94.01554799885825,0.1592599257683582,0.3124596263612711,0.07317950164856238,2267.7514339983113,2160.7513624553285
7.345304776751829,92.43312667387612,0.8942657053455804,0.9561814308783411,0.766250175506406,5286.470569107945,5130.67263922163
5.369665971397945,179.22563988133047,0.42631538942415237,0.6476646258096972,0.23101474656950993,5983.104619993319,5548.137869634536
1.8182862849585484,181.20131266373096,0.32992202707638607,0.5465612952338295,0.16744256169592336,2478.541696396104,2308.58456424589
7.578824865294326,183.65154752964543,0.5463033468623085,0.7509016202594911,0.3247701295965324,8993.266499104142,8348.848883341736
5.393956371499925,76.4980537727049,0.3434460734566914,0.5618925192003925,0.17583919293105174,2400.7550695689665,2234.035238376044
3.344339302599603,144.39004629306712,0.16916600569612186,0.328450128434689,0.0781396803799201,2632.0358737027755,2502.9175141370465
1.9749045086437107,68.89397262938652,0.10114267446334138,0.2113171115076044,0.045123452553452965,802.8321782221848,775.4515735821607
6.558176324892072,54.30976995340096,0.4596666823362099,0.6786194707840502,0.25525024686717934,2205.4596259356217,2044.3220723034403
5.340509291499595,53.233842322526456,0.7694907377812739,0.895026592603452,0.566535383532648,2192.1329541906007,2077.499597110056
4.7342276438342505,81.57937175544693,0.5578521485040613,0.7597366309797434,0.33484844618201604,2690.7028108929817,2499.07836158652
7.257248081356703,97.3923715603679,0.8993658391547527,0.9584497251024109,0.7759090423325965,5521.646863672469,5365.403898340407
6.5201804785717155,169.5708507899123,0.32947731651776,0.546050277496759,0.167169112847753,6186.823486920456,5762.772627836656
2.061724158129258,41.58039682508817,0.3243640518080443,0.5401426179983178,0.1640369656608241,615.0078758751189,573.0749827680711
3.1820544745688375,152.28665253108096,0.22779956818715538,0.4164789888265237,0.10867846918192577,2825.4866018137113,2660.5878984279007
2.73942397870126,115.66188455407496,0.23125087061226815,0.4213302830499458,0.11054283473307475,1924.9499504343419,1811.7204345659352
6.207624048008739,71.83016168167865,0.3281492768080383,0.5445215824300178,0.16635350596744994,2509.021953333492,2337.281045584356
1.2347270431504556,108.70752521590843,0.7342720362188218,0.8755698129120947,0.5204093785685304,1550.0582235754246,1461.735269510905
4.989227794099216,73.98957255986409,0.8246054325091583,0.9234467996443747,0.6469379442151285,2952.508511078289,2824.0539313214526
6.337210800184834,127.29475194289508,0.880069735766145,0.9497788067270424,0.7400809635165481,6366.686342913043,6158.952375962181
7.137359457332246,98.09190611394396,0.2858317232771621,0.49365691090913805,0.14111534854707214,3730.8046378089475,3488.3500362632403
3.3945722410113524,49.59299523419817,0.8050380364912734,0.9136268703531769,0.6171395167068292,1439.4057372739524,1371.9824831556477
6.74880113270409,40.984953420025406,0.3626040714218697,0.5829359911590666,0.188009422435168,1583.3800614232011,1471.734786743497
1.7744221586864506,118.40522277298342,0.19027243561350754,0.36140521756536953,0.08889424493494012,1406.8505027271972,1332.6487706164285
6.925166042141627,182.43434599149862,0.7960199404161326,0.9090027885779535,0.6038863108226795,9509.495469135669,9050.223028187209
1.892420636323877,81.91238358038339,0.6088845077148949,0.796765692467354,0.38202789659543507,1407.7943319703618,1311.254035120375
3.781011033922571,151.94001930007218,0.2317847168648494,0.42207758389903893,0.1108319123617461,3234.6691131419884,3044.1712079338304
6.581067560456876,138.55904388915803,0.443865006010402,0.6641879348725924,0.24360887448429694,5578.304295449711,5171.337956878921
2.0494219914414167,187.67988457570658,0.32980615590165413,0.5464281901512612,0.16737129736129572,2777.4289668786614,2586.9987202489287
2.6047597666284905,167.77658311384536,0.6894356549681576,0.8491968407454707,0.4667115443410055,3767.3351996280044,3533.759120064707
6.055767978751464,121.98894660298333,0.46273298449941447,0.6813723353578426,0.25754348353747963,4634.921595885737,4296.244863981684
6.04025575582252,138.26548968213933,0.8914239560851079,0.954910282732488,0.7609282792435207,6664.082076958879,6463.385386436985
5.488033430197081,181.70956398512627,0.1437959858076761,0.2867995787354854,0.06554371832970912,4824.067864235698,4611.495774205661
5.8576391112697,91.91338122564827,0.38401221290899734,0.6055568849553081,0.20200995692203438,3196.8566804971056,2968.36736702752
4.799071103433173,78.82304705439992,0.48552013368798197,0.7013615253431797,0.2749480602428081,2502.2141589948433,2319.5686005066505
2.7625934123486693,21.94599505433534,0.5025068437986558,0.7157427391211312,0.288355128633431,457.4682078172643,424.17166885062755
3.4198719545274363,168.77919335446356,0.3527486579085094,0.57220751805595,0.18170754340805273,3689.5533545600283,3431.3325353095074
2.2711840176099796,164.17652607260567,0.6833921992780544,0.8454963528648622,0.45986258198943286,3334.1243003704585,3125.4082008078867
7.359153929335398,38.80181325802725,0.7997976587911798,0.9109475123190296,0.6094024357456388,2137.058023530538,2035.135877677597
5.0837425633628435,123.83432860388605,0.8509754415822904,0.9362349321783509,0.6895215346894512,5076.234678702797,4880.238768441558
3.8059599173454792,103.51670567003973,0.744074701439621,0.8810924624085167,0.5328763212159949,3190.3682531520667,3012.5246781106384
4.2340406255089285,41.367637191640064,0.7804641578452796,0.900876311042847,0.5816978412295377,1413.69280544909,1342.0325067267026
7.630983377282707,196.50228087093024,0.5404362404959965,0.7463454781362793,0.31972900608249444,9643.210140665944,8950.289665857323
2.0734598218125613,58.645259743403976,0.7607105811414517,0.890274615779331,0.5546826945232893,1165.5763898886007,1103.1878591103743
5.103608824117581,32.10215241630101,0.3428031273183618,0.5611727298426308,0.1754364254075084,961.2098724910146,894.4965958170106
4.541220752191261,127.07252831034373,0.4187830096873716,0.6404075164188268,0.22571343633192437,3669.2434163708617,3403.0597087283963
5.280179648042535,152.9960018839459,0.3535304110548355,0.5730659564850229,0.18220420895644543,4755.265042668276,4422.25169418756
1.1267712867458837,25.839820288493655,0.47390986835834037,0.6912789222783691,0.26599936320181206,298.3386254138739,276.5413528995362
7.104867362609061,138.56917497086397,0.3284636929909091,0.5448838623007572,0.16654646824785121,5444.178917804593,5071.40985481617
7.524827977385287,115.8125376712618,0.8692891538035575,0.9448274587000841,0.7208817287541739,6701.744487042236,6467.724116392394
4.9559322851244625,38.58770159750871,0.35027570240453454,0.5694834596218068,0.18014002564763248,1134.3967879813968,1055.162074990688
5.876555767138246,51.05429785034517,0.17843563048875188,0.34310711472427635,0.08283122120027811,1486.4612029929708,1411.06000601394
7.457495668241069,122.2353735168945,0.5214537328403307,0.7312831197262625,0.3037704613216917,5802.957960772075,5382.824668752369
5.95067044019379,73.34437043239191,0.1456792627561411,0.2899711054452053,0.06646678128893425,2089.94557900669,1997.0312351339683
2.0677733003998293,188.8968311572369,0.18843453304686442,0.3585942753797271,0.08794744320803553,2477.3475906977346,2347.4405407974746
5.034018521167692,167.37324130712915,0.27551151135699703,0.4805886867815013,0.1351712957112381,4677.832660864897,4378.565183489466
5.247005324679991,197.04209717245934,0.4714801999057133,0.689142297756803,0.26414811979107233,6670.6499458336,6183.233224725962
3.968914699116702,66.74075101107451,0.4466007458472223,0.6667162276918623,0.24560350206341652,1764.7082860166086,1635.9161098099485
6.15510964937306,194.55025390363588,0.739753489602233,0.8786683582389563,0.5273465645489184,8907.15165882048,8405.720666584726
7.540569103383104,97.62209656248042,0.6915797231072907,0.8505011145494338,0.4691625163791823,5199.681610445915,4878.4280423584605
7.478979590347434,82.55338315647583,0.44105463519256105,0.6615774975786517,0.24156876590548831,3709.4142743841653,3438.909254368849
4.155875599828924,29.062914854483584,0.36696336606050395,0.5876172602498179,0.1908253042911917,749.7156790016685,696.691307721428
1.7926663208852869,29.49774641472847,0.3531750272491989,0.5726758716873529,0.18197835746578614,407.57205136471646,379.0376287545895
7.893888392736342,144.56202607039785,0.7191960698352072,0.8669093964047622,0.5017625821260966,8139.165083612167,7660.720720882993
6.8722866051215385,102.42721899812503,0.1416579249770158,0.2831830856089161,0.06449804943499048,3292.359657599931,3148.765498655184
1.8726387684228678,60.773892686499025,0.11025731960848467,0.22805498599896382,0.04941121076644168,690.3737088815192,665.2345996946515
7.445893178321606,130.51465513854185,0.7364355135413184,0.8767959446653961,0.523137185937497,7041.323533349816,6641.996510534396
7.089274534434898,65.51446128502002,0.4817171007912394,0.6980818990290657,0.2719980021167813,2893.2162297333234,2681.945679099806
4.6318663998825045,123.97371578199606,0.2047049108428608,0.3831018979494345,0.09639964705368867,3031.4540885131805,2864.6045027924943
5.1389280502145045,84.65757445688426,0.28845274767560103,0.4969329794258889,0.14263768627415746,2434.652340700563,2275.831930660176
3.7930189270909116,168.23940079012743,0.8460031624779061,0.9338617313859559,0.6812671445546836,5422.1132824043925,5207.556870501761
1.3833314717542193,167.72530893802028,0.7876023804999184,0.904629259563867,0.5917762558603105,2618.8670584122588,2488.946123626443
3.3463806915213063,105.92307166203224,0.6678280401791781,0.8357993029281338,0.4426181261394259,2833.1117612399776,2651.614375623773
6.6199741401860805,83.1474396803028,0.48578018426986125,0.7015849742684418,0.2751504626710023,3468.9306929696404,3215.7287763227255
1.03242416103222,85.26076338063702,0.5162589009531086,0.7270735445823002,0.29949407564672464,969.2269823523256,898.9376006082072
3.3344942018380093,165.02861462027923,0.8801956282271669,0.9498361685586018,0.7403085345406927,4876.302615464469,4717.330360915909
3.787180855136603,79.07230690357017,0.8726163551074297,0.9463639111746678,0.7267469890816256,2572.881168169365,2484.8325215072714
4.76176922056546,57.63068726723228,0.2722152366286674,0.4763571597782079,0.13328937602316632,1533.5460537759247,1435.9541743387288
7.438989314889323,35.24390153755523,0.7488836530442545,0.883771108692605,0.5390945093002194,1911.984743221012,1806.5992781806926
3.4244219605617285,104.00476175919351,0.2577941329336134,0.45750864251312146,0.12514837535433712,2098.0466091984945,1967.8083822372532
3.4286724132735937,106.78377780557153,0.27082998230716115,0.47457044385834846,0.1325008718323042,2181.389579503755,2042.8843541239025
6.162508736768238,171.36356787252328,0.6408744273316614,0.8184174254141541,0.4140278184990384,7435.610549286786,6942.443265760705
4.16552558622865,59.82296536029152,0.4240008788700388,0.6454454302549556,0.22937924973529925,1616.698684244481,1499.2381685224864
2.5722337605798735,88.57842926031198,0.8452355256852162,0.9334937919625572,0.6800023794565135,2126.963324684299,2042.4860958265378
4.167076612928854,165.51303300086437,0.17120778791680707,0.3317036973815196,0.07916887027134235,3595.6238585335877,3417.8889192811152
1.985999142658599,168.25224993481524,0.5092205126475945,0.7213085970436341,0.29376052053446045,2796.402431769692,2593.198221575725
2.234708905543563,89.22999367617828,0.834817224354497,0.9284585354994878,0.6630848659867211,1931.6110743888526,1851.1260196733733
4.488574409176358,102.64232419160255,0.8232909283836042,0.9227961023756495,0.6448898439621263,3751.3287416030016,3587.250566888609
3.9324781465318353,74.59146035287093,0.225223370732593,0.41283504983827507,0.1072918965474283,1628.3990772434965,1533.9335831284632
7.4039213074767005,187.85987811547616,0.39331016007716524,0.6150995554161184,0.20822834088239017,8066.195847440256,7486.896047396863
3.536757293816432,41.355877833484456,0.595297120037357,0.7872156112141195,0.36902360641193077,1105.444896609677,1028.7360785272645
5.064118451946304,188.0748961402646,0.22751590781712175,0.4160787164634416,0.10852558462138981,5058.553879799592,4763.524399037772
5.425850015436713,143.09596133036177,0.874417737636591,0.9471926513907213,0.729944745534948,6254.30960700682,6042.6598644443275
1.0916611961183356,115.68298748361161,0.8317994629821283,0.9269854114754474,0.6582691201791139,1617.2246966982173,1548.9482969706357
5.644761604116974,25.87863094120926,0.23356014322757535,0.424556966817775,0.1117946574207224,766.9512941532525,721.6049536508885
2.24625176808826,105.60731452796149,0.19692436900878835,0.3714876214167212,0.092337847268605,1477.5429674789411,1398.0165942400915
7.727492222286186,93.3946589004918,0.16832678624661224,0.3271086800133074,0.07771734143675794,3417.3207168383274,3250.2088998224976
2.040639094271791,49.01938615552206,0.8275549312293049,0.9249021992002185,0.6515584837924303,994.3575404700834,951.6173100725152
3.902368866089166,138.15372863011822,0.25489904783636863,0.45365766091032605,0.1235318478975982,3079.951737965239,2889.7791406603837
1.597447676550507,194.80716332629143,0.43302794283548385,0.6540475174966922,0.23579125148404828,2665.4130100976818,2471.333059131671
7.978119762921631,121.19398599161453,0.45908109252160245,0.6780920030880679,0.25481357736863236,5843.651642373152,5416.708137870899
4.515365072318698,148.65558975991024,0.5792088353708541,0.7756224595706849,0.354050232747042,4781.67324958671,4445.750988118692
5.167695121240307,32.321081461883026,0.15738827499793998,0.30939966886105963,0.0722484263543365,826.815769282964,788.1053193896407
1.4695353417189922,95.18005924705905,0.28140689392041274,0.48808703287868804,0.1385570846457199,1094.3727650805802,1023.7179979803961
6.249723292794244,40.94452732960926,0.8451923095351409,0.9334730654080311,0.6799312516998718,1995.2695907584823,1916.0064300830904
2.4693391516691,130.30325039657185,0.8267280858148557,0.9244948472581377,0.6502596851791215,3014.7770281869675,2884.7488369234466
7.286380026084997,188.92678847854782,0.7250325179245538,0.8702864638865074,0.5089073948534611,9940.995098501227,9363.431087820521
2.4359774833740504,139.1199918448949,0.11552099649457236,0.2375664504380255,0.05190571931538891,1900.5809357254752,1828.9282573122382
2.334814044645666,33.824548696595876,0.3616054147968817,0.5818580717044627,0.18736681293622676,561.9254152725778,522.3321474622705
1.255847674936664,83.83991689731491,0.6023669882743262,0.7922118303351934,0.3757481186454326,1119.2684265366993,1042.0642076158254
4.304468615769995,119.11940829935328,0.32015216941878055,0.5352317876514116,0.16147334967769217,3041.6504873735016,2835.1944181283425
4.953887932838315,92.5773961039854,0.8276693560430218,0.924958531906301,0.6517384367397354,3677.3680613363094,3519.3798445039038
1.4599604759984666,170.055921885531,0.6071115694659535,0.7955318193879966,0.3803118766084796,2482.9742234450223,2312.42676878491
6.428693316865074,166.64078084779806,0.1575253738531565,0.3096242337177236,0.0723165626779089,5135.143472517803,4894.584910679241
4.173021843236193,130.12958361857986,0.8272044710685624,0.9247296036056378,0.6510076508847579,4490.1807460448135,4296.899373264446
4.67073188529306,87.22243012388695,0.866213326540978,0.9434004185509045,0.7155064677085545,3353.3879757374757,3234.1527236262586
4.085339228567597,65.96054727738394,0.1621699347133804,0.31719259303937075,0.0746309481580885,1397.8273200135222,1331.0902760511842
3.8053414261272818,39.057377278363276,0.5258881878890519,0.7348464363401055,0.3074513695339198,1056.7032615098867,980.3174001341577
4.917482319157525,83.88158302757972,0.3426914257713364,0.561047586682681,0.17536648791071488,2434.786684259424,2265.815681648365
2.0866817215149878,94.37105309738952,0.4142712611851219,0.6360119812658019,0.2225672140477333,1512.6868480229493,1403.1093982391676
2.273496913466898,141.64812651873325,0.24372097436427353,0.43857295321538237,0.11734490020579053,2087.396181214944,1961.2888284439516
7.032499347094621,138.46876837356322,0.56245768160993,0.7632114420394438,0.3389263137418115,6416.862331613815,5961.097670336028
7.622808234935429,32.61946513542625,0.8663834825991125,0.943479531092318,0.7158026629584184,1907.0913920135577,1839.3484887843488
3.6131652139582706,91.1466767776084,0.5024580802172872,0.7157020710431858,0.2883160918085102,2329.3963580386326,2159.8508655506957
2.8952127120048763,52.72019609912515,0.16633166511558495,0.32390981684625086,0.07671488066398581,859.2777002009625,817.576834199811
5.5079968026731105,48.226286957025025,0.5960010667819268,0.7877157419682207,0.3696891400283482,1850.0238351486137,1721.7218292447528
3.8611391976866747,168.91438695270426,0.3721783955610056,0.5931665697817546,0.19421722727582005,4125.530317916992,3832.739663738674
1.177704489622414,27.544739008926356,0.7847401516730382,0.9031293320386247,0.5877143272738203,392.44576726312704,372.8052320018638
2.0930681815633325,95.45291766238184,0.44774251865317616,0.6677676999540801,0.24643852129702642,1572.4140247946143,1457.63983814722
6.0118056019317825,50.27665803797328,0.2542716871537965,0.45282015481471627,0.12318232185932808,1602.2352516567673,1503.4207474377818
5.6124675933710595,178.27943882212531,0.25288449815291597,0.4509644871500489,0.12241044073017739,5351.208815434198,5022.0462099922715
1.1896719475243844,120.26729238950632,0.7150113445769283,0.8644688865673217,0.49669604542391504,1663.3899850567236,1564.8134690593786
2.553805133530646,61.64851454783265,0.31247007864588794,0.5261696240351487,0.15683511420231322,1047.7887488570545,977.281972504635
2.6175235761164997,110.43691168994775,0.7137867153273784,0.863751639396482,0.49522213556241024,2521.791138268052,2371.994151310961
5.703249205191099,151.66754474656085,0.2647098486132795,0.4666163976308006,0.12903384637448795,4664.122737574295,4371.017515893681
1.1379737642805492,192.4612416054981,0.3573490949610475,0.5772407423357564,0.18463822747937328,2042.7727123034558,1899.2926111589545
1.7287600738920168,59.68028076417541,0.4723895779517595,0.6899430862906297,0.2648401461956167,883.1182921700059,818.5917799944134
6.599412597612326,179.51271898328213,0.8545566797547606,0.9379334498524629,0.6955340999921797,9205.458433179994,8856.497774060153
2.2498126343803353,188.17474055014824,0.8453851398030597,0.9335655369649639,0.6802486855799468,4110.920019139974,3947.7627797360574
5.569222754963123,184.95569801577193,0.26549750033783026,0.46764561125455445,0.12947853501003334,5577.999715224271,5226.988622178059
2.6672794673270857,134.37458423514377,0.3865752329944583,0.6082040773992053,0.20371557916062402,2504.4440785387883,2325.194528964372
1.6960897493154161,133.36771779824738,0.21951951076301787,0.40469727923262555,0.10423720411255728,1583.0349757718177,1492.4561751994868
2.7022053369961787,92.5779139730881,0.5079880634507977,0.7202917797058429,0.29276361624932257,1906.0985044326785,1767.545212360701
6.0558685229896145,155.43161881468183,0.46846604055573327,0.6864786873110111,0.2618616833068834,5930.33310298353,5496.983512486842
6.989875276744,115.63292330316774,0.820608129960586,0.9214641046136962,0.6407309482245724,6144.785673799563,5873.136098336173
6.811539051968941,141.938852821093,0.8440043022328582,0.9329027752052194,0.6779791023990741,7449.1320933154,7151.526788094105
3.7802847073291836,97.12242269278318,0.4068539128058337,0.6287051813221561,0.21744145354567174,2397.2246691051887,2224.0397999129527
5.676595955994523,151.66936352776503,0.4933903544151915,0.7080784590255793,0.2811124703883492,5574.290593168001,5167.854250455584
2.4348900679107466,168.40487316881882,0.8169889993169065,0.9196587225900228,0.6351650005160671,3841.094169465571,3668.88250211067
3.052034111827093,46.3585261885069,0.7453662461960492,0.8818138344807795,0.5345396500519791,1205.420008757279,1138.4262198330828
7.274350729647838,169.92734880336104,0.10292504907571942,0.21461723609320327,0.04595879225065701,5517.919875979689,5327.194538462037
1.0910134645751524,117.2533757222553,0.356047651346866,0.5758213739543854,0.18380720939417847,1215.8960489798678,1130.578949854372
1.5985597159812766,172.03986363624037,0.4374193935489007,0.6581809235124414,0.2389431813221625,2362.693993465548,2190.5056388133194
2.4552037860221914,97.63430714138264,0.28377302694658535,0.4910716188198999,0.13992326105943675,1573.9118079553405,1471.936682574467
1.1857254271167381,88.2272873689463,0.259657292716751,0.4599749845357148,0.1261918226278492,880.7029962620053,825.8478163262508
2.270048045628581,184.71093185310002,0.13022760527654376,0.263557876173413,0.05894826049377452,2437.9502106831305,2337.695987135829
5.081290926787846,65.21046815871223,0.6146957800558084,0.8007846027001585,0.3876937569458874,2364.796149969106,2203.514191770655
3.9499718541474858,171.95821855150575,0.3100082323865325,0.5232363881309785,0.15535886078226022,4062.305125761328,3789.7402293296627
7.248701977538824,107.12370305169274,0.1418777427450505,0.2835556860946816,0.06460544535960194,3608.760379726697,3451.1986396140787
6.722104932169087,112.53717965922675,0.28478344842245096,0.4923418301612947,0.14050794635723882,4058.072419538766,3794.7539341879096
3.392721461885132,75.52429066810711,0.7415311622689013,0.8796675669067016,0.5296148502166487,2124.743973797735,2005.6102256511342
2.8159640340190473,123.14759611142281,0.7811913453172373,0.9012605038457511,0.5827166784759273,3069.293475082133,2914.0441658609216
3.657846857170868,78.53801532971804,0.4864529961546421,0.7021626089780926,0.2756745298484828,2003.8551926990756,1857.6029542821873
5.132064597603654,27.068494563497417,0.432856536326949,0.6538855068719094,0.23566866255917104,874.2337022021554,810.5793996629388
2.876445485760134,68.95974896198409,0.8822829548014254,0.9507857111768268,0.7440932574445684,1823.7682082022413,1765.1400746498136
5.369042354943938,21.148227813186324,0.26045172767045593,0.4610237687185025,0.12663748480967765,615.5850123053164,577.1882797652833
3.865881565338683,196.10386167023418,0.2722874262836868,0.4764501337274915,0.13333050562253124,4407.198272260784,4126.6998477945635
4.864330265963861,193.83449776755455,0.3334937416291198,0.5506495325352103,0.1696448628703827,5533.423981560131,5152.658040296947
4.052885703947217,91.1279535450149,0.23820585462486987,0.43100178946579465,0.11432374209194877,2062.471727815768,1939.2930136871253
3.061260316793424,151.1067537811363,0.40349247856334924,0.6253604670549783,0.21513737583433976,3160.4483995532482,2932.432532543253
7.639173148735097,82.2450977138765,0.8286673815918031,0.925449464303774,0.6533102365715545,4742.445304206684,4539.546628306309
6.345240559118325,140.7967682754757,0.5922782725028595,0.7850641066715139,0.36617948404635725,6081.747238275776,5658.688878236407
1.980792230365168,164.97740774827625,0.4295572388898109,0.6507571036424307,0.23331537359547125,2583.6390513981423,2395.660208588472
7.07927583128539,190.41612404460332,0.8475286356569719,0.9345916739693149,0.6837880933418721,10351.05268538875,9944.484812036619
4.4120183877465955,92.03820965294096,0.13877138598065786,0.2782735596092553,0.06309013198975304,2027.9521616172258,1940.7534731524368
7.26186558825864,160.99363693208858,0.2682209423214891,0.47119165317001943,0.13101955793026093,6121.189667780291,5734.212072984233
6.598986791631207,67.86712111378138,0.5527108840814072,0.7558251142109739,0.3303360482652785,2956.345017503983,2745.20398319373
3.9764945312846343,198.2598146828567,0.5924420985545433,0.7851811441216975,0.3663334138332684,5802.734680762563,5399.1379691490365
1.1572851582408217,24.638527777583207,0.13164600525009051,0.2660201445613915,0.05963327045138977,214.84510896965264,205.9420670959881
2.8807415156946226,128.63518517020177,0.42243100632570574,0.643934804763583,0.2282732466424909,2608.5696835950616,2419.127966267688
4.791439502626068,138.71107669723887,0.6193231718646982,0.8039571474271981,0.39225104432623975,4804.036735911003,4477.879947611033
5.434347538783031,143.8482002733432,0.6584564371227213,0.8298418931599352,0.4324993951605256,5665.181239277249,5297.578650017185
2.805213798032416,41.66976418203602,0.6105119220130154,0.7978950852469735,0.383608208877458,943.1139966009462,878.5368478212637
1.975492518509769,188.93536102516347,0.3564505794887397,0.5762611907337551,0.18406432921556345,2788.8740051341774,2593.1234885624663
6.844511657595094,52.612990229014905,0.1748160988783276,0.33741868185849583,0.08099347160470735,1741.3373666709,1654.1257565234598
7.890815264924865,132.09561258317137,0.4416899571354673,0.66216879430208,0.24202917140636745,6226.769997113549,5772.643487797688
4.679831276118801,60.081694242155294,0.20300354989444439,0.38057849383258485,0.09550829974362018,1479.2713283505007,1398.2400358519787
2.2017550009381246,75.29895506382877,0.8580989268165337,0.9396046818956992,0.7015376640341611,1629.2031390453621,1568.5901762420806
2.9061512856355827,118.36253751106238,0.4801366928181027,0.6967124395313592,0.2707774917892845,2521.1937581805714,2337.0635773422937
1.1287347358322672,95.09481534162377,0.35380733948549403,0.5733697404732838,0.1823802796802319,1002.0725647789815,931.8816327710198
7.400091645923493,48.84060817577113,0.71304325689512,0.8633155303176283,0.4943292661077685,2588.6653100025947,2434.679065355673
1.824257580230988,50.768552435752696,0.49835887406581114,0.7122708425507388,0.2850459909923882,792.0547756320573,734.3556986270502
5.035615328599775,95.26606186930394,0.34802721920996005,0.5669953754091769,0.1787195277248176,2832.8599431325897,2635.3595539006724
2.918386544810442,156.31093608959014,0.7495741939126414,0.8841541102889925,0.5399930352011255,3938.7474175183083,3722.0079867206537
4.879246017610554,181.63363643260195,0.7937217208008976,0.9078142373166804,0.6005553295930358,7016.09846623574,6674.701821095155
5.559942718463049,35.14297920668891,0.6384065330309416,0.8167874086201659,0.41148684353373843,1394.5545201114417,1301.7953187951912
6.8081926259504115,90.7587033606922,0.13757153792613386,0.27622363654176063,0.06250618485377182,2881.6684228968606,2758.5066887907965
2.4449489023242226,38.0442014701178,0.5530583041332257,0.7560905222280501,0.3306396616671584,751.4687063061872,697.8090990641629
1.0769708006093635,22.98664651386762,0.7106359295978253,0.8618998862920166,0.4914480694395918,300.85439541251765,282.87710179485214
1.958199410481651,139.1093628759122,0.20920240966686576,0.3897290656003027,0.09876450029734618,1794.297975387724,1694.3204050611403
7.300130492936736,128.4408995539858,0.2829366011076827,0.49001818983709905,0.1394398395922392,4970.207827115044,4648.584007479713
7.117230542937607,49.34344048667952,0.8059960840545092,0.9141144239957064,0.6185648587501277,2646.5088451737506,2522.960613897322
5.181891715192158,62.08630995675154,0.11609737748245924,0.2386011933989832,0.052179698028675094,1526.9383127039607,1469.1600784592256
5.203618023035574,24.267395656013306,0.7021817102607808,0.8568853985260068,0.4814482446525447,944.3524223420018,887.0521694354567
5.655256721823788,170.29049702499267,0.4790186340115383,0.6957412776241767,0.2699159565215673,6175.186563512959,5724.154175728611
2.227598950364147,195.44430728873925,0.4574177270716855,0.6765906821416905,0.25357545348473776,3383.69103867793,3136.496509423696
7.400883621474718,44.382716623044345,0.10567722599590974,0.21968706213389547,0.04725162743371002,1467.4436563869072,1415.6918594415497
3.9313936742445117,61.665538477753664,0.7555185847731942,0.8874342245978138,0.5477870669159769,1961.4194886607681,1855.042829907139
3.6819696977464824,176.31371431044812,0.3878599205092532,0.6095261479092194,0.2045729278552605,4199.57480701809,3898.796212355914
4.632423936979863,186.76348363211326,0.5326125050404343,0.7401975494666052,0.31308741654698646,5949.692660003124,5520.7243569123775
1.3287617674253853,95.53292890522586,0.6418405490685275,0.8190537451665143,0.4150259594229282,1348.5268103834017,1259.187154386117
2.163983581292556,29.11204500843334,0.6621036611503326,0.8321711398941934,0.43641429630903567,564.9711209391075,528.4898849258324
6.166235314984593,27.090530064707494,0.8647840470608579,0.9427351083951194,0.7130238418016426,1315.4590001217646,1268.2992907898526
1.5795906754758853,123.31097589242188,0.5250719625892873,0.7341926240781068,0.30677172025934996,1789.9327093353538,1660.505563878351
5.222064766264717,90.72111960077223,0.4197756407795421,0.6413696599544539,0.22640855216069108,2943.6870097357873,2730.0739438398514
2.7174437677692467,25.157436963977812,0.8629629011933664,0.9418853670936901,0.7098743650051327,633.231602967813,610.2944145005023
3.725069298293836,124.98543061626022,0.6136881880204169,0.8000905605084776,0.38670682672500645,3519.490766942318,3279.2249618992782
3.020856157394899,22.034456586024046,0.33852028502124454,0.5563550733663725,0.17276267597272857,433.0914235625778,403.1481568350946
3.489709015254644,161.72695246686914,0.20117139632285694,0.3778509550821223,0.09455041406062613,3142.07845759608,2970.855796291932
6.033321336289719,75.15790808660688,0.7740436011721451,0.8974655695960411,0.5727784324275038,3440.731711698993,3263.0644261587813
3.079852009362225,27.246440541661777,0.38974528223532123,0.6114605862165222,0.20583408697770786,566.3568163954415,525.7541080444175
4.964832482078281,125.9033997769676,0.6283757770915449,0.8100937907732917,0.40128606031829245,4515.709048084897,4211.983599221331
4.332352815393698,91.58319459794984,0.4766531354927185,0.6936801592613753,0.2680983929406026,2656.38967770837,2462.336544083146
5.645698157538537,195.2840744042869,0.2591438238360307,0.45929621852577035,0.12590401419693056,5924.320600906911,5555.6613124955475
7.557808175273306,117.95575925066639,0.5813492868963721,0.777183064720685,0.3560165524314409,5895.225786579212,5481.709898526966
6.1280046804717525,69.54305258666149,0.14854645516054588,0.2947745695093322,0.06787571870650512,2038.0140801834093,1946.2039241434557
2.5045826501352972,147.69899563411548,0.4306739678969538,0.6518181135675217,0.23411055406131784,2721.79765884556,2523.71530560655
1.2182819454289926,68.86856045768803,0.5372919517309368,0.7438846877326807,0.3170488233679999,866.7922536190935,804.4206014224419
2.8358483100987755,182.76379245336173,0.44883757929486323,0.6687741034984603,0.24724079713965466,3736.734477065877,3463.946991306532
5.165545514901784,87.44995469132776,0.6989377402007927,0.8549433714910701,0.4776594190085841,3376.205266040229,3170.1849240841248
1.3599806943897526,118.97634129971694,0.76233996363625,0.8911613250685637,0.5568639212813088,1817.1860898330845,1720.329321173576
4.474563730408654,29.103158688361194,0.7169944592265425,0.8656274342407714,0.49909123983525694,1007.4323967421258,947.9572792032387
5.177899942418224,96.70182283140154,0.1310503582494417,0.2649870720939834,0.05934547988269712,2413.32774599186,2313.6416282931336
3.3397072357187256,169.82543713897908,0.25530301635677777,0.45419637813063973,0.12375705927432111,3352.712881920496,3145.5427193560126
6.396385426220753,165.01678496540154,0.5292860074110195,0.7375581916021465,0.31029102643371226,6887.73648305432,6390.479180949393
1.7461877719364027,60.37734059363473,0.847857632355041,0.9347488839864244,0.684333107188339,1115.7633832674287,1072.0091871078869
1.5259644721506613,60.694232781901285,0.7679654200416935,0.8942056604170256,0.5644587534821929,994.9608474533544,942.7150745178068
6.097321293425224,167.11495619838263,0.7740276066814413,0.8974570310707423,0.5727563823948773,7720.085155261582,7321.429138418319
4.468439213443389,187.4717156304786,0.3425665550077399,0.5609076575541316,0.17528831794553174,5028.190230789811,4679.278897148504
5.818816774994152,37.16496582914064,0.44355831766296205,0.6639037152496717,0.24338580400891902,1345.49017441417,1247.3340151444331
4.043791370226224,101.01055509672055,0.47656475785275,0.6936029843660797,0.2680306232318638,2771.1076131994782,2568.673062520037
2.7248142326737477,80.74177021356121,0.22589726667992835,0.41379013700006484,0.10765418731288655,1331.9271911270632,1254.537846129644
6.733716223719398,176.72392198233908,0.12485450419556506,0.2541600687775198,0.0563626420366771,5486.382409852549,5267.470336922415
6.595911152782855,35.03448464240338,0.8575223195684135,0.9393332319686624,0.7005565426083201,1797.9265184110816,1730.8292153295145
5.862875295980987,58.002669660446735,0.29257006853080536,0.5020447521527183,0.1450396608456618,1871.487970816247,1748.6974590177879
2.905015960609739,155.44430076556898,0.29195912297890503,0.5012888987794084,0.14468242593904973,2852.333616592151,2665.3466982067616
5.13161466808361,29.232892816618804,0.16670324301500763,0.3245066278989497,0.07690141316784894,750.2918288451193,713.8279661103394
3.5268172785801877,108.65636852857207,0.8428062015550228,0.9323266229214612,0.6760164942379574,3302.9117993553027,3170.204994405471
1.641074513286439,99.5792662423496,0.5637896919518176,0.7642113379686446,0.3401120677711766,1518.6135038967784,1410.8389200287982
7.421195028235699,80.19221221797476,0.6336294857002831,0.8136134072428001,0.40660359428905063,4073.480611259947,3801.064250261411
1.9577304164327298,91.02301675740628,0.829261509810442,0.9257413713041636,0.6542478396987752,1797.3888992853085,1720.682040420622
7.651661476745617,115.38930564744193,0.3764961351206316,0.5977195979293014,0.197044968130293,5033.149852122735,4674.980033406494
4.12204041070569,49.046124509908964,0.5972058489104674,0.7885703308398684,0.3708302342910917,1481.9100298675442,1379.2401625088612
2.2959305018703375,122.9592580910467,0.13103956378311,0.2649683379501283,0.05934026614638583,1637.1003389446446,1569.481404504476
4.793306631648507,164.97781927399754,0.24941802258490348,0.4463042364594891,0.12048740568764073,4324.931254232027,4060.6632412567956
7.110620851134858,156.82896736222864,0.764996644071954,0.8926023268746978,0.5604382014604005,8242.887499586554,7806.595212098239
6.125574204866928,47.70198284487926,0.7134146850706686,0.8635334722281602,0.49477515789385257,2145.128965261577,2017.6160972561286
6.645928035030148,46.8649045534653,0.3805141531657176,0.6019231991606606,0.19969241598436976,1812.3515836634235,1683.07295687014
5.611483566975021,68.2713861940844,0.40144850221937,0.6233163722332662,0.21374202267758613,2320.8748806808026,2153.5749503302413
5.845935951624967,84.9934507413867,0.5268435468428636,0.7356105173858767,0.3082480960192622,3278.132143657589,3041.2494026840372
6.944369560957235,93.52200465352686,0.10019280374810764,0.20955297622945107,0.044678896902646426,2907.4534122610467,2809.011775418811
2.7476760620143015,142.34549903000214,0.29299546883042227,0.50257050764614,0.14528857222450972,2508.9902390073344,2344.276016789455
4.425974745501984,30.202477789850374,0.2665854468865716,0.4690645143108256,0.13009349468335057,753.0742446038133,705.5967973764817
2.5484660927372156,26.24108676069195,0.3003863573998108,0.5116342156339004,0.14963550018037258,440.7466073576388,411.52527580264206
7.913676055976529,90.54390132990362,0.7447246740267531,0.8814556753337225,0.5337127833461695,5177.379619377905,4889.206212197725
7.608415377806293,145.48946458483647,0.32373908523715456,0.5394164978259897,0.16365564114106787,6047.174252293696,5635.132625063384
1.2759876795795413,54.81836173216686,0.25321705764011854,0.45140983752755454,0.12259536659799035,566.5174210480919,531.6479553666985
5.939026207609819,135.4708066261253,0.5034107686344252,0.7164959652457988,0.2890793322388838,5211.189819856353,4831.973389097529
7.4767382219096605,66.7690648292539,0.7925160290981855,0.9071890411255066,0.5988152698764483,3716.526228857444,3534.980915219636
2.2640274158913347,179.49549958643294,0.29307976306999994,0.5026746345925821,0.14533791121870654,2755.7022671928557,2574.7705447625663
4.975616613868406,181.22418996799098,0.16282899423423897,0.318260379031122,0.07496032205107458,4515.7507709794545,4299.585792537243
7.408418083116293,73.51169677063876,0.38512378867973174,0.6067065387648637,0.20274889232117677,3137.781161960904,2913.377512825552
1.237621850100592,61.39887571338329,0.6981214596519822,0.8544531204916395,0.4767101867058461,859.9060271464951,807.3596337820924
5.881941870727879,94.03471497192163,0.5405524357558357,0.7464361590257094,0.319828335723179,3679.821668009082,3415.4192291880477
3.0814430516078555,63.29568533242677,0.753434695659478,0.8862877677567927,0.5450426101404824,1664.5352671370986,1573.7935727602205
7.470773367635712,141.02909179250668,0.8676737180873871,0.9440787733461088,0.7180530461220124,8104.020100491183,7818.313343516942
7.797407716157574,168.69164321869138,0.7341299814012937,0.8754891596097937,0.5202307334041152,9468.480044743073,8928.796069389244
7.609865423794037,141.15658356401906,0.5830424630750027,0.7784135669710368,0.35757752301215534,7105.3475147607505,6607.564896422894
4.319499516602246,168.3830805048829,0.49467327044190446,0.7091645067586129,0.2821250083494558,4935.134655116331,4575.378914636564
7.034298556925194,91.45858919734535,0.13205526907861334,0.2667291723835948,0.05983111430766416,2971.3637577128816,2847.961817354494
6.911845789745493,48.13705472759496,0.887457583051233,0.9531273066162003,0.7535707301861481,2603.4556092326766,2522.7340806603875
3.233703312702789,152.83117053156658,0.40678489806003404,0.6286367204697227,0.21739403037240487,3340.755070131938,3099.412363884994
6.8024083190547415,84.8854109254797,0.22178257113349345,0.40793759834674514,0.10544667806788048,2922.009944899147,2753.889143669809
1.2590534430084483,140.82874854124384,0.6333670843171654,0.8134383377877983,0.40633669562734015,1918.710180143765,1790.3579421289003
5.1738891493743715,68.71590955671782,0.3274306312763675,0.5436927015621215,0.16591277404825033,2054.7553037075345,1914.2113820692514
2.6100618610139215,34.62133426520108,0.5686226167448382,0.7678202424751952,0.3444385325932695,723.97038272846,672.7454231519706
1.8439682004409517,198.66472318779742,0.569414326275673,0.7684086114185387,0.3451509184298642,3274.3919249497676,3042.8280706550695
1.538672411404464,48.11627142750787,0.4565838567222954,0.6758363445633344,0.2529560032265914,654.8183164999873,606.9831694522998
5.8740214311469785,197.91577891342658,0.7688948924360341,0.8947061350162391,0.5657232884797481,8833.237883699148,8370.569521771102
3.379124746376463,195.91038786196052,0.31197364924435445,0.5255792851423529,0.15653703537345687,4101.27447752403,3825.455531915705
6.07336740070133,162.88725870344715,0.4589060732941873,0.6779342467656907,0.25468314658288227,6186.934098556594,5734.913792136165
1.4574943855925966,138.69613317475955,0.5301537028727772,0.7382481224109483,0.3110188818592248,1924.603672394093,1785.7046667042382
3.2070323648142725,124.00526904519525,0.6308997766138397,0.8117884934955379,0.4038338527188182,3141.704488489132,2930.969143491891
4.7764390466273605,175.89827816801025,0.7271774804044716,0.8715198202724213,0.5115565031068247,6459.244856929476,6085.619684905229
6.535062153872745,72.09911389150783,0.4158458263026049,0.6375501660971088,0.22366276290026796,2824.618406516739,2619.8987426341464
3.231267520524489,104.18261824727787,0.6168375552772768,0.8022560332853939,0.3897980074445338,2632.1804155678906,2453.0357879711446
5.381239635059064,131.49019448597033,0.2204887624548153,0.40608695666105377,0.10475481099644461,3697.394513860131,3485.3306578939114
7.20184423765331,94.01428565650839,0.8461184804339829,0.9339169688599416,0.6814573632296059,5185.110833199171,4980.0471876930715
5.311042317276132,96.94756173624823,0.40644704513680285,0.6283014519582923,0.21716194744418096,3158.1787400715016,2930.0558137164267
2.6307163232754363,79.45124015037518,0.6836171375811507,0.8456347279098927,0.46011594007762957,1791.073248592535,1678.991509662461
1.170805470895766,121.56172700321649,0.11627286550574212,0.238915972618136,0.05226314758879919,1050.0269877230216,1010.2504193329383
7.090692117306509,173.10341504272088,0.2641497143238456,0.46588347621218223,0.12871787871289353,6421.941353993274,6018.761357146877
1.1488858759527099,56.27510804113631,0.48966603545886245,0.7049116064016406,0.278185313125919,663.9294457937942,615.4928695651124
7.122911708789395,188.19794697561946,0.8026019741858773,0.9123839710096976,0.6135304040350584,10085.298776204721,9608.878512961373
4.702559938190484,144.03577767468136,0.5218041199605418,0.73156567839823,0.30406028071701874,4611.637038504712,4277.794887030871
7.573473889590273,168.18917828240544,0.8438963858351033,0.9328509213830419,0.6778020729067589,9687.304648842795,9300.082081537403
6.591482650415657,120.1143246734021,0.4870375172662371,0.7026638811772841,0.27613029994790456,4996.928812767547,4632.252289674562
7.985538773733362,160.31300625633142,0.49235927738875995,0.707203811563515,0.28030026711480716,7923.793770307922,7345.95241597902
3.454982708161971,22.916071521104097,0.19579743080042553,0.3697895030459691,0.0917525812713901,439.5253009519936,415.9478262833343
6.370318022517888,167.30847646031634,0.7421249953217759,0.8800007378741975,0.5303746118692464,7899.91339120317,7457.5660695306715
3.813516395264695,27.224994635365974,0.29757232997365,0.5081989789051876,0.1479754344077431,618.7898968822539,577.9150584914042
4.359129342127362,180.18440774531524,0.819689991497852,0.9210070229844906,0.6393141099888171,6419.78017855155,6134.949116270815
5.392538242528591,198.5532945029558,0.828659376264317,0.925445529361085,0.6532976129579322,8471.67043020212,8109.210071956414
7.115739799304372,72.93214319182,0.8546480894993198,0.9379766866247469,0.6956883160705339,3994.2342936277128,3842.8929007679576
7.8885842843950655,57.85734013144286,0.5161843912824721,0.7270128877044807,0.29943301677018286,2876.277003097975,2667.6815538726587
6.377913897051627,157.76540549444732,0.6416750278269154,0.8189447988442036,0.41485481580169964,7054.792527278967,6587.322652468931
3.924367475171336,65.54474136564558,0.7228127040493308,0.8690056897742517,0.5061790886181672,2047.1633862104,1927.6881563359807
3.9494990159394914,175.80122897099662,0.2048116949203725,0.3832599750482019,0.09645565085993582,3778.296214708357,3570.2791054462577
6.1630761111222405,38.511666588345804,0.5807657559979978,0.7767581717822702,0.35547971995662847,1610.455546549721,1497.4437659319055
2.6714400203781166,42.671935348284485,0.12743832104264935,0.2586932430140117,0.05760418456933621,630.5582232347234,605.0254177601449
1.7733187919197626,196.2472799181108,0.4980528667109807,0.7120137013080139,0.28480278029038003,3005.842552906566,2786.8618943701267
3.482355103485436,141.29100168860083,0.22387414529618194,0.4109188148116467,0.10656742839745356,2799.523762682599,2637.6385230727287
3.010672941578572,172.4397003972115,0.24633834076966776,0.44213612690482096,0.11878589028045937,3120.8262086625923,2931.287685704521
3.074156843191931,78.37928792327324,0.39203805335408126,0.6138038076554024,0.20737251374232002,1629.8892858273668,1512.9063241020342
2.6352542573493696,141.7670749137088,0.44594973337320243,0.6661157230213343,0.24512806766434728,2741.07229998384,2541.0396953290674
1.2946523274545332,126.9635289155475,0.5985379396257499,0.7895132169338337,0.37209493726125026,1720.0144040908938,1600.9814824633581
1.1251175431338967,128.56702162213045,0.15954273475081254,0.31292091025589464,0.07332035562368655,1135.6305346716867,1081.9854743479516
7.914056728152221,142.85584271678988,0.5029534089899558,0.716115004904261,0.28871276808111296,7057.1166566093725,6543.519857316518
3.994411936151036,123.56465116323774,0.2461001042024809,0.4418125934661429,0.1186545360108231,2784.1957812579167,2615.1824462394115
3.690286530117772,97.23122647447987,0.5591801400253935,0.7607413917402077,0.3360208057399598,2625.390872781983,2438.559955109576
5.757530978851489,69.66608498849843,0.6099236898089468,0.7974872170385521,0.38303643185713876,2799.0849899608133,2607.3204058152014
2.5277772150554494,158.34463956437637,0.5453674052422831,0.7501778957671964,0.3239624303603409,3186.610291941211,2958.1669100804193
7.649728287651577,60.72903740057352,0.6906364083826462,0.849927829851378,0.4680828001342865,3274.2677565122076,3071.6590848158667
6.504415100908864,144.62377510779456,0.36848739539272113,0.5892446850471538,0.1918139164568526,5436.813371102753,5051.893089845797
1.6258770161858167,61.999908076878796,0.7120852733065047,0.8627528266843484,0.49318089535422627,1026.7233895051932,965.5385459896443
3.9230654304944985,132.55943059180169,0.44621366536655493,0.6663592640983199,0.24532075825591018,3471.69610889503,3218.3368134328516
7.153828152935153,154.4740880832252,0.4873475986580774,0.7029295883461605,0.2763722598247523,6903.903004515613,6400.075097285831
7.613124156039872,59.368500003177054,0.6184817018088571,0.8033820440324017,0.3914192789676833,3056.3469884430124,2848.6708404904825
4.271810578749088,30.78979415503549,0.11468670719937918,0.23606634026101245,0.05150943556303093,644.8219084214991,620.6419209624079
5.293879724474954,43.57527373895134,0.6231953771361987,0.8065933066702385,0.39609618566100113,1643.9526611312056,1532.7783190901966
2.1692376226445265,129.0794541087846,0.5948681192576923,0.7869105306289629,0.3686184487268431,2409.6237137485077,2242.356705571764
7.938180382958835,172.9003531206324,0.347877693402624,0.566829533032853,0.17862522280105708,7613.020568805152,7082.3249687421985
2.621701909684104,28.099427822376384,0.16863542791959157,0.3276023098088495,0.07787261992614815,426.79132389619895,405.8962553426142
7.599122418945879,152.14722662749634,0.17274835993043292,0.3341491413059467,0.07994697985088112,5508.937878048146,5235.083900017825
5.54752654294658,81.43735627100938,0.8385789975881829,0.9302856183561293,0.6691406262402609,3574.147530619575,3427.7080367765825
5.254157564152014,106.13510658551405,0.6514234569806697,0.8253112427824982,0.42503183605193573,4046.285898543076,3781.3345129021845
4.58881957711556,187.19471897220183,0.20168209101659232,0.3786122902411846,0.09481720890462655,4529.396707661,4282.21396755843
2.614688682024311,79.75487085245219,0.3853785354471251,0.6069696724947907,0.2029184087886566,1463.7521019460012,1359.0549510274564
2.235696224038558,103.76064810910749,0.5739863951212771,0.7717909533732701,0.349285165255739,1951.4985419861366,1813.9049448956669
2.5434034634912273,22.4628346569226,0.768457364072519,0.8944706367606035,0.565127692674232,516.679174870789,489.5842924786051
2.3050678350097815,34.68776960087091,0.13492874297040683,0.27168932445357075,0.061222618883966476,464.94681995677917,445.34256834800686
6.457091314967273,66.54648640426112,0.2893065051760071,0.49799640287231334,0.1431346900192214,2326.4622254817787,2174.5150995717327
3.4508768141671107,25.013403347793393,0.811799192236304,0.9170526515792853,0.6272712554414361,737.5578504855712,703.8391061808073
1.4048987359437746,133.6475586886852,0.10733244014705319,0.22272109609156365,0.04803091617488269,1267.1476659948326,1221.930512591245
7.78371841098568,96.75170422429206,0.26111928223510994,0.46190373997122136,0.1270123151709307,3886.3006409306768,3643.60667330028
7.18650119474398,118.66613649104397,0.8672193407783728,0.9438678696520025,0.7172596420064735,6588.939079628312,6356.026759898072
7.494265982366491,51.43649346133932,0.5907214772177369,0.7839503211681365,0.364719091978543,2566.8495211458708,2388.0732038933725
7.964354758525047,73.2677652985909,0.30933709331000514,0.5224342656035822,0.15495725626658302,3132.782314756883,2922.7532005657713
2.217266744536411,139.4884054734905,0.1535928755166781,0.30315624586946815,0.07036623320114704,1854.3501001649718,1768.9227129474975
3.773694132318611,193.75449025347197,0.12255307235777774,0.2501003917598981,0.05525962363936687,3704.1414922307818,3558.3175999945124
6.307669329928639,29.075019248397656,0.2957960637095418,0.5060206758384095,0.14693074579595414,1001.71767142584,935.704610985527
5.872144326376546,180.2691777539479,0.8051886556711284,0.9137035676411147,0.6173633777877823,8182.573006482362,7799.495195827749
2.0772713443789854,123.83861623601753,0.43273092343800756,0.6537667472530331,0.2355788457079112,2006.9544380486877,1860.8289424481236
6.710831874934325,121.50552201601226,0.6762666953327944,0.8410870195889094,0.45189836987366205,5793.277693702944,5426.654853083785
2.5710840028566246,110.05013633739686,0.8346280283039662,0.9283663734218831,0.6627818463712127,2629.8381184451628,2520.168501734798
2.5667233037583617,32.49093546275301,0.42643236928225325,0.6477765370738506,0.23109756280478838,607.407230197627,563.2478988755512
4.758820960253895,36.17783331250892,0.25302189682991766,0.45114852267484934,0.12248683449248603,945.8385755854248,887.6431737346668
5.150579543891922,128.1641610186355,0.5136943446855357,0.7249812276191351,0.29739696316586933,4401.256125283672,4081.8282490626493
5.060603454864678,81.3725428584005,0.8264669496478836,0.9243660919555,0.6498500641938803,3288.4967780613624,3146.510069528024
1.640407861784284,185.1082519839825,0.7434995313101606,0.8807707439174919,0.5321371549305849,3133.4279042397216,2958.526604079873
7.142226038412662,93.186296724705,0.15266387469052303,0.3016201710507949,0.06990672044021445,3132.283309969233,2988.5652421681884
2.8592002981209426,45.79066256647539,0.6540582400620655,0.8270146448443517,0.4278169502411686,1078.8729950005447,1008.4646213405196
1.9066044489796292,148.64939003036648,0.557518017967163,0.7594834674044312,0.33455391556232716,2484.6442445437997,2307.661163580013
7.221236559082841,72.80361585938178,0.8259705410771404,0.924121195224967,0.6490721432871778,3990.244734748516,3817.606610091178
7.689560487608274,114.58465532406078,0.1979851334802378,0.37308232800414576,0.09288944705804031,4295.627221391139,4063.6969975276643
7.0348933208581546,145.6099013909306,0.5272288905637253,0.7359183496366587,0.30856982988340276,6593.150996929192,6116.788474496169
6.666612523074146,182.04754001637266,0.8035701548095139,0.9128784921511243,0.6149622009768619,9211.771823604957,8778.069383391678
5.586693864473152,162.5944150643017,0.4280190293933944,0.649292069728991,0.23222232238642462,5620.09265031154,5211.341123423644
4.856001594263975,141.74499221709033,0.48559593418629365,0.7014266677465631,0.27500704824989564,4544.071732624868,4212.386629324203
1.6089073193798709,142.33397283112583,0.15636854213356666,0.3077272689090424,0.07174195501574833,1538.6113068919449,1466.883405620615
3.859172491494891,190.26643592577557,0.32251491235912866,0.5379916097776172,0.16290965144234684,4459.382173128666,4155.923676393951
3.608819619086198,73.24833754937649,0.35960531933515794,0.5796930235838718,0.18608255643445615,1679.0288216365946,1560.8976578675422
2.8182764863222833,20.200176955313733,0.8560979589959096,0.9386616964619885,0.6981393818488321,520.7947976396771,501.211436754295
6.063940795820095,68.95182069167576,0.32613388843292723,0.5421940995865275,0.1651186034327062,2356.4836320193126,2195.5160352627045
4.471130145551395,59.220448332813916,0.46869498821572164,0.68668151511857,0.2620349625317724,1752.3065773596854,1624.2599333608725
1.5673235113535355,139.13022532051968,0.6370435388514238,0.8158843345442823,0.41008882653064066,2158.970786400106,2015.1419731798264
2.5412824136486796,134.06808795779523,0.22974669792630192,0.4192202248891104,0.10972933327899463,2110.1259536636103,1986.425532788788
5.782811345617171,126.82304888685029,0.4891539097134996,0.7044744960708148,0.27778422181337326,4721.091744476608,4376.642504299614
1.5329160164321012,22.923819777701667,0.6908312315807261,0.8500463013257138,0.468305617153179,361.967772445156,339.5766862638628
6.958448398341381,151.18004980111655,0.7934841704216529,0.9076911490129992,0.6002120921351024,7904.101337074517,7519.200324538264
4.466025689097821,78.23547424738848,0.6010074197299413,0.7912556207527288,0.374447952534596,2528.606402602227,2353.9838298338577
4.3641060412865365,139.7100780211936,0.6352428122535583,0.8146881317140974,0.4082476193497451,4524.8428448939085,4222.786644881961
5.146854492616623,120.1841171303876,0.20102677806765518,0.37763521136904177,0.09447489216237619,3196.368781616461,3022.259788831826
6.772766761476044,81.6915665770233,0.8566211977970778,0.9389085486030049,0.6990262611296367,4288.344939230513,4127.536983171133
3.4346644553153514,44.2237280787394,0.2060592619875859,0.38510417048105333,0.09711046864531386,852.5907165179943,805.4884817196088
5.746113067913445,36.99540157888657,0.7197383497454387,0.867224475925754,0.5024225512011995,1580.3748188371574,1487.5749086072992
4.960123747970537,169.67329996020024,0.31185305742265507,0.5254357937328622,0.15646465660346345,4833.906664026045,4508.862650859101
2.8691978911859493,185.31155757468045,0.8468745149610013,0.9342788772740858,0.6827058786367551,4822.956129390702,4632.914122456134
7.150409904486106,136.96184841757392,0.6759676314955836,0.8409008500187367,0.4515666923194311,6901.330087361194,6464.39057045173
6.581982151248496,38.61814067488701,0.7030509703826952,0.8574040905733613,0.4824680079455523,1837.575532808704,1726.2486637347708
5.609162842608979,92.36489903988333,0.27524733844790666,0.4802505964337568,0.1350201794946437,2826.859410201417,2646.0849343524665
6.954072103659693,151.2090560189283,0.4544319813081287,0.6738844378135651,0.25136126719509944,6437.276975528793,5967.097896538372
7.071059406718616,160.36775912181227,0.5942505556714291,0.7864709691997606,0.36803578334606324,7621.07737385562,7091.783951081008
5.958540837005243,41.27935201239595,0.7159788945652807,0.8650345875536811,0.49786334512351593,1815.2755319934179,1707.8976880737214
6.859093298545704,20.005529392168835,0.18316750072991167,0.35047747869536316,0.08524514312718265,668.7443044568863,634.2726030724618
5.882300231684986,148.1846682585089,0.8698922531636227,0.9451065160495391,0.7219409548114283,6924.477636654178,6683.550720719696
5.7609854023221025,84.18731167751702,0.8121765364436448,0.91724282133753,0.6278417507896709,3771.448188018198,3599.2697187705658
5.33027964750629,65.80663969128685,0.31627887239646746,0.5306797725239494,0.15912873580796003,1998.7322653632334,1863.6468864787764
6.269016476903489,22.32154456211458,0.7582081944258656,0.8889084734970311,0.5513488451253625,1047.9502252300892,991.4978636527406
2.110235737051516,117.25389321706994,0.5146591384318587,0.7257694673030315,0.29818482208176633,2037.528708189018,1889.69376434676
7.166095314392499,173.20713237667673,0.469445185249615,0.6873455398675986,0.2626032010597238,7653.811310932882,7094.529159024455
7.102904694216624,192.3736963290658,0.3515472846491243,0.5708857777760891,0.18094535256612218,7702.025121081603,7163.5024475518
1.204730981241914,121.83409111039207,0.564774869305274,0.7649494170392022,0.3409909185594018,1552.0329246972824,1441.9528360792533
6.7807172539533385,112.60303899318095,0.6839112941628782,0.8458156086536841,0.46044744283461253,5440.78380666061,5100.467296087861
1.9020890723141164,35.3101493880634,0.4287463239702066,0.6499852823372918,0.2327388133922773,538.0463322580347,498.90706807003517
3.345831979813993,118.79710427766796,0.6033753544066337,0.7929196305089138,0.3767146015856081,3057.2068068542612,2846.514910948826
6.204557794041254,88.39623421377104,0.659450336924243,0.8304779991297749,0.4335633496870105,3900.278342570809,3647.5305172133594
2.1253192723381575,129.28435055904384,0.6688974536122287,0.8364733927533269,0.44378523692619537,2488.002964125907,2328.855103192896
6.725769168833436,89.9707426177784,0.1415728785049442,0.2830388799969107,0.06445650527130661,2837.898980743072,2714.176976232926
6.8249392457041935,63.253842221066016,0.7877982445480536,0.9047316618570007,0.5920552417097141,3242.936443575723,3082.153213685134
4.552274136325853,37.09374954110777,0.4666026518120384,0.6848247748062454,0.2604537649759026,1112.1753579866208,1030.904093660672
1.044701102017835,76.68532002600122,0.30993286535697157,0.52314636499676,0.15531374369811862,748.2746396116847,698.0728247520927
3.0092669322243895,37.396070171795415,0.29341160598374527,0.5030843832767643,0.14553219821392413,705.4086975914793,659.0724462984416
5.318488428630196,51.841451148317105,0.4864112902751604,0.7021268230065891,0.27564202728963716,1794.2322732501061,1663.2787861923846
7.868303246191965,197.72050854431828,0.8094652315751674,0.9158740065965937,0.6237545112312182,11604.125141731567,11069.080783168265
5.422694689116678,99.93864024319136,0.4026780653461176,0.6245469420134336,0.214580890757842,3303.5432249689447,3065.2841096881584
2.8186250674491187,115.73691797090298,0.6997805974268346,0.8554489170637338,0.47864130301967406,2768.7045304382955,2600.001086321716
5.438039921697279,177.25133517269876,0.1774549847897749,0.3415702971244051,0.08233257346677661,4827.03548070529,4583.01677068462
4.779897658010988,199.2024020883238,0.48084536172084946,0.6973269954213013,0.27132438679125354,6281.711685751873,5822.967712503957
6.458917766058005,124.88860088204268,0.8933489123141886,0.9557719095154049,0.764528601907318,6381.860148655592,6192.447058931373
1.7488644717887087,166.2452877879509,0.7163502422338696,0.8652514757460069,0.4983120152433471,2888.551142068386,2717.8088820812977
6.327195317514196,78.84938438060155,0.2684227907524904,0.4714536906627478,0.1311339839243852,2659.273153451362,2491.0987068976174
4.788866050732771,75.0339123405124,0.5011531789583286,0.7146125021323316,0.28727266840752946,2404.1311627374203,2229.0965583089496
7.740944027012962,92.48666977902083,0.28689981091885325,0.4949940095847424,0.1417350845410406,3782.0579435775176,3535.891280022949
3.3931051622708024,141.05130728125684,0.42764874181000745,0.6489387775985257,0.23195958434671002,3250.8529944142,3014.4388670453523
5.4283532519376365,142.79450406591778,0.7240672189879719,0.8697300602062338,0.5077193255159804,5825.890570125748,5486.744955620952
7.524196738570122,76.74309823690115,0.716979852232323,0.8656189139744783,0.49907355945960014,4136.334843715533,3892.13387122749
1.7175680959347548,43.97778634459316,0.2824803023219081,0.48944276257397007,0.1391763379142535,556.9632079082625,520.9465077731876
7.560599410655158,133.83132616379154,0.8377786545238881,0.9298977485342703,0.6678472827743839,7676.893198714833,7361.214430016966
5.815200056105693,43.09865519397761,0.5740545462118615,0.7718411720293031,0.3493470529731518,1707.3761381159811,1587.0003308036348
1.4748594137362034,124.12865148127942,0.40393943276961164,0.6258064082754172,0.21544306712347516,1582.6221596681935,1468.4202576098728
3.106744968627714,144.81598305013563,0.5015484646246885,0.7149428235845864,0.2875885037317351,3292.6188435795602,3052.9174998448084
5.957204620516971,146.1100693510013,0.584057002750195,0.7791491913078058,0.35851520184840324,5946.800298773729,5530.495238819262
1.4714542102814019,155.6249799187274,0.5479124254766283,0.752143129384051,0.326161880494504,2197.8170366509657,2040.4577053538212
5.075193221233913,177.1146958818196,0.48912402842894254,0.7044489794616492,0.2777608296579227,5905.273270605063,5474.424761586441
3.421181398670697,109.99261855366191,0.5039462432715202,0.7169416015314715,0.289508864212173,2696.8505876202653,2500.625728409151
5.34640862437234,151.4448541153228,0.24112952834230894,0.43502612305201127,0.11592276298790104,4316.575500323972,4057.182561132238
1.3201942366875898,131.45109236585063,0.7501863234437435,0.8844932792481284,0.5407907229464444,1961.932998409096,1854.1311725754513
7.100757643066634,53.59518916358286,0.5334082559528123,0.740826669078353,0.3137587711017301,2456.926538765712,2279.8418237330275
7.814422784241779,24.62413607649347,0.20486388936376249,0.38333722780459667,0.09648302722900148,942.5169119894434,890.6183676506977
7.782144986999841,71.21744942184807,0.7129256812662224,0.8632465141540452,0.4941881944170005,3946.1220098452627,3711.33554272388
6.247562822200473,99.74606714077149,0.8459551827018806,0.9338387462253718,0.6811880181341716,4860.833922401627,4668.443065747169
1.9106036809144238,131.07906999715811,0.8578455193895697,0.9394854134054291,0.7011062949119046,2577.9225666596585,2481.8827857937204
6.307842371503158,172.99267949057696,0.3952141859289382,0.6170331904749421,0.20951232350217336,6468.710853889562,6003.716995980664
1.1721084152116106,55.324229007109814,0.20841349884860325,0.38857111728078486,0.0983487721772324,523.5825309849054,494.4705629676887
1.1548648607029808,42.59896218172588,0.5147197013064522,0.7258189029102432,0.29823432168009495,512.8854234283144,475.67317358658727
3.265271534046789,193.42639054537895,0.19008738347937656,0.3611226907662773,0.08879882403408927,3532.563202026394,3346.352760847461
4.42050233283266,39.448020687753285,0.8471899348100939,0.9344297469667904,0.6832274953296809,1438.5063369060179,1381.9111023880955
6.392851924654552,106.12839261929405,0.2468637018841168,0.44284902641383556,0.11907569084501929,3542.1397539028644,3326.7881734823222
5.783067636245536,125.40147118279434,0.30221268796093126,0.5138534653054623,0.15071621755694634,4032.528844041246,3764.546772599528
4.121318944637238,117.44739576333889,0.42530922150797634,0.6467010569855999,0.2303030437777726,3149.948646672354,2921.010104913845
2.915386663971661,35.48578826592978,0.4065315748473006,0.6283853548622116,0.21722000275629966,717.2263740338517,665.4176553691597
7.979871501103978,30.264844520651486,0.7357303139183112,0.8763967337212839,0.5222465801550426,1735.401356743559,1636.8310560438542
3.9832691156518107,38.98701694298642,0.4650534564407699,0.6834455039264448,0.25928646976478326,1047.9644777435683,971.3859771576396
4.159709170307728,125.40578309707026,0.23661460800266954,0.42880127392062084,0.11345586258719567,2894.0567054724356,2721.8005265341253
2.1453667483416843,117.98207977417779,0.31376791638885926,0.527710247587294,0.15761533721562185,1776.7405705590543,1657.0018791781765
6.563666841249505,62.07334256661397,0.5072907081500176,0.7197154576971101,0.29220046357108087,2609.7832969933943,2420.046086908858
5.855775580470421,134.79934553220647,0.21796313394090794,0.4024599114172442,0.10340731148660064,4062.746430657768,3831.1791092751832
2.5453872895213228,167.61215037001688,0.5893245405168113,0.7829484185834337,0.3634122856081226,3488.100781536754,3244.8945038755387
1.5766673193108989,27.484212772386876,0.5525978452409167,0.7557387252023767,0.33023730340094154,405.9281992631281,376.9352088411794
5.763495114522992,109.66338983864763,0.6717618531058062,0.8382732061782946,0.44692405708627553,4574.584989344108,4283.165027762617
5.5815784999679465,144.07587417848424,0.8501636923034942,0.9358486848788634,0.6881665760802786,6387.122328500195,6139.503569267255
2.912816688987465,65.41614687254368,0.8298036488809245,0.9260075094563524,0.655104642020702,1709.2629532636902,1636.4838448422092
7.656044935752872,75.39876295276684,0.8568604944550651,0.9390213799721945,0.6994322758074834,4408.216922624404,4243.1238600681945
2.0574052424663014,130.4548225380891,0.29577247761896075,0.5059916994714648,0.14691689040323166,1880.4020805550688,1756.4877603612001
4.026343607298213,181.62835281987265,0.2052522453114837,0.38391176497540014,0.09668677547981439,3965.787264188892,3747.180728460299
7.605311441173193,165.7863956545219,0.3418213603971588,0.5600718950766745,0.17482210415484112,6992.9548766385615,6508.027051775874
3.9380912184828563,124.96343943792503,0.8160681382130517,0.9191977910471886,0.6337568585675812,4095.9170782319375,3911.633962446806
5.469681633648599,151.43990919630485,0.8776427796987906,0.9486709267186038,0.7357092246146635,6672.503186765964,6451.296967785845
3.78316078573956,85.66804463740377,0.7874599608563808,0.904554780090912,0.5915734782083036,2684.3246336283455,2551.0977093730953
2.91950641644069,135.3737950577764,0.1880141769020349,0.3579498237536052,0.08773117622736652,2267.4081992837755,2148.669152706968
7.8878435357187975,103.91268640296026,0.8579423984478346,0.9395310156568989,0.7012711752959555,6240.731916690387,6008.356046180576
3.865338044205301,54.18850456236096,0.4386864218806288,0.6593673317331921,0.2398566063673313,1394.6912443359108,1293.0256586175224
7.258694425753941,146.31288929790628,0.10744823260988295,0.22293292401354436,0.0480854816717106,4764.480872919916,4594.325605307813
2.6096822412376035,120.16363472278796,0.45391499259855494,0.6734143561779897,0.250978946852616,2320.6601102683862,2151.1658122561726
2.4917329281755833,84.55188475164645,0.1368553357403741,0.2749974344768713,0.06215797794396392,1199.653444879606,1148.566692498501
1.2179385801915794,184.04105421415352,0.5351023369288941,0.7421631184225363,0.3151911450749425,2312.6043353849846,2146.0397425588344
5.561667777631195,23.76814120881199,0.37084322194964103,0.5917510569621756,0.19334638015189518,782.7434915043401,727.239785543394
3.579684406066328,76.83916722490929,0.478747946875239,0.6955058628491351,0.2697076127339431,1917.029219626064,1777.0075377526962
7.050507748877459,30.23865159997638,0.5905362885944937,0.7838176366378597,0.36454565486340235,1430.006823297409,1330.3949394220374
4.3124693468409,157.9749169198929,0.7950408766542563,0.9084969604537502,0.6024649990255393,5517.334839305817,5250.013537423979
7.777353995403052,146.3793417404827,0.6295212611775429,0.810863782888986,0.4024407747905692,7730.953057123829,7211.610366652362
2.298678609921848,79.64339937253706,0.44723909478254453,0.6673043602935781,0.2460701635620831,1398.6718578091322,1296.5857122064424
7.080362175689276,141.61932239727315,0.7555422829362921,0.8874472409749399,0.5478183530915335,7381.026543958339,6980.743680314939
6.436177969542192,91.26870071527097,0.8244657100585058,0.9233776958559358,0.6467199208846245,4521.6280601100725,4324.794277673133
6.396452912508364,156.1256824560382,0.1958079731457578,0.3698054074941779,0.09175805280424959,4971.642577883848,4704.9401280903185
6.913482596818214,101.75305929260709,0.5255463820422331,0.7345727564069995,0.3071666396708409,4532.5199320881675,4204.837027702961
6.3271679366009925,94.2103510096998,0.32760956779395534,0.5438991945092119,0.16602247187009087,3343.827625156348,3115.0702795175052
5.383542251419907,188.25138478789418,0.13764895830155793,0.2763560714504436,0.06254384148275802,4886.962673048602,4678.013407724549
1.918714143776713,65.15823798032605,0.6348373560911883,0.8144183033426708,0.40783395411477097,1147.9795899068274,1071.311236679962
1.2276832564387634,41.68052119938177,0.7902166219673805,0.9059935361725675,0.5955108433205889,609.0481546707753,579.0791667213241
7.445934934709808,125.21776038670247,0.23032212358191526,0.42002821109929517,0.11004036517162605,4702.908085462433,4426.852489701852
5.316552201645166,194.4779262111522,0.7499309260991204,0.8843518077052063,0.5404577694524113,7901.145944341892,7466.737289599204
6.575761036833234,88.0110584708936,0.7827165868295534,0.9020649467918375,0.5848594088997164,4358.00474738509,4138.568563224631
4.370656460587851,31.166617453180674,0.8314723541331869,0.9268253349818267,0.6577493600215747,1118.575247534921,1071.2845707749902
1.8211573227367612,81.07494811572215,0.31222807126884194,0.5258819083244555,0.15668977707060877,1093.6593464410203,1020.0866713805577
1.8763005454178532,111.06769777752052,0.8231624521519114,0.9227324362831522,0.644690034178137,2127.142487435589,2034.0560270188132
5.798957010602799,49.14614119379847,0.3565302037891458,0.5763480644977402,0.18411515713734267,1657.7409297311897,1541.3773235921794
4.012141264296239,138.45839925016855,0.5418704107644022,0.7474634572778339,0.32095643709926186,3949.601654137671,3665.987695887855
2.403673086902357,199.5948900218361,0.14040597666582572,0.28105754947473544,0.06388687177130895,2770.3962296588684,2650.30427576464
4.441161827190058,101.31310567665989,0.13510487069499488,0.27199233283559027,0.061308048859901376,2236.0479411869483,2141.6798419297556
1.4494625595259385,83.85114021143828,0.6762985701857623,0.8411068566533284,0.4519337329610465,1270.0320815671446,1189.6629579096107
5.073799813400791,92.126750030204,0.45558398238223285,0.6749303328099561,0.25221432329130783,2997.4313435667978,2778.480398846581
2.8829538310456835,40.72631211113621,0.305033900295374,0.5172658782166791,0.1523908163439707,751.5146231577606,701.3951435486475
6.582913704460317,178.9892482567203,0.2523307968199282,0.4502223202907872,0.12210271528463279,6157.908389407419,5779.522466766151
3.1725337124650164,94.66861799384336,0.6359627926873744,0.8151668312076628,0.40898299629688256,2386.00231441827,2226.8537970596867
4.186541043572609,89.70939405647144,0.1003212352202719,0.20979172477343092,0.04473897998311279,1821.0151472660734,1759.2976884759953
1.0813437793567044,138.74424912748538,0.7447129353574834,0.8814491188685136,0.5336976656495955,1852.465700494386,1749.3544880647753
1.507128214561912,99.56601576760224,0.16339968490394308,0.3191837631320669,0.07524572700126934,1041.5078589073378,991.5387921303817
3.747454894846794,136.6820243854123,0.2531916919264956,0.45137587944239593,0.12258125881425073,2946.318064660047,2764.979229695652
4.3595718430198644,31.06033222354175,0.4089891162392717,0.6308189054107498,0.21891109214929955,860.9706571325574,798.7200742950727
5.200143836835126,166.47020187000095,0.48788699177288286,0.7033914423089729,0.2767934507637742,5659.554014397607,5246.5641614061515
3.0416380509651226,189.29071151829245,0.38399609265115353,0.6055401947255246,0.2019992496262863,3880.17197269628,3602.8464533934985
5.864873202885798,136.77776950868946,0.35656973198743513,0.5763911866431128,0.1841403919732717,4658.509182535785,4331.499502452108
7.020856780324432,191.82186719458593,0.8711328096585508,0.9456797549524534,0.7241252095906484,10451.565166419814,10090.63224267483
6.458956922253448,47.25781658659339,0.6132637449947154,0.7997978508044017,0.3862916614616706,2100.1526546364553,1956.722999447759
1.2773317774385,105.93491410646367,0.11874636429391057,0.2433397009315939,0.05344098723031416,962.3927720603145,925.3672130870845
4.363548630804803,128.3252121101805,0.4441407267554506,0.6644433199472627,0.24380951263299822,3655.866362273145,3389.1413810507197
1.734511248927224,124.7125965358136,0.8000069597951762,0.911054933278119,0.6097095466729835,2247.159614502031,2140.062130663713
2.6943151110376924,92.26312023602779,0.34116494912853434,0.5593347065262831,0.17441183695246776,1669.8278008352775,1554.1011149970127
7.906638152870025,80.85519368592705,0.1756450758195106,0.3387253998629433,0.08141370581378661,3040.855512554063,2888.109509447631
1.9974688003105925,42.828324059075385,0.7067078172719342,0.8595783367890251,0.48677902907622955,807.2669679427302,758.6797490904135
4.492217074159493,90.51364110121007,0.5848110655488651,0.7796951330136039,0.35921328511928213,2909.634934556095,2706.0608489373317
5.327090140226834,49.27894671898733,0.5562500062612031,0.7585214028982187,0.3334377960062751,1791.5073815611422,1663.8059437948252
5.917254793808728,152.1858217685993,0.14286124768592634,0.28522057068982865,0.06508626602653282,4303.516598682394,4114.727675945074
4.9175407844083985,57.5895683890262,0.21239920783641386,0.3944016757298635,0.10045307453328305,1490.3904778047724,1406.6408409625792
1.0683959319342855,30.54175495121609,0.5980395169704911,0.7891606676637596,0.37162135544100366,372.84512258066445,347.03167435520504
3.2852291577079433,119.42590480710217,0.26625907316706865,0.4686391853930726,0.129908923288559,2351.0609861737944,2202.921090109688
4.6239815036929794,127.14135188949228,0.5032560637987394,0.7163671373651594,0.28895530784925305,3963.4778073247994,3675.046839874577
1.6150654940138334,176.944351030491,0.5359053488235148,0.7427952393399593,0.3158715938725806,2622.9580047114223,2434.104882249083
3.454388518464265,123.85669023518274,0.32680575221675157,0.5429710239616734,0.16552990016224794,2670.6932476477496,2488.1363152657555
1.232421761539566,82.18655367022023,0.8587401244331944,0.9399062688761665,0.7026304618534336,1240.1902597901233,1194.2094013575324
1.5500494800851452,164.54213867473769,0.7739712854684602,0.8974269627966486,0.5726787445224863,2731.028378696707,2589.978940890414
3.7784629334111726,117.25020077373578,0.6778988061062388,0.8421014453920287,0.4537121173139568,3467.597686966623,3248.689533818423
1.9290102783014225,34.270451233614516,0.16239509312752728,0.3175575584410242,0.07474344705045562,418.3948513769278,398.4012667552035
4.972785937830907,121.8531008563844,0.18490401544721558,0.353163629862228,0.08613427932343234,3100.831517728833,2940.0738906754677
5.82625478396086,183.44333817589924,0.4942250766919646,0.7087853707805639,0.2817710258144858,6897.2654306551285,6394.437868542603
6.60410689376358,91.3362725896797,0.22857067935278855,0.41756591073804894,0.10909434070978097,3083.4901566013436,2903.214141103233
2.4010517097136708,73.33864434196401,0.8826123708235792,0.9509353020882731,0.7446925480121106,1701.9274190288465,1647.3386186337602
2.172378075813488,45.82450226324361,0.22681618722192756,0.41509033355343056,0.10814868007797677,644.3615077931308,606.8414960637948
1.7319748823408019,47.26019394836432,0.4899742683711792,0.705174498055272,0.2784268825046724,709.0213831563599,657.2974343507457
5.455011746805457,97.89886718152741,0.3912968454732043,0.6130473952700101,0.20687459946751474,3223.5973482861195,2992.3133530522973
5.945330085408308,127.22236834907531,0.6115091371632784,0.7985856223539329,0.3845790061241285,5258.805483784977,4899.059161779698
1.2211030137794943,34.51077293052832,0.20322912711153995,0.380913583550948,0.09562637801175974,332.34284936654825,314.12625152511845
7.553485723705829,189.12234602452983,0.4442531424339128,0.6645474076003977,0.24389134097957837,8593.071337385985,7966.127399881446
1.3637989855603068,155.92405114013528,0.3197640262457149,0.5347771894470381,0.1612378400834126,1773.6429898491165,1653.3056034733593
4.789074347107493,125.59230529105928,0.8102012197373505,0.9162461258678058,0.6248612707407702,4813.232428329303,4591.895570949831
5.963423636156415,169.11896076901834,0.13246856970775608,0.2674445439066658,0.06003099690570103,4764.094611639124,4565.802660016726
7.096783866222599,34.43361622618039,0.8309819952051675,0.926585223036824,0.6569710199814144,1862.7358158740626,1783.8183466388089
5.998608524926994,105.83099799196239,0.7663953108424003,0.8933586100936092,0.5623289007776044,4803.103033809366,4549.822490966198
6.612096581488543,133.4167628350994,0.33805657315265236,0.5558310517632495,0.17247413881910084,4962.567208716859,4619.609565109854
3.3761513477996425,169.15752310129207,0.7314325237416838,0.8739542437562298,0.5168492497233033,4716.369017429746,4445.98418084173
6.703775796225585,161.02452080886817,0.12497084827099805,0.25436474722397406,0.056418473637469345,4980.233689250277,4781.384015004175
1.5608039246927259,69.87246494841193,0.873492440234715,0.9467672333322653,0.7283002241414838,1216.597279022919,1175.1882790399059
7.263716592423694,189.35843052065678,0.5212759540718315,0.7311396894998657,0.30362348034323144,8782.495608635001,8146.606072182413
4.833146633076153,42.38225145755666,0.34262482085235624,0.5609729539789408,0.1753247910725587,1212.6078278762034,1128.4593827099693
6.721084389737456,177.52405135180737,0.39006657007574164,0.6117895529795421,0.20604935373168373,6985.239381812405,6484.37842844345
4.1662279916281015,194.76924492883134,0.1531242827683979,0.3023818303513603,0.07013439423296809,4155.836173670747,3964.7714702111257
5.505043866375675,51.8876341800726,0.8914796112336314,0.9549352281731905,0.7610321005026552,2310.7938702643155,2241.230635818455
4.684818626552793,149.97189155668136,0.13143355612055396,0.2656518350176989,0.05953060345871724,3445.371651491931,3302.760788326488
6.121126652287323,27.251393380039723,0.6239256985182873,0.8070886124625536,0.3968246614728289,1163.751821815283,1085.1109275538247
1.571409874214127,92.97610852504789,0.4541887421651667,0.6736633229823555,0.25118134919881174,1279.3805738306091,1185.9363004405568
1.4224645879339466,112.93099385558132,0.859132974550972,0.9400909053060328,0.7033009237161046,1849.4862127143474,1781.0610899843143
2.729722638071025,124.51614066373413,0.2967997922454362,0.5072525325719217,0.14752077499313687,2191.4189002346175,2046.8107159231156
2.1168127607923184,188.46870468474071,0.5256694591504091,0.7346713215824601,0.30726914545580686,3306.823170764932,3067.763906071016
7.102484966145412,141.00512371295503,0.4858849668662024,0.7016749796460799,0.27523204163442955,6255.741149952088,5799.1318665685485
2.5344979115063104,106.63003121946267,0.662293155240081,0.8322917816391511,0.4366184968759568,2311.926197701919,2162.679200256444
7.8310567907339195,165.74150652786008,0.15440818556193642,0.30450177893437086,0.0707698962767159,6052.877710960553,5773.047229960001
3.358270542397748,191.0959077717936,0.2550313040186839,0.4538340817048261,0.12360556781454393,3787.848336235933,3553.908748379763
2.274825409820895,23.971906762812353,0.2716518560742799,0.47563110893318966,0.13296852408596754,362.37756877362386,339.33773650242455
6.527889549997354,196.85382900608695,0.6905206038733518,0.8498573919711445,0.46795039953854106,9236.4399065123,8664.789208653281
5.610954428506133,35.503785031462456,0.25131095706139206,0.448853151803976,0.12153648491255951,1063.9204273706698,998.6728765480001
4.487370015171972,166.58962026837705,0.5587934111127814,0.7604490275663002,0.33567910886571634,5261.273588609324,4886.781716384897
4.8875448565634185,70.46025545925426,0.27219505640076297,0.47633116698807926,0.13327787914599418,1915.833888433511,1793.917958920851
6.034412447905847,43.792338395696916,0.7892999600671827,0.9055157811197273,0.5941986533740125,2019.7789619311238,1920.1065875998395
2.599183189319091,99.17401514849028,0.8537483635917108,0.9375508630985634,0.6941720270619949,2407.8418603363193,2316.1816352408255
7.974337412397194,135.91218430057043,0.5147943799537924,0.7258798535624111,0.29829536553443237,6815.291745342194,6320.821228658246
7.823552135027482,88.5713321042255,0.3818471073673426,0.60331066933802,0.2005741276276325,3956.95332205994,3674.4802937919294
5.552279804428558,29.82177349088581,0.28724622001399935,0.49542705230117906,0.14193626676514032,914.4244219589987,854.8765921763127
2.396797156504016,127.90300513856899,0.13982480121843502,0.28006885258580394,0.0636034323135984,1770.6842905309245,1694.147849581931
5.761597697019039,182.43258969992144,0.3148000609579963,0.5289326664922284,0.15823680837504175,5911.110425997251,5512.274830622556
1.505388862854231,88.9787658705053,0.6233886239562543,0.8067244253279044,0.396288843076172,1336.4205371505614,1246.0614156093327
1.2145675154406423,58.93989997354887,0.5268935450473687,0.735650470167028,0.308289828702709,735.3959864100406,682.2561583266383
2.8037802195784955,99.66392226790677,0.855233022624742,0.9382532219720617,0.696676034598192,2558.8444583030687,2462.1858780043426
4.238360697175214,28.705287988780555,0.41702180999336047,0.6386960529407048,0.22448270386104896,782.5130766836758,725.7773489476704
7.077907537858664,167.68776520644946,0.6550906738627156,0.827680130107221,0.42891235225338364,8274.794162416627,7735.490248948067
6.090183488364156,168.7413459710336,0.49145819798009716,0.7064381274514558,0.2795916091835975,6576.919084232073,6097.230909321166
6.198945648399867,125.84008341733312,0.5100609727393693,0.7220007458334962,0.29444155248329745,5045.336852194103,4678.792584076163
3.9784533411365275,83.55852000891011,0.314219451683294,0.528245328445081,0.15788710753497834,1992.4545746118856,1858.108648210347
3.4215449478287403,163.961005600241,0.46396062147359973,0.6824702182536322,0.25846479096666675,3907.3390514705584,3621.8200264750885
3.597271340892219,119.84366446190609,0.47662799761016583,0.6936582090982751,0.26807911572076065,2996.8464136036305,2777.9220787886725
7.913546946152405,168.66781553900293,0.6653140173991472,0.8342100289780439,0.43988454593616494,9238.537831806301,8644.607546790816
1.2807643398873774,133.66258266494373,0.8525119993488911,0.9369647930045655,0.69209429585756,2055.395922805328,1976.65325583264
7.06922047285714,161.1929851783035,0.3634570219860035,0.5838550109944031,0.18855900119082536,6489.385646046812,6031.535956049077
5.050727860006754,127.7413387791968,0.13376037486503878,0.26967629462083387,0.06065631302225648,3130.9232610904082,2999.713247647103
4.070307934327133,94.54539227881992,0.4970361004005118,0.7111583011371755,0.28399556442253765,2645.6178380100127,2452.8427832485468
6.076803622905955,192.43025478670475,0.5355690657193349,0.742530628536618,0.3155865206290258,7717.6342976105825,7161.884339084258
4.40668258997292,117.40048847819206,0.2347524409055322,0.42621690453059374,0.11244236466115386,2834.153748366312,2666.1435793260057
7.113962666571624,128.9161133372969,0.7083716850208533,0.860563459005572,0.4887518754090388,6583.571255369839,6188.5255649947585
7.304913048078809,59.68777509465487,0.8879432867531933,0.9533461929201524,0.7544673286060775,3389.1651327622735,3284.4490330996136
3.952046488114188,132.61714209690976,0.8566197736067688,0.9389078769604853,0.6990238454796618,4435.279325538821,4268.960243926591
2.937794580645361,122.8893769069299,0.25768483105892176,0.4573636641190901,0.1250872376836846,2206.125232460325,2069.205229433684
5.146452300153536,53.27091163046449,0.8002905919206086,0.91120044945666,0.6101259767851205,2157.820447639734,2055.0793927947925
7.386543419316837,30.72567752356587,0.6635949091293478,0.833119545506598,0.4380234245899312,1581.8903073237461,1479.952079215207
2.4746353230396663,128.7846775486588,0.4630772510455293,0.6816804603233464,0.2578016620839962,2410.2391956787396,2234.120035375425
5.3607660849443795,157.4646084830577,0.5324887954597832,0.7400996667790241,0.31298312992048294,5664.522349724343,5256.094028106652
5.420921540647644,114.21224676596148,0.7796801399859665,0.900461615144063,0.5806013623082079,4786.348271784202,4543.168291868444
6.131791156906967,60.819072557536224,0.48410795171069854,0.7001462957808254,0.27385045044800804,2371.9969222322793,2198.8289077378768
1.9209737958908186,139.97395580474628,0.39856589528410147,0.6204202879635435,0.21178141160317313,2097.555882721459,1946.544101628333
6.01077475277462,34.4190307897284,0.49459799442078867,0.709100850326574,0.28206553695401876,1329.448079766959,1232.534250106922
7.363227644659487,99.53006686435182,0.5633038432280393,0.7638468908344849,0.33967923367266295,4804.943396513385,4463.840667527771
2.257781762091694,49.406016511715634,0.2512621230226791,0.4487875187901453,0.1215093895926817,729.5465361349956,684.8094850724289
2.6628032744671435,53.20262919077901,0.8207261842135926,0.9215228305925349,0.6409133637854603,1296.148005552096,1238.8743544119084
7.799765658291477,56.412910848476656,0.6393495590636911,0.8174110453583676,0.4124563209986552,3004.6217014448853,2804.9858306335414
2.2668386689664284,89.60727026791602,0.6066151338699911,0.7951856719746465,0.37983242159903224,1736.9600075971196,1617.6002119080852
6.980695653587054,29.207037011671574,0.17959698094451051,0.3449229519299417,0.08342247260546629,988.0231930661084,937.7043359870779
4.4459449951362435,91.60281936723767,0.5833391505380735,0.7786288200607852,0.3578515506159767,2917.1046444557605,2712.7844109269945
2.730617520822239,112.10734048064616,0.19676852979079387,0.37125303771351287,0.09225686782521575,1802.246759782522,1705.2885588910601
7.095249308907579,106.99297129393854,0.16295814015631926,0.31846943846559256,0.07502489268212159,3612.1995383837084,3439.197958356848
4.117136785018658,88.9011380725473,0.5218487165139146,0.7316016294854029,0.304097180920187,2554.2445585350024,2369.3424196701967
4.603721477507831,171.04638945273544,0.422228427237196,0.643739551848318,0.22813072037351326,5007.851125396857,4644.187721816694
3.51463358579836,46.15880463569074,0.5710482161249786,0.7696203552126543,0.34662436960726833,1208.9863570358962,1123.5780166542836
5.150655960044492,111.02541388064732,0.17137773444579088,0.3319738618732373,0.07925464053887661,2871.527793518404,2729.496587627213
2.1446671080951596,31.167455052179776,0.4447864502778067,0.6650409160611668,0.24427973803351644,520.8477395412509,482.8442591902744
3.737570756562325,32.80802219802375,0.2398293720361264,0.43323949814546153,0.1152109697701558,697.2317544154065,655.44720667511
7.785886256347013,123.29585294187734,0.8896800687392933,0.9541276276486963,0.7576833497378882,7411.2137195390505,7185.106640855622
2.806934028907893,121.88331647980777,0.5489201699481395,0.7529189205294903,0.3270355496196931,2653.198846444913,2463.3322577921617
5.597156651789046,178.04603231200224,0.6499494887526939,0.8243551208199927,0.4234802285740296,7153.908761416196,6684.603010516522
3.276330449572864,120.41726161881317,0.3603346245460862,0.5804834371558654,0.18655041704136333,2562.6404434768756,2382.2441285988607
6.414311879806204,192.76238367287303,0.17579113182347533,0.3389553873633034,0.08148778689446759,6035.716543299288,5732.377759181858
1.9161156250284488,28.765072711987358,0.8806966902268293,0.9500643690587317,0.7412150683853339,571.9350829027337,553.3516270731686
7.788747315549813,37.64138326053339,0.3290072283065466,0.5455096159865271,0.16688024114733202,1604.3902030685072,1494.4755977813309
4.176526789685475,27.93185508266865,0.43904654813885935,0.6597040416610718,0.24011655910977475,765.0911776903463,709.3165637657919
2.6523532434252477,53.349833060037206,0.61989113736206,0.8043448709703935,0.39281322842111444,1165.6407607642548,1086.5477871889173
1.5144772313100887,117.42861996950205,0.11975783814888903,0.24514166121322736,0.05392350894280142,1179.1237366618452,1133.4775398900179
2.1883053356127853,136.20299265693706,0.7482073044138295,0.8833955809714217,0.5382158266026678,2790.667030573192,2636.6023969336816
4.638417639892124,28.20532843076038,0.5292625520228963,0.7375395270644938,0.3102713664579475,897.4501988313745,832.6585630313879
3.359022235019004,190.27476017220786,0.3225737496550577,0.5380601722130933,0.16294547739034757,4000.7552501681657,3728.488979506569
6.802183561178266,171.5897677970686,0.14928638823397541,0.2960093160461356,0.06824003448149367,5508.247842251914,5259.2751058419535
4.016212665632642,73.39024678827676,0.22999873237955315,0.4195742387433687,0.10986553744322664,1636.5814764444992,1540.5863449069063
2.7409999081134093,33.89375544076423,0.8160270870827495,0.9191772283180852,0.6336941607003451,841.6053871121917,803.7340436404656
5.32001490622821,50.57967317943031,0.6488193791487128,0.8236204928045655,0.42229371328021365,1945.632778658728,1817.8173221169668
5.947440518198121,42.84999447589508,0.29992137730951185,0.5110679129619154,0.14936076978072058,1408.5368889914316,1315.2076423249534
2.169293355306649,42.19108027381043,0.15248061195602364,0.30131678442504073,0.06981612811925715,551.9119804112146,526.6089741482738
2.1733345140182236,113.34110395983211,0.6524922499093091,0.8260031043070893,0.42615982013498643,2193.830095316621,2050.3719121590475
1.256699988534801,64.25253964881205,0.5579261807742121,0.7597927040547621,0.33491372843941947,834.056901720971,774.6601658265366
6.154814105459484,84.465148975246,0.423615619566588,0.645075115877486,0.2291075804414738,3160.7877071377266,2931.166357331769
5.646631693352636,198.11096000917803,0.39088915935205104,0.6126308965620466,0.20660096482159085,6714.860361029695,6233.186373449601
4.322416130248698,143.17656480656206,0.27345142074328666,0.4779473866482048,0.13399420960574676,3523.244297814719,3298.582864526904
6.90919314278438,190.81652006846025,0.6356890052300141,0.8149848625193474,0.4087032303455734,9114.69623189233,8506.549742350036
6.639691070650372,45.6601799059608,0.8765344222350965,0.9481636684844551,0.7337223865898497,2374.6110000420517,2295.3238933830753
5.097480550777265,88.78510546986247,0.2405721966694607,0.43426084528999837,0.11561750264555314,2430.11304879036,2284.251496945227
7.07789896359281,119.85172459082376,0.5776932960124027,0.7745140555193728,0.352662689383368,5640.860167704781,5244.1545028688015
2.4408884702573777,33.81645113997284,0.439348044596781,0.6599857635076339,0.24033430345859239,615.8451720369783,570.9481380190604
1.7834373357840951,20.753739853032414,0.45735097739573194,0.6765303408310885,0.25352583727057,309.84511219876305,287.2095584476085
2.8882472806189274,140.67818008344517,0.3033178241022515,0.515192462400764,0.15137144850903336,2595.622534610186,2422.8885577047135
1.3996079926252039,135.52751302425835,0.7601079005291352,0.8899460727172023,0.5538779897009706,2102.414421567941,1989.7062279778183
4.7181866960072245,93.94198579993012,0.48820448331779287,0.7036630864452942,0.27704154378520274,2946.1844591135387,2731.204057851499
7.556239846064731,108.13593368576588,0.5347246817586113,0.741865528687481,0.3148714625955575,5240.581968002279,4863.070533988474
1.2754047846795675,94.77974010657613,0.3438087302378606,0.5622981249662462,0.17606653555003934,1058.8437698799075,985.2893115770847
1.8547693980701876,24.320908072079995,0.24544677253355981,0.4409245340436079,0.11829451349041148,313.05044605277936,294.0717370330366
4.165393197984047,80.36688911914324,0.1687283105622564,0.3277507984892883,0.07791935993367893,1741.1068159309705,1655.8349282821337
7.537125122695334,51.874805971512174,0.6712953127399327,0.8379806273213587,0.44641155057015863,2730.6863022997995,2556.613058795033
3.2130927348372538,37.71635403824637,0.2569874253502845,0.45643786164088684,0.12469734365690137,723.971592047616,679.0966486886291
4.550643660818747,192.20967810008295,0.6520602833510382,0.8257236244646154,0.4257036370986009,6505.921366425892,6080.25530000418
1.2910100133527447,127.88475050758981,0.4123011568375631,0.6340810552508456,0.22120014768267074,1519.170417649268,1409.1980518031
2.038402406734622,151.1581311625885,0.4326198407917212,0.6536617023046518,0.23549943301591716,2418.5556964921675,2242.4659119717253
7.906410860711929,76.76547378790116,0.4753419968742174,0.6925339658098647,0.26709399154515717,3715.4896675748646,3444.0471051845107
7.755830875052319,90.76648330892273,0.3941668065020346,0.6159703788079485,0.20880557225079951,4063.1921816601607,3771.2606346217335
1.0345798665408674,62.646318901410226,0.18049598177807208,0.34632549323021233,0.08388069545340487,540.7381717397868,513.1142776526639
7.662682497962673,37.45382077377646,0.34770544800227665,0.5666384325370751,0.17851661334215863,1598.082110074617,1486.697589040874
5.473839564708502,52.225694739485085,0.6309874885551507,0.8118472598141727,0.4039226192755421,2036.1903020239822,1899.6223171188417
7.075428061640155,163.55252815336746,0.6326275211750968,0.8129445079243235,0.4055852013986188,7961.998369754,7428.944039669637
4.183178989437014,141.95824493307964,0.3289794457919955,0.5454776470202873,0.16686317448293467,3568.3231585652575,3323.868989114465
4.6091722000547515,118.44719767738584,0.46808210124615035,0.6861383627526658,0.26157124290839356,3591.6319377584823,3329.178170924416
4.421926061798441,105.51617711601826,0.25475778240955,0.45346916976163976,0.1234531196973938,2601.3137214808817,2440.737133139102
5.668049802822731,186.0381710581024,0.26829766522386866,0.4712912666476173,0.1310630479608349,5709.255748761882,5348.273859957066
1.9775587832941903,33.09229060016031,0.11843767072528594,0.24278894861120648,0.05329382681595086,392.94922454623537,377.8603490936249
1.2098151291087458,70.50814638282488,0.8173972399261957,0.9198628614002525,0.6357903081085458,1034.8125088326724,988.4903268958856
3.1555095911383364,82.98881364272853,0.26856533205992494,0.471638671762731,0.13121480699890362,1587.5437510016832,1487.1223030855206
5.932765339156527,160.83664619830182,0.28202710154917066,0.488870720147631,0.1389147796046439,5194.35628091767,4858.685275272242
2.4129741648606386,198.65263162915485,0.32368114611610543,0.5393491359965974,0.16362030595429491,3273.436174808385,3050.4048138907483
5.714027033274421,63.32069265628755,0.2019264573563432,0.3789762972303013,0.09494492603632552,1841.0093240936728,1740.469992728193
7.789384322750893,177.3753201446745,0.6114103065450902,0.7985172366929365,0.38448271055525485,9278.034322386891,8643.280165680599
1.6573050105259286,169.51209687772243,0.16011436254206926,0.31385241713984524,0.07360519114460423,1873.3184341590727,1784.6193507432438
5.708214827575884,60.43833157551799,0.20736194106108022,0.3870246715169049,0.09779523957018606,1764.7268160471997,1666.8845980018907
4.106251535131998,91.87986443586006,0.6158053812720743,0.8015475677342148,0.38878282930502084,2799.614854289198,2608.882689571153
7.076995780642537,93.74111647265345,0.37172849638515426,0.5926900011918051,0.19392359939741477,3802.755651646304,3532.9505322448827
2.2400485261317016,196.0797203347805,0.6663582613609512,0.834870946321088,0.4410182687632765,3906.2900780119758,3655.5255138931325
5.848381665583152,52.5605422482017,0.5459397957361136,0.7506206400134126,0.32445623247997823,2054.1765841198676,1906.957006428426
6.866807027536772,163.84843479886078,0.30481693844921043,0.5170041273155869,0.15226180986328766,6124.352270671592,5716.021521042995
7.6122995363181625,80.15468855115978,0.6206623603914625,0.8048707654954751,0.39357759545266546,4131.528638876464,3851.4068230508956
5.7827361980275205,151.55666223970886,0.19301894423430455,0.36558538895636244,0.0903128596818337,4413.935372306807,4179.141505099752
4.480223348058991,95.60198077321931,0.5291283064640243,0.7374326870127671,0.31015885918471114,2956.2934647817756,2742.8520681060922
5.324930681408497,124.1047573609772,0.44971848403602777,0.6695822355883941,0.2478871868241718,4186.66370572458,3881.001294354323
7.082334891351028,169.8701191987036,0.31429886625395265,0.528339387552564,0.15793492274025742,6576.371964679018,6132.904231266682
4.994268226471808,164.74980169709914,0.5832039981916001,0.7785307775214474,0.3577267019469584,5774.223587496579,5369.7442980637625
1.212709417877858,175.95617303714602,0.7970668738722261,0.9095428517489116,0.6054099124651564,2562.019453732274,2438.7098859157386
7.516640868548844,30.731118562038624,0.8991237598104614,0.9583424370800429,0.7754474229636772,1796.8704626738704,1745.9243513331778
5.826687257220928,144.56909954715405,0.5862102149947396,0.7807062796235149,0.36051116678364364,5781.603811129327,5377.517228727048
5.735593700440726,45.19772780991732,0.42376469946333617,0.6452184439164187,0.22921268646100423,1592.4328814252303,1476.742865949856
2.50972606678402,94.84734224331397,0.2801656801729613,0.48651571361202806,0.13784209651512278,1548.2082620495312,1448.4412165308815
5.612198291628601,118.74591470984393,0.3056768715160894,0.5180409227731142,0.15277334928608186,3733.394527592444,3484.211162699625
3.7570508395791093,92.49310725442953,0.4835639825198126,0.6996773753448386,0.2734283367150135,2405.2173042948716,2229.6138721951847
5.558630839290444,113.53010164454135,0.39382216102456746,0.6156201980838641,0.20857325259765555,3805.8473185017615,3532.450619785462
1.746151212155935,199.37473558375146,0.8310516180999554,0.9266193256646645,0.6570814718377668,3658.1687456652808,3503.2312932955283
5.604917132221252,44.33911646831385,0.39463637412456765,0.6164471234953962,0.20912229128394774,1497.8168344219255,1390.1778608131208
7.995896080394666,141.5820881605566,0.3987556729163484,0.6206114337107657,0.21191022958395475,6535.151997539633,6064.619352011726
1.3374842720238922,91.28017394941074,0.4068276099471816,0.6286790906014763,0.21742337907218123,1101.6706656655085,1022.0824901619147
7.840219289549221,43.941763803319176,0.7692961682941265,0.8949219814529238,0.566270073863704,2522.633892858852,2390.647512681489
3.8483557250600944,48.572617407375716,0.6206306566775215,0.8048491600661224,0.3935461509730242,1409.419639229642,1313.8565067080233
7.095274152360814,190.86915912421105,0.5913350802551142,0.7843896622263431,0.3652941884991761,9081.105124044132,8448.930228966648
6.476698388407915,178.32826940811717,0.36731441790708974,0.5879925480748556,0.19105283355296523,6672.796351848987,6200.743560299337
4.969113826906675,183.26755287470394,0.7543233414659516,0.8867771102694234,0.5462113325045218,7051.703149616919,6668.121974573163
6.1691444647592855,198.47589964892958,0.13069108908456092,0.26436330880669706,0.05917198463106372,5745.89324640184,5509.012039788615
7.149608929109435,57.49677020153323,0.7966377378704905,0.9093215844654999,0.6047849197820149,3082.813842596663,2934.2280569218824
3.828982251557231,83.9790807255311,0.5101999198351437,0.7221150752499356,0.2945542364329572,2258.76386525318,2094.6705395133636
3.289232130942671,140.45942538647603,0.4186001878907303,0.6402301169812237,0.22558552567916904,3138.9843564471635,2911.280904839086
5.673153698945093,107.08445717491651,0.4977338245741486,0.7117454585195151,0.28454934278311184,3945.6903578360375,3658.222530964295
6.65492159358881,95.31011600810004,0.6339324244270649,0.8138154285684251,0.40691189730826455,4401.676913641768,4107.411435668968
6.33599594343631,84.40602488040675,0.11021234121431789,0.22797322654271882,0.04938995336971236,2448.4908262192575,2359.3593202177385
6.584695542010442,126.8805137498214,0.7972414851665982,0.9096328421207824,0.6056644036548492,6333.179054740251,6028.540342208885
4.049083203690531,123.60681715521476,0.4573916202491143,0.6765670825973278,0.25355604719068037,3347.609098620695,3103.0508937999366
6.7248395132251515,49.06241013156321,0.37437321576006255,0.5954856596458646,0.19565242851196396,1907.552862333705,1771.9848117203544
1.841463387594259,104.91317075331904,0.21059645250724568,0.39177052885142977,0.09950005945222583,1301.5236739158638,1228.7332467841275
4.811423685725947,119.62491971777298,0.4515722994867537,0.671278683632124,0.24925043380511927,3712.985442650379,3441.8551199870703
1.0403106234868509,122.65164897165029,0.4970582170275031,0.7111769241221461,0.2840131082719504,1381.111823666514,1280.4764261930056
3.272100809301892,57.819294724223326,0.4229173555947823,0.6444032673549592,0.2286156030062532,1291.2282247778921,1197.4427241101644
3.565230744099785,153.60885060541162,0.6429280750615176,0.8197688227369064,0.4161518348299391,4253.434026078094,3972.0072189055295
3.773208841264788,24.535837067792535,0.4367172230073808,0.6575222454065555,0.23843775203604053,618.6262281303356,573.5479318443547
5.868270446829035,83.86973399776929,0.8691340622772586,0.9447556571986729,0.7206096207501875,3909.9633270978875,3773.3037395992137
3.7199067088924203,160.43827673641402,0.5794220142588735,0.7757781419778516,0.3542457196134766,4416.976148892085,4106.721635495641
4.140855358357714,121.50072578997242,0.7459823485215272,0.8821574392748871,0.5353348298777956,4009.460092258571,3786.9460349747515
2.662808916120292,67.00923785195485,0.18748472248758308,0.3571372912118202,0.08745892827895171,1048.3149899530254,993.5100460588422
3.6127625414053806,145.09156148174858,0.4178330343567246,0.6394850617590337,0.22504917888658066,3485.035335089696,3232.289593719943
2.5908873908420604,122.1303699480932,0.36947816115772214,0.5903001346990917,0.19245777446166323,2198.6663625981937,2042.9004776238764
1.5123714663791055,163.3238497021497,0.5555859105092734,0.758016706309978,0.3328542666078075,2356.6594413288135,2188.6110426631512
5.224140153669645,152.3045335141682,0.7888908160491405,0.9053023243926466,0.5936139074466723,6214.217187419644,5907.164465645766
5.677489589885114,129.81942596652223,0.16267057420960535,0.3180038513130084,0.07488112752846993,3614.2340453733545,3441.3329373728607
5.336432422067301,107.87198155594652,0.15805983843576865,0.310499036700276,0.07258228277732431,2836.885650129502,2703.694041376067
4.244458306604006,43.97278262015421,0.7802541665260792,0.9007652875742713,0.581403958999618,1505.560450483809,1429.196195173813
3.658500461254609,67.03994321936908,0.27028006883068595,0.4738597709566273,0.13218824128938447,1439.8673366945616,1348.5271740701323
7.043335547002776,95.43790512507535,0.6350026035598509,0.8145282961315379,0.40800250716829595,4634.183363142848,4324.744631724839
4.633572495953526,127.87387166114996,0.5343025058886441,0.7415326262051498,0.31451434427986763,4079.1396149072057,3785.2419717160797
4.3542731434081166,112.46741393875487,0.7663148759097836,0.8933151615996698,0.5622200019124175,3904.877422927119,3698.918408815152
1.1794944606450497,71.8732146727153,0.20007112786912284,0.3762078998041445,0.09397615728884029,677.1516473401342,640.3678876484573
3.3887347933830947,21.163584402147897,0.20382637257808903,0.38180000839708156,0.09593915658369616,402.9367668766687,380.8136589731135
3.6613693315009996,109.32305994214651,0.5454546882226461,0.7502454374081982,0.3240376970613841,2907.2004811984953,2698.796462823533
3.7917594662783034,71.41267794120375,0.8571029226866967,0.9391356474057083,0.6998438676437382,2311.4924368467678,2225.0358761028915
5.061206584591326,152.22949412789632,0.4319982066966034,0.6530734603917762,0.2350552814223888,4856.615539285239,4503.063892179779
4.7352178270881495,24.31032774868703,0.361553680203756,0.5818021748269698,0.18733354805796423,694.5404951242505,645.6050028974895
5.255335649554112,125.26900603504235,0.5853514585583087,0.7800859506771974,0.3597141642947448,4587.966225487557,4267.097013162745
6.3541828307948975,189.46536275109176,0.8443588804360249,0.9330730916879826,0.6785611153351558,9362.60515413662,8989.184339747988
6.690900171012654,51.393668080069915,0.769542266275699,0.8950542918960384,0.5666056667431764,2567.158243598759,2432.932569527492
6.0268615335854605,104.89690833510717,0.8963868885865759,0.9571268615514513,0.7702504665230621,5055.44509365397,4908.9121385092385
7.688665871684543,36.455958527084874,0.11805486656190167,0.2421054464918243,0.05311140208483175,1262.6997895034303,1214.328378363545
1.1276280787345314,132.62274420704347,0.1902865157702098,0.36142670977535624,0.08890150610641662,1208.437320217304,1144.6977133226767
2.370445899784823,119.09570250732061,0.5875742106932976,0.7816897276475143,0.3617797049546304,2353.5424607340424,2189.220315852775
1.052940124846995,93.32579435830982,0.7564611514670798,0.8879515684274879,0.5490327603355089,1236.3478934699704,1169.452821153487
5.532322999082221,113.84786386527341,0.32819547384541325,0.5445748259973617,0.16638185261610036,3604.2493862860397,3357.529330982447
7.286213842649908,181.38343852442182,0.291368870427375,0.5005577705998984,0.1443375627169402,7058.849013282809,6596.480129973885
2.704376076034095,55.33297441599207,0.7295806395049608,0.8728967242984311,0.514539555871629,1304.6811546323074,1229.5914136796484
7.4892418135741465,24.061612106962503,0.14510548308258528,0.28900621839256385,0.06618535166686222,836.9235099885426,799.8155970053206
1.421871732026926,175.09967924583816,0.39550611806606806,0.6173290518986704,0.2097095098462094,2170.3840426850743,2014.3477543457554
7.5410521876386,123.88107482982316,0.5046473780738638,0.7175244687921961,0.29007186933059537,5870.617685281581,5443.53670090566
3.461358810677441,180.31852198313163,0.5482789394802587,0.7524254382561453,0.3264794500120297,4598.0411542908305,4268.891558409168
1.7099457991445157,127.45014021437106,0.6828921254342215,0.8451885442356515,0.45929975573882525,2143.6072869508102,2009.3128720131724
4.401102314304279,165.82899619274644,0.38387657874452663,0.6054164392553641,0.20191987475471668,4542.197556770705,4217.576867720694
2.7974359740435557,97.34120540392664,0.5901474757396857,0.7835389242473976,0.36418171084399037,2170.8656026223366,2019.6004487620814
2.9941103137334597,154.97478763188838,0.568300338232765,0.7675805100008305,0.344148839105916,3584.6990484897015,3331.009337614321
3.1510297544840062,184.3474640401741,0.5380928805229978,0.7445127835900474,0.31773012360969527,4344.14236627313,4031.661558400012
6.621181284828644,122.98213346999714,0.6123866345137697,0.7991923122746926,0.3854347990798701,5581.223602176832,5199.737021681688
4.774128936726782,52.54132710122832,0.307559336854461,0.5203044055669872,0.15389520466012035,1444.8619492494302,1348.2026136188672
3.1791538940920256,68.38357070543567,0.1677190028677032,0.3261356531218362,0.07741172045381234,1197.4460078237544,1139.0241599935928
5.272336483176429,55.75602384153304,0.19541733763179475,0.36921584747047803,0.0915553555975155,1505.0865211614557,1424.441017016774
6.013054719562355,64.43426496723193,0.27966590612312087,0.48588191486240767,0.13755453102041293,2100.7020422252217,1965.4355236182346
2.9083680051347365,75.15478088318655,0.5001583484182283,0.7137801481373697,0.2864787241252114,1624.6375168551283,1506.3298522566872
3.8948437106774607,119.92408161557393,0.7723542004368161,0.8965625402616859,0.570454027904973,3817.7309007777963,3619.661258325763
1.853202653358633,125.8384933034899,0.6610346736707073,0.8314898728397146,0.4352638284906827,2200.887741062826,2058.566928786403
2.268045446742762,96.769954503535,0.7312324833616377,0.8738401581419967,0.5165992957767591,2014.686930522654,1899.1377373106006
5.76782497775488,130.77574036775036,0.3807804991408731,0.6022007181253044,0.19986845896247765,4477.470543821779,4158.034607814215
2.2700684338693886,34.68348661004587,0.4237229933188401,0.6451783508671729,0.22918327988781406,593.2455244569899,550.1468177081936
4.676143685669421,35.80188267046879,0.41494550879249026,0.6366712004046625,0.2230360196187683,1055.8503935314395,979.3483731495195
5.9633238320570285,50.92930286437852,0.25349854752360124,0.45178656102225323,0.12275195436115402,1610.689509474443,1511.4979462525607
1.7481384616632067,113.25394964726206,0.14897332651485762,0.29548714488006345,0.0680858586363688,1280.1543284447355,1222.3731498313587
4.971185537402325,58.51904216569644,0.5727328742617814,0.7708662315970554,0.348148229606689,2029.4325393784247,1886.2236931794318
2.795939485909546,70.99119262866392,0.891373346736469,0.9548875971466717,0.7608338846752845,1844.8186042257137,1789.2386325357274
7.740488126663059,92.05631051113893,0.2334637639602103,0.4244226069582515,0.11174234120568838,3588.3754002885444,3376.2562416021206
4.384819527039474,166.13590232186837,0.137347855919419,0.2758408804654236,0.06239740531162923,3636.9882575962806,3481.720361846988
6.641947848426106,22.49518446431482,0.7236253454591464,0.8694750804359632,0.5071763247902399,1090.796498763204,1027.2404916903374
4.851585795093833,136.88818764259202,0.30206880534777936,0.5136789192918989,0.15063098093712957,3796.94715624965,3544.6669155912896
1.3038877299837341,140.39777558732337,0.7637150442823427,0.8919079139047831,0.558711176395496,2094.8191621633373,1983.565512690735
5.432059629158156,163.75804046419458,0.6631493336276123,0.8328364077605568,0.4375421116874692,6464.4762786390165,6047.646535823233
7.659823395446599,187.89552903085638,0.8565388296406437,0.9388697017920037,0.6988865668716124,10988.735947273797,10576.491065635226
5.211282741024318,23.624812810872168,0.4271417886053376,0.6484547016999485,0.23160011879750697,769.5405692079679,713.5838216334163
6.734322015987532,47.681066992378916,0.6295758715605073,0.8109004555905636,0.40249589020159754,2219.0756590390743,2070.013463330035
7.189445243438855,179.51083293007875,0.4718838246506166,0.6894978867432577,0.2644551471638464,7969.097036218494,7386.811624684468
2.5965584036425273,102.53334119366276,0.6044709578468348,0.7936873146470814,0.3777668051590526,2185.21325673736,2034.761856143883
2.4843138793575865,121.62631500802343,0.4596791248061899,0.6786306722311594,0.2552595295675878,2276.946915433276,2110.5861938969647
5.276866921956942,139.34489667016652,0.25090579713925987,0.4483084177038487,0.12131173391080974,3963.194266348673,3720.33081213562
3.877199288646933,142.23198880921473,0.5063179328027048,0.7189103350183276,0.2914160071005334,3853.370494405655,3573.1541599176658
6.879029120067043,187.71327259697148,0.5228673611499539,0.7324220385352235,0.3049408055647664,8309.948448843214,7708.600666838477
7.300161863786078,199.45089513410053,0.7484830786081289,0.8835487460931013,0.5385739361824564,10640.072893068207,10053.049988515797
3.4739496551190268,149.62834296756924,0.688416564634865,0.8485753427472602,0.4655504826073134,4167.600695094901,3908.7814014913565
2.6580939128213745,71.69981765692714,0.6310332991531553,0.8118779491850426,0.40396898678242404,1579.6360974650188,1473.694652078576
6.463678606707033,178.35543241298186,0.19070967644205805,0.36207232981723086,0.08911978606647941,5703.2937530518775,5402.072424619006
2.923642248836953,28.85976461733709,0.676493032530972,0.8412278567438828,0.45214952727019536,700.2688058011656,655.9678224987805
6.758300229595749,61.59455351740932,0.5002441250836118,0.7138519733347088,0.28654712749478817,2643.2571595835448,2450.7760518841487
3.96616777554134,181.5294291434687,0.8152796288849274,0.9188026009377912,0.6325536878094725,5981.698181108168,5711.76405843805
5.672849295040293,66.11447259908388,0.8358967473044342,0.928983902123068,0.664816680071468,2953.8086288986683,2831.317923702411
1.6687471968426772,59.71719073191473,0.14412527248142837,0.28735505693639407,0.06570497822485179,652.3379551772879,623.547759261786
5.367015272736011,44.8625527652445,0.756513248283583,0.8879801406919362,0.5491016905516594,1843.2908965698882,1743.5689801032304
4.162373751160604,174.64011637644498,0.1301579123381365,0.26343669384402923,0.05891462913785952,3638.654503564184,3489.081393288104
5.106259242228319,110.0104866543956,0.39373570055601814,0.6155323134363001,0.2085149897200302,3433.262645145175,3186.6411804542204
2.176099454214044,141.48077654974787,0.5338399804968633,0.7411676266384805,0.3141233976682241,2543.658724319612,2360.3554961113095
6.158116214609275,63.03194913350534,0.21848063890170197,0.4032046574271541,0.10368308456422472,1984.4695624704862,1871.213247053387
7.0395795428026,156.44727578201898,0.6970510500552615,0.8538092764894185,0.4754679482294749,7867.751722161056,7386.094051985055
2.5171786006354298,156.80099809317772,0.10668376333771086,0.22153340418019135,0.04772535639421926,2172.80180551921,2095.6217899884446
1.670001888641132,76.26764448349402,0.2348792387472295,0.42639319401989284,0.11251130215117075,909.3374364241055,855.4164788628257
1.1654701023243548,93.92287394185091,0.5646374638827806,0.7648465495231856,0.34086824833946106,1175.0631165052107,1091.7131096888827
5.493800503102862,57.74424993743615,0.6715100496298338,0.8381153214032452,0.44664738298114853,2312.4075982061318,2165.0440644708888
5.249658252621465,195.78098419812278,0.8333144821551329,0.9277257969426325,0.6606821156211968,8183.139713825169,7839.918895794575
4.82688188899849,136.2084638705141,0.664397321547699,0.8336289179853594,0.43889130529810066,4874.525784471653,4560.753551436413
2.623629672811828,188.2178985287928,0.6374234162038928,0.8161362315237249,0.41047808457438206,4123.32559380187,3848.7521275062136
3.736341971338603,74.60939785324396,0.41547291708053147,0.6371862787673596,0.22340306313646027,1836.772760941292,1703.6654357017958
5.161334346303211,160.74036433944016,0.10102754042144113,0.21110348130815176,0.04506954504566265,3878.984265958509,3746.8071704464114
4.477368012014185,157.85455589925357,0.19612740698849757,0.3702871450072367,0.0919238723962614,3723.6023804761207,3523.6599686195564
7.914498641504212,144.49801733597747,0.5276436358048313,0.7362494386691789,0.3089163528220631,7261.1143758297385,6736.572418621458
1.955078267897132,193.81501554802406,0.6401039086755358,0.8179092140684242,0.41323314113181253,3468.095142845612,3237.866507217086
5.866011878333157,90.8399604991368,0.43395862711717004,0.6549262959180163,0.23645744239932978,3287.7477987800585,3048.3061124570227
3.830231376730045,43.529118246156315,0.6845432092227122,0.8462038934276185,0.4611602806028428,1306.1491031992261,1224.5315744224986
3.9973973044793034,140.90759466393092,0.5174898362657431,0.7280744806643966,0.30050392876710136,3941.9219339358388,3656.158505418906
6.023184359607233,151.27576408589712,0.15934095647544977,0.3125918227995333,0.07321985477290618,4415.109075230974,4206.7201608063
5.847053059270587,123.51090322258663,0.2536130007743591,0.451939674110623,0.12281563841281296,3841.3271310784758,3604.7144984076344
7.938791955915319,57.22722076401133,0.7719985785951543,0.8963721529829468,0.5699659186189073,3326.3395442596975,3153.5931570951407
1.8987600261788766,110.80206950048397,0.6799301972995516,0.843360330404761,0.45597823861239356,1990.1386537467954,1864.8883417442275
1.7287675456891645,76.1941525824433,0.815809589609996,0.9190682615433523,0.6333620820527455,1379.8984212275107,1317.7531244928305
6.070371719901188,96.94397507000403,0.19404579929674926,0.3671420054553847,0.09084440319533547,2946.01579993729,2788.8146919317314
5.048708419044864,136.13934365203949,0.8921780276920591,0.95524809766839,0.762336332084854,5639.054167897455,5470.189057724616
2.919124665918641,154.13865368435023,0.2675253711599469,0.47028784896242815,0.13062547045227715,2778.312980571192,2602.875442585946
1.5559355829229062,61.80044436224176,0.10942390102931361,0.22653870134726603,0.04901748553509614,624.0980865216304,601.501392033066
1.5996077471750136,92.9585649164516,0.8979383512428434,0.9578165300452285,0.7731915447238781,1658.3623349316606,1610.887721523521
7.259336122648828,68.44908277849325,0.32485910835609055,0.540717171581248,0.1643392564609977,2732.243964338732,2545.8556567622304
2.3430712730312004,55.75369049513644,0.6344155620100479,0.814137411353662,0.4074039724512394,1124.8201687847506,1049.6630489361055
3.2636009348086454,161.00969959925092,0.24134585134104417,0.435322921767407,0.1160413033203364,3083.692510077015,2898.3030333543966
2.5865948155889162,183.66548499865863,0.5641828257593134,0.7645060162633011,0.34046258344457897,3804.686239427817,3534.7358096964886
3.484974140823561,86.64179342322382,0.8232279891636475,0.9227649145224617,0.6447919510150609,2587.464770151385,2474.2638337953986
1.4859668992226536,155.23020638727803,0.35614493394275093,0.5759275940688965,0.18386927469790196,1913.9044620757434,1779.5993981118106
4.633418536357892,181.45915208559398,0.6362031808354873,0.8153265341124025,0.4092287588602381,6175.585151308993,5763.780030393583
1.4732879451455043,172.30235789544167,0.2503228710387332,0.4475238853938479,0.12098857122135276,1929.960690991775,1811.8262043295188
6.602495554756531,52.906409937060666,0.5998363189749802,0.7904302189853805,0.3733307086962468,2376.583099375048,2212.293960148778
2.6359845733730314,192.13253867240505,0.36916028145400814,0.5899617187251937,0.1922510972886807,3501.4332845768704,3253.4243854346328
4.780083402231574,87.80175927730325,0.26896660687036134,0.4721591342542782,0.13144241476962942,2337.0818723560938,2189.1485353653366
7.160553612930208,81.06331901129053,0.35054564056290816,0.5697814383361292,0.1803108639445352,3265.9262179378843,3037.7593473536126
5.556141583330359,31.23763891000046,0.2430728548062395,0.43768766522036695,0.11698879788211976,921.4089935593594,865.8169052214196
4.730704505859347,107.51125773887894,0.8215328862703063,0.9219238461434937,0.6421613249355581,4099.441043197,3918.873559454239
3.270336271807629,39.622450815367166,0.4177495090537031,0.6394038785485027,0.22499082105531648,881.0074709834175,817.1157116890059
3.3310133914073856,64.73716776693668,0.29622344397949385,0.5065454923319648,0.14718188037900268,1322.361308315621,1235.1679367219883
5.686408686387331,77.04967191811065,0.45872627281274636,0.6777721287732187,0.2545491907489312,2766.1048806259596,2564.01373999754
7.958975528548173,165.58873822850313,0.35642893344519644,0.5762375716116003,0.18405051252522817,7359.329973551636,6842.788623146032
5.63287432894565,177.58795707126137,0.6955354030506607,0.8528957472995548,0.47371386068685917,7362.12919569214,6910.264015752108
4.904483921590174,74.44393714306455,0.8769759295083955,0.9483658298582767,0.7345131073310069,2992.7103546547783,2893.068122513158
6.114553571674723,174.5656618240233,0.45042692535811746,0.6702312132696032,0.24840768213973582,6627.625107399146,6143.71586200109
4.256439285986027,174.30156872656238,0.7888267199777923,0.9052688724560729,0.5935223541565879,6005.844343665046,5709.028222381192
1.4209963982054965,157.63717106927723,0.5526904588476956,0.7558095056342302,0.33031820436035214,2187.6957162388458,2031.4496138871095
4.936077711145368,46.40512052273267,0.2257885320753868,0.4136361221181829,0.10759571096022638,1219.8301495356416,1148.9720933788317
7.703376991537661,144.25811244213122,0.6524981936650732,0.826006948511587,0.4261660998849326,7658.244774424911,7157.463245769013
2.2271205965036174,190.10433162450238,0.5107475977006561,0.7225654476040847,0.2949986546905453,3418.346892574261,3170.049624867131
5.830034235744661,142.85728617808826,0.6204852186016827,0.8047500324731888,0.3934019269670019,5839.036474788423,5443.073172637345
2.4065358206133953,79.69103283941011,0.811749930057332,0.9170278170087015,0.627196817075367,1798.4174545347498,1716.1847417472788
4.750793791311569,110.10427713754963,0.4523476565248369,0.6719865291522302,0.24982180321477196,3383.7605083630156,3136.653256897576
1.6767351475270373,136.23050780318965,0.8209420985738846,0.921630210143992,0.6412471320460239,2425.6555886476403,2318.5629897549115
4.152596553807296,111.90267357113065,0.7005352114253239,0.8559009602376124,0.47952189790824445,3613.624902391612,3393.72758867752
6.2931433022667225,41.591529511574564,0.49088394070238783,0.7059495179450331,0.27914053696567226,1666.8120375024691,1545.2323779798403
3.4330006696728743,76.17152803736371,0.5825777085263709,0.7780761607352707,0.35714856829010344,1973.5567835876673,1835.2471674009926
5.654382071410526,164.43128549965385,0.3604649060152092,0.5806245186775166,0.18663404587024524,5445.850906415764,5062.455172461693
6.568149725528104,175.05524829719315,0.8868778397910194,0.9528658386135803,0.7525021241486871,9054.464823883489,8772.558998755674
7.490244736356169,44.714005888802646,0.6338809304403168,0.8137810957727094,0.40685947846147913,2290.2813329314977,2137.160285380328
2.642494572988175,191.42961543177043,0.13507748199730393,0.27194522131404975,0.06129476303901888,2828.263432118094,2708.918976038267
3.795211410665157,79.18807121274968,0.361297524598407,0.5815253287688428,0.1871688785245551,1891.185932978481,1757.9627348776658
2.066912093312922,139.21647297152958,0.598651547007246,0.7895935336550303,0.3722029451441976,2520.9196985776975,2346.4771975275385
7.947384515108626,155.3285262722026,0.14506662223939185,0.2889408248743487,0.06616629737233974,5694.066988921533,5441.646816723279
7.4890067754700675,166.15032223481901,0.11910735305531422,0.2439832751082166,0.05361313785653848,5628.671852735652,5411.6413172435405
4.779699911963917,190.2349464006674,0.46001939162224204,0.6789369028963724,0.255513457393729,5908.971013362813,5477.23723651625
6.894233060634949,76.32551864518807,0.3661521437541361,0.5867490704537633,0.19029996118593673,3012.6641366112167,2799.7089324885237
4.646705840904295,174.53116181927982,0.4506388864265327,0.6704252208398771,0.2485635247795152,5260.023249841789,4875.959813937229
5.365099816019318,43.703642618517264,0.31015464790400415,0.5234112377816365,0.15544652278138368,1327.7733550332132,1238.6693951552197
1.6238710248121162,146.9073631436467,0.23177419755438475,0.4220628664994222,0.11082621434470685,1716.4050371285964,1615.323952072794
6.286892943477655,153.55599131251745,0.6513146855842702,0.8252407642701494,0.4249171773485723,6820.406179393164,6373.743779258162
1.8939943854466437,141.9901834162377,0.5116568930142404,0.7233122328795986,0.2957374280218031,2291.06996941349,2124.695889086762
6.782473411767699,65.41665250432754,0.2601233689994935,0.4605904871324938,0.12645322799670872,2326.045490288772,2181.0450081121044
6.474196613692701,177.1477664627366,0.3556715410079987,0.5754105230041893,0.18356733541996223,6564.193503960337,6103.730182930373
5.961212884200835,50.3945234066711,0.5734463261306607,0.7713927859807916,0.34879500496349813,2038.378937963835,1894.6074275811166
1.2531226636733348,29.65426247374955,0.15778347861798228,0.31004682217299145,0.07244486525809524,277.2309237717678,264.2299048021418
3.1218984916173005,149.1436983101442,0.21796240741294365,0.4024588652981827,0.10340692444717435,2702.5718390152483,2548.5316604932195
2.8417879893759,105.58562874189207,0.1585964832859121,0.3113763876698128,0.07284924433982935,1684.4452299629877,1605.1845326232487
3.5209548523006338,172.8376435925617,0.7498538661712951,0.8843091111167867,0.5403573471397317,5025.639125398491,4749.276067222372
1.6134992273468698,89.01148539048661,0.7019273865696074,0.8567335069067257,0.48115024860127364,1459.0635755395551,1370.4926288833728
7.55870476121744,50.29014593138831,0.7026503455034057,0.8571651244998911,0.48199778167635565,2700.644887520134,2536.9140641418016
4.876615684986634,170.55959464457655,0.6730602747808224,0.8390863209146252,0.4483530196409619,6186.463323405526,5793.102696654592
3.138670174606165,118.8037336952129,0.6355083389358953,0.81486474058279,0.4085187021043544,2969.191030209651,2771.041703892465
3.778870619519984,54.055242630263876,0.48159353230254,0.6979749633704397,0.2719024587138166,1410.1290457206892,1307.1563894945316
4.13041778353385,149.66911974556024,0.6138225308056919,0.8001831646570418,0.38683830379175427,4576.495011563546,4264.110628635026
5.204160333524321,112.0004549281101,0.13068924383037972,0.2643601037972896,0.05917109370696317,2805.979074077616,2690.300445372187
4.609755993875485,128.77633680325755,0.5971715381254277,0.7885460170198623,0.3707977013048799,4261.326836912761,3966.0846198542527
7.435743812500921,102.96170087718474,0.7223021644295018,0.8687104898717023,0.5055534946428224,5507.396823987685,5185.647631807222
4.478744380340812,169.16761708724115,0.5002866883075122,0.7138876096619189,0.2865810735866863,5126.745373524146,4753.420775211696
7.945106103763189,169.321288822949,0.3860106627417895,0.6076220650429398,0.20333932039944824,7694.023818353576,7143.508997574576
6.9599747042156705,147.68998792838954,0.3219413878407833,0.5373228739391168,0.16256058356206862,5667.650787596477,5282.206768555602
2.4595736005013507,38.97224793136321,0.614241640129666,0.8004719291354251,0.3872486920359463,803.7809935214244,748.9382024660982
7.514166502507414,170.9936951427324,0.654240958903927,0.8271325029913815,0.4280106460642871,8889.237434022629,8309.252692152018
1.8145647851983326,140.78233649592377,0.7967740798900341,0.9093918995101269,0.6049834169490149,2607.0776948042953,2481.478008288174
6.722147959438341,145.4643498807739,0.3738672659687926,0.594951920833968,0.19532118102788637,5651.414411200887,5249.9008069252295
3.664363054336061,85.3369112726969,0.7158178459084684,0.8649404864939133,0.49766887632114387,2515.263598395587,2366.43364452161
7.1458202431154865,178.27032010826122,0.5490846593514703,0.7530454216301559,0.32717830367451617,8304.460842659957,7710.232106802214
7.076396830752152,150.56688804227434,0.8062691925424633,0.914253280864345,0.6189717971016546,8035.949404537266,7661.165137716677
6.641477800823348,40.26628397525501,0.5222496866364966,0.7319247420388671,0.30442908047149736,1728.0892061869733,1603.0097200250343
6.53021305414943,93.40004619310928,0.5141038627183738,0.7253159680967093,0.29773122018859693,3927.996857707589,3642.9505097423644
3.1327539736862855,179.54846515282551,0.5623016651527273,0.763094176827188,0.33878761545089253,4280.526495295209,3976.4690495289515
1.5664349813587652,28.49540630552822,0.6994522841139476,0.85525207533119,0.4782586241213614,458.0627224252879,430.13602204598953
3.8208612513561304,193.05499153556892,0.8717523830627688,0.9459656596511122,0.725218856721086,6323.738661554583,6106.178369549676
2.214671604905561,142.24926229752128,0.15885068337261254,0.3117916182829574,0.07297575490856807,1899.391041046799,1809.922310081358
5.864657622317232,133.64767597580777,0.14274768191281373,0.2850285090053669,0.06503071940163732,3750.130073428284,3585.7071110326315
3.4226980857644986,68.70066616783845,0.8500402699258708,0.9357899173818839,0.687960815360715,2046.4914679250307,1967.1031267426506
7.829271406019404,64.78252197305187,0.5239005004145649,0.7332526331774695,0.30579795413466654,3216.0280250603137,2983.3849601355523
5.4868045414173245,189.5704795079472,0.5919224116535489,0.7848097683778765,0.36584528298825564,7229.924574814174,6726.85363041773
6.7573639454405265,73.6890417621421,0.4859388812757831,0.7017212841003218,0.27527402245610644,3130.1084651680094,2901.641946322487
1.9276727091929389,159.59095340941988,0.1749259620859796,0.33759199318584326,0.08104914209470386,1971.5201516318252,1872.7414913682858
7.034101375908358,90.76192367727425,0.7144715027349332,0.8641528799671133,0.49604582853902857,4604.5094074513,4331.353260027679
7.45930033359376,45.06573274124672,0.6977797160708695,0.85424768320352,0.4763132746985304,2385.6324187048713,2239.767735797391
4.409433431732552,21.92875358516461,0.34936265719424964,0.5684744197590359,0.17956265953154169,585.0688985808773,544.2339712198718
5.243770564256842,117.96632066274515,0.34499139618272034,0.5636188777305762,0.17680872817018134,3619.8117471741302,3368.0969458176023
6.353668606320968,195.6401873388079,0.7702731047244148,0.8954469204965544,0.5676034258014664,9347.225165334665,8859.476793483544
2.2238703908228876,86.4445148856568,0.1578858061930613,0.31021429499452624,0.07249574187841512,1156.4547992413288,1102.198594437421
4.517962535244097,84.29462011874807,0.8048841186852527,0.9135484753564999,0.6169108390553588,3071.8101271829432,2927.8457699374303
3.7906411944061915,81.93649121289957,0.30532935191673155,0.5176221413495874,0.152566553247961,1865.8686662845748,1741.3858417841147
2.024617945135744,113.69789071487452,0.5743877982043951,0.7720866526002965,0.34964978941914393,1999.4153515051164,1858.4815740216172
3.57274095604072,99.31967901637285,0.8487953432014222,0.9351965469440073,0.6858891010604524,3057.3786905950587,2938.0381198542523
1.477206165698455,178.3846328108626,0.6424980012293171,0.8194861897630997,0.4157063027714406,2679.5996701468252,2502.2145335754717
1.1806833486464088,110.99374251022826,0.43154384997362927,0.6526430852078504,0.23473091915199268,1273.5562994468637,1180.8533561056665
1.9461640240837594,111.39641087394239,0.6516273671243321,0.825443332877767,0.42524685086672387,2000.8224040054472,1869.841959921832
7.741805781124217,44.90688704970019,0.37518370905309617,0.5963396006402797,0.196183568978028,1977.1231830203901,1836.5400407405368
4.846706751265119,196.89311736386946,0.32180673307934893,0.5371657560399908,0.1624786672974616,5549.232229751116,5171.8961037381605
7.76075512807254,64.99512035638935,0.8973466223477438,0.9575536723064872,0.7720682927675233,3906.7035621236723,3794.3307604658376
4.027485148310924,33.20553214272848,0.7006321849438302,0.8559590118673723,0.47963516452288546,1046.3107107540654,982.6510951490798
3.182712931596817,139.36632481553758,0.6157759819054541,0.8015273707626969,0.3887539437186619,3478.434511944316,3241.448948660934
4.542993039881709,127.16594662823708,0.384231714575455,0.6057840970917666,0.2021557781441339,3575.6948434920023,3320.097858729536
4.076581820430371,94.72621771869423,0.13932866332403854,0.27922382253010325,0.0633616056453203,1958.9147445044782,1874.4502445929784
1.7396527898322074,95.99460209852205,0.1248455008281245,0.25414422739124015,0.05635832175393993,1055.7007976302825,1013.5794834387257
5.485784202831444,161.3115057883576,0.5433450043590391,0.748610064219362,0.32222171606428635,5960.277719578834,5532.5776344857
2.5122672775671973,55.22827521793683,0.7096261768312409,0.8613044900049425,0.49024404563035745,1221.6975254180463,1148.559103191282
5.337115684284807,167.64559741008014,0.5299033523550841,0.7380491679750419,0.3108087654124317,5997.834842533197,5564.927551655359
5.551407646787074,136.77448050110326,0.7726280575512917,0.8967090829086235,0.5708301905755708,5828.509298713603,5526.348291396224
2.0641739719005368,95.41455928031439,0.1267412264745773,0.2574727817822631,0.057268892696937725,1175.8885051768245,1128.4607166248022
1.4294473897746771,102.44515098509635,0.39340166114075215,0.6151926376116668,0.20828996174609168,1271.6946046010703,1180.3597212143868
6.4653311024790785,66.19649729349725,0.28965631293934246,0.4984315925310264,0.14333848636832322,2317.4890465897283,2166.0530603919788
4.218602966385241,155.38057988545546,0.4578183745256976,0.6769527118907865,0.2538733732818226,4350.776637296947,4032.9247683594676
1.4071465685383306,112.31745361494819,0.15790111455529798,0.3102393459861814,0.07250335359205336,1121.9409620570045,1069.3006543756455
7.96406422018837,77.75381769497184,0.8633053132568581,0.942045308892822,0.7104653533342226,4719.958364029715,4549.319276890227
1.4044639269745665,127.28902083697105,0.27860432085548875,0.4845335279726803,0.13694432032493942,1421.4916230254646,1330.1096014434725
5.865246602009872,199.23220136923814,0.8378462203868678,0.9299305107579221,0.6679563646967217,9165.40630696502,8788.633884337267
7.885752476843895,98.34721033817969,0.4407145240293454,0.6612606725454254,0.24132248265686784,4629.91277549495,4292.300086886148
2.674260729511479,185.72445214015153,0.8884193066041745,0.9535605655446606,0.75534722992632,4666.475820257833,4522.790048382038
1.9957455808103732,82.1030311864219,0.5432467067681687,0.7485337212333272,0.3221372687065493,1401.116568544024,1300.5699680618611
1.8496945759570023,29.85188724649746,0.844666291340646,0.9332206797081648,0.6790661435004539,571.687379940648,548.9194792852613
3.1229260329731687,56.7635791463172,0.10427919095537828,0.21711564085999785,0.046594446982626936,919.7423595007026,887.632984363567
1.7073206770745268,95.36512579898316,0.6985910449447201,0.8547352270687272,0.4772560527038417,1616.384662351199,1517.6918017988755
5.845129391858923,59.534287147022425,0.8224405224820124,0.9223744581608817,0.643568478582298,2712.597390128518,2593.5469004456972
1.436042586910439,20.040866879285996,0.21177645358316327,0.39349388201440527,0.1001236293384512,213.38437218838487,201.41319081199146
4.5659548970485275,184.7002767945549,0.1769006813857212,0.34070019091068177,0.08205096095114825,4346.212195271151,4126.926513753651
7.976877976970838,171.8982940215672,0.4396580857487645,0.6602753076452287,0.24055832621030518,8169.030496202693,7573.450999044219
6.697791886542132,153.6126016676505,0.8469431249063482,0.9343117003514638,0.6828193036653011,7954.1780960158385,7640.859326938688
5.306536067617076,50.206627216285156,0.533909248152351,0.7412223075004727,0.31418192553129454,1792.419049328265,1663.2559914429153
3.1437753455062816,41.66544371779749,0.5219651709773857,0.7316954949450302,0.30419355140027127,969.471273685057,899.2938922362387
5.367270854041469,32.168854905028965,0.2129008946394575,0.39513212673364934,0.10071865046323489,896.2067719756951,845.7802238466861
4.689290247381561,150.32525397912582,0.10063160887457503,0.2103684107324425,0.044884211939001994,3348.3334988291617,3234.582385912422
3.9825836872326006,187.18543292381935,0.748112072596369,0.8833426739550693,0.5380922147737546,5993.316146437011,5662.3677784200345
1.9149726371813962,97.49644776434666,0.17005965038899057,0.3298759075650921,0.07858984518944825,1193.530377098521,1134.7838239763275
7.206229506683267,41.445320959288665,0.6070798549882592,0.795509714543745,0.3802812333051222,2018.6590150789555,1879.9998785076805
4.148492541749258,112.23070773177918,0.8316931636121532,0.9269334005542824,0.6581001677541629,3861.725334442481,3698.615533145163
2.3623575827453553,82.78974334255342,0.26692153052674483,0.46950220315612595,0.13028363731886186,1279.5808995027342,1198.8638521153441
3.5743154561410275,87.46848638299959,0.6322182689895286,0.8126709788918973,0.40516981839010463,2411.406951341659,2249.890894269031
3.898908267702489,131.8395123480273,0.16295886136600757,0.3184706057847007,0.07502525329993032,2693.589804798435,2564.583468775235
6.79276526896812,149.36926038719642,0.5830041150700904,0.7783857368029128,0.35754211491063714,6805.029839007693,6328.273251375508
6.135300663929814,39.90864779716895,0.2311453767625622,0.4211825103953525,0.1104857320340666,1267.2478509053362,1192.723409882617
6.385134255489379,26.40624154516575,0.6887628484121424,0.8487866393946788,0.46594472670251985,1214.3100015903053,1138.9402291478075
1.0772188510005305,198.97945448342867,0.34098503583512657,0.5591324895654205,0.17429945390672263,2024.5825729771318,1884.2923942951336
3.9130779872583306,61.89110280479933,0.470712807043717,0.6884655217066792,0.2635649389590434,1646.9410795209833,1526.598437753035
4.369409061447265,29.689494483522633,0.5795444336220974,0.7758675182313024,0.3543580140836461,929.9229607840421,864.6095810161992
1.1343459377613967,54.1775592372656,0.23701872853299166,0.42936081229224965,0.11367611313677103,517.3795550879272,486.557993612377
2.8186924612152398,27.012412342723557,0.6933102548940967,0.851550577341863,0.4711489198070811,643.9238974762825,604.2540018991907
6.322028761854945,90.5259610310909,0.34211227250945164,0.560398306938471,0.17500404889895457,3249.781758510319,3024.366731203009
1.9597679401029935,164.43232120123838,0.6298974879302028,0.8111163648313149,0.40282060098260464,2929.0900079570197,2732.4022869667597
4.747170920168141,81.4240009563897,0.22662644055949893,0.4148220611415998,0.10804652796062714,2073.8494071878386,1953.1462693814874
2.5064131041206625,99.95301323810598,0.6504941273650802,0.8247086802118503,0.42405301746942814,2135.264579438743,1995.2837791859897
1.0848454225072528,141.60561924213897,0.2025504582483694,0.37990495469945423,0.09527122341327374,1279.19952635548,1209.2173740527962
2.6884102031967902,111.60093261257843,0.4402851970159869,0.6608604586364002,0.24101178358832712,2180.1394611879036,2021.175227433955
7.831116284370377,175.06022348383837,0.2977648589911015,0.5084346224605102,0.14808881522547962,7301.098572905823,6818.693803865498
6.610759783180927,175.88642150823617,0.698700199542546,0.8548007722722565,0.4773830174311559,8381.112727273414,7869.476864350905
7.717036510247234,21.783925188407657,0.3096280036054997,0.5227820821824637,0.1551312903759541,905.9641928749587,845.20507657758
4.414978307484537,160.04833516697585,0.805373845116317,0.9137978446884474,0.6176387339720683,5724.8052698190295,5456.965254166502
1.7681533907425244,102.9320480435013,0.8134561691252903,0.9178869139805974,0.6297803971455831,1889.0438538428655,1803.2117687455495
4.8357164228158505,197.99129743465934,0.2571530521782287,0.45665784961582967,0.12478990862051416,5264.967429441626,4938.522440768225
4.180641341919726,106.98177365757833,0.5910767560061795,0.7842047567742252,0.365051994605021,3256.82118059174,3030.0533525760857
6.910499579177312,197.64127016989355,0.17017411337597146,0.3300583310380928,0.07864753736117602,6566.596346418546,6243.2451467276505
1.6865780654897122,155.8224850170326,0.4132296796813034,0.6349919931141962,0.2218439449875342,2172.203206623716,2014.9070805333558
4.417687959152447,64.74887923039515,0.6706573836010178,0.8375802099898229,0.4457115703818248,2162.1823485813884,2024.222988360107
2.05034065285789,116.91109627165238,0.627538597479933,0.8095301198793786,0.40044377666372444,2143.2618305661404,1998.9778690583998
3.27273148823042,198.5844151061449,0.5997605355252864,0.7903767504202313,0.3732584959028134,5013.2429405762305,4666.663566885916
6.161499541714598,174.35550939534627,0.3260326909299549,0.5420769892004081,0.16505668585355274,6040.520948688975,5627.945826064854
4.332126905581365,37.5260408824198,0.40241995954752163,0.6242888593220128,0.21440467006800518,1029.616256973189,955.3659989246979
3.631217996020385,147.1469594257993,0.18235691576022894,0.3492201996696289,0.08483070738813121,2896.305259499409,2747.4131775984615
3.761333949990247,82.20432545674635,0.6752182563468808,0.8404339645813437,0.450736503059717,2418.7618284791342,2265.453958686352
4.2161273788419065,21.256807138462662,0.5031110374330189,0.7162463371366532,0.2888390719776644,614.5368713294135,569.8142146524111
6.495115806859398,92.62657442485992,0.6670125058765237,0.8352844591729953,0.44172981687649526,4270.28487300131,3996.4043093466357
7.244592822581641,62.25579591049483,0.29915481983749825,0.5101331743121578,0.14890822386798622,2426.9162272673443,2266.269825423607
7.687342805527498,167.39646869368488,0.359550582908053,0.5796336562332172,0.1860474617896032,7232.436391621324,6723.605649468268
6.508323703787066,80.71950959223778,0.3673722698080918,0.5880543698494073,0.19109034046830126,3033.329251034428,2818.734392576863
3.207848270236089,168.95426491168706,0.12059392779777296,0.2466281119284656,0.05432274852411715,2841.444918658802,2730.8868926737314
5.816942942605795,20.107628990263155,0.3728382982644989,0.5938648533344961,0.19464826050349984,689.0571399424673,640.1338384862736
4.0632218683877435,75.40744700470145,0.7426436588144268,0.8802914831402012,0.531039038403963,2446.664546100832,2309.8283990675977
2.7826943543223583,63.40973857539715,0.8178387965997909,0.9200835191191085,0.6364673695184409,1593.3419319270738,1522.1389558664887
6.886101055981459,62.042124992349976,0.514574652508742,0.7257004952807368,0.2981157781373452,2733.4230453968053,2535.0918316803018
1.2689844427362749,32.273591557783284,0.46440135617537626,0.6828637771685352,0.2587959953731867,394.8069397671519,365.95721467023793
7.312333944947965,53.68236867389031,0.1246596949594962,0.2538172321202462,0.05626917158675514,1790.8977577890917,1719.5195761890975
4.2303422523731395,119.99892257941158,0.8033634700683061,0.9127729837119626,0.614656257615369,4142.105860924358,3946.9503230297732
5.460410337657963,72.444993110794,0.11040817074069818,0.22832913546549413,0.04948251223266744,1851.0683821001967,1783.5948817706862
5.6154774554404785,95.13106081924663,0.8558000641681694,0.9385210715033527,0.6976350071004761,4248.882884298562,4088.8616522601956
7.265824184945755,87.83603846249393,0.4913729989504726,0.7063656669344751,0.27952465909638563,3990.9495328245393,3699.865481581384
5.456687775170451,177.66288649998103,0.3735475948597813,0.5946144273682133,0.19511201623559488,5769.761509528001,5359.922251074044
5.297535093320432,182.95381982189278,0.8393747478741281,0.9306708057965666,0.6704292106814844,7725.569517870336,7410.184672744788
1.4665642839248298,108.7322548980548,0.11951279448807739,0.24470548350599633,0.053806564607481885,1070.7285452975805,1029.3405644787742
4.628856153616429,79.42807105680879,0.5651399158952697,0.7652225893054552,0.34131696689829405,2583.889240491873,2400.664454293924
2.0511830057192917,39.22412672042545,0.5391460195994701,0.7453373413811869,0.3186274275867043,679.8915218124238,631.008824086544
6.162036381050399,191.6125182887771,0.27545632096910566,0.4805180686152119,0.1351397206220205,6356.10808196367,5949.507368948195
4.5855534456887215,30.840850082053542,0.44310994508016843,0.6634879051782321,0.24305987301847062,914.2927173522812,847.5976591688539
5.761594454458473,73.57704996229049,0.6218112047550162,0.805652914936251,0.39471835624245266,2979.596486931865,2777.811940052643
1.2917103042166898,73.65191621060075,0.681704957505542,0.844456822157457,0.45796598132560506,1046.8860435865838,981.1790702649636
1.5935441123206227,77.67223150523868,0.10057348696526383,0.21026044872516753,0.044857011697980995,788.6271397337116,761.847444645365
6.0142637164387756,49.571631789033674,0.8494827440728122,0.9355243182601541,0.6870321826342588,2341.4053244568686,2250.323316163544
1.5045903519907136,160.9690575662655,0.23162029791424993,0.4218475112898126,0.1107428595375464,1794.9456736454333,1689.2756780076857
1.49879709435681,42.04961515387806,0.28686434737788735,0.4949496600009072,0.14171449369282507,491.5529185442207,459.56035184382097
1.0847593266442122,134.2831986475693,0.3107787565550786,0.5241559828815604,0.15582038288628716,1336.9332656965507,1247.1481632466769
7.695509788096361,42.29228480704714,0.13025610924162825,0.2636074335908583,0.05896201621818896,1484.3860527713573,1423.3351320119875
6.162558516213049,32.69641476673218,0.19844169887225993,0.37376760693322186,0.09312707163345871,1010.7859113930808,956.1382579065589
3.472759859514449,183.69731066345776,0.8890799383553296,0.9538578319225299,0.7565703165580621,5619.996230034266,5447.780937305673
3.0757490690135865,54.22317793736702,0.3521733899018289,0.571574994593285,0.18134241299646378,1092.5299530059094,1016.1021952270537
3.4479226082209466,167.82502782074678,0.19224087227123948,0.3644036427490462,0.08991051675480224,3202.8521979978577,3032.887164353098
6.422574718268273,118.03355679928444,0.18559300893969866,0.3542266530092108,0.08648754931320718,3735.191145265119,3541.109540356335
5.629594277492901,34.01417352957853,0.6755679741359775,0.84065192034792,0.45112377384046237,1393.8066606908017,1305.5090698751374
2.2963689750722756,191.98067445885215,0.7836549312261127,0.9025589195688226,0.5861815351048982,4138.199987060278,3930.417350151583
2.21876534733859,64.45301005854066,0.3055618396067759,0.5179023344962067,0.15270488743780342,986.3455179992076,920.521791623208
1.6887695479937812,174.73616216346917,0.11672760986818798,0.23973109099043258,0.05247946226019642,1870.347372253834,1799.2916481421855
5.622119037909367,50.385801041221555,0.2784720147562847,0.4843652756702739,0.13686832796035547,1549.4933139708642,1449.9029488117753
6.350608635552152,173.7097187855335,0.14521255263740587,0.2891863621067857,0.06623785428266069,5232.221250913167,5000.115913782035
2.8553249982750284,22.381186322952917,0.18271594930403323,0.3497773567216365,0.08501422675113299,366.8533156218222,347.97160564207707
1.1466147272163898,112.12048218250652,0.4452064958781139,0.6654292770517263,0.2445858786086713,1279.4092506587476,1186.0522357990912
1.5752016723349915,158.49966429588022,0.28393469668930604,0.4912750285419389,0.14001676044138,1904.606679851206,1781.1759922009962
7.775020243915213,188.263193148701,0.5127567028203387,0.7242138920010122,0.2966325219271533,9217.77786081276,8548.60338317606
3.068113442341942,183.65638451716768,0.3027950026057523,0.5145593708709213,0.15106134960248835,3543.766084058799,3308.090622589511
6.384562034866935,167.5324765185761,0.8524298408823582,0.9369258097998415,0.6919564679027603,8340.92620171456,8021.249222391381
5.372644981979846,179.87444293903474,0.8247551743410116,0.9235208427924444,0.6471716877590521,7637.786449263419,7305.692003347987
3.673577477570271,55.85954345067377,0.5534448840083729,0.7563856600231854,0.3309777195727553,1497.2602586420724,1390.3686953707054
2.4398108353688857,71.15317322811117,0.38353919358990896,0.6050669294635361,0.2016958763142563,1240.8974657221236,1152.2298869003532
1.849704927115845,72.01433448579053,0.4049175056277885,0.6267809674998196,0.21611273027227265,1058.0421993312116,981.6636421597519
5.305090776272066,87.86970758030579,0.42948182651559763,0.6506853753924623,0.2332617248856181,2910.592666054891,2698.829307796386
6.422436464464516,90.79772066933397,0.6820634577079552,0.8446779339262457,0.4583684031540212,4180.847226875447,3918.5850723449275
5.507329774787915,118.01995843784158,0.46131119641507035,0.680097778240536,0.2564787455837249,4131.282549986712,3829.4194465668193
4.712114932744108,48.778357405959454,0.785383957204718,0.903467283029191,0.5886255449708764,1823.4705947358423,1732.3907041367208
1.2936585640214537,144.42439948147808,0.8552758287442916,0.938273449811761,0.6967483772956493,2235.9775844543296,2151.5340237172627
7.779421443160686,50.16197707481117,0.3687569227031471,0.5895320062622172,0.19198898016104496,2206.5947609926147,2050.3421583130466
6.590999341582022,75.85552677881856,0.5485555851005441,0.7526384077536132,0.3267192896831143,3291.7837691994173,3056.1753704342345
3.0497542569067533,110.60212350910773,0.17604522946605156,0.33935533115491395,0.08161669690819294,1892.0606509801091,1796.8851919154374
7.859792305511954,163.35930107422593,0.26037523821308717,0.4609228638762903,0.12659455631672292,6614.204062402653,6201.703560144988
5.213171127454254,153.10446198297092,0.4307726133681281,0.6519117324645681,0.2341808619753612,5002.366294872105,4638.304391429749
5.076958607450726,136.19618415389402,0.2649621727214231,0.4669462851513012,0.12917625391938636,3797.8765717458896,3559.1045459907295
6.2365122560067245,48.03918690443063,0.801248392630974,0.9116913839235895,0.6115343706002838,2292.0131178806296,2183.2372474078948
6.682388516630963,118.468162210804,0.22662900484727846,0.41482568735285397,0.1080479083158868,4033.384391362553,3798.630092573128
5.595350251320519,35.74037032397938,0.4645286572424736,0.6829773938569694,0.2588917037558469,1270.9929709618866,1178.1175482617052
1.8966702245634002,87.92537182339714,0.5845593923679006,0.7795129987850911,0.35898018647189406,1490.4606934152405,1386.160225154094
3.3678725419614888,94.43297545219265,0.6534911265286756,0.8266486194698228,0.42721622365424194,2517.3653862102815,2352.960093967031
7.496585482282348,27.16605910023569,0.40645549578120543,0.6283098405340747,0.21716775104465952,1191.441259447988,1105.380276568478
2.5723092829069634,69.31785790459493,0.7952792549797828,0.9086201864865273,0.6028107415095688,1628.1227006948825,1549.299602831795
3.605169166862593,192.0169041079681,0.5546553208623405,0.7573085135507955,0.3320377452348255,5075.539501080334,4713.42793544674
4.0245381806093725,191.6538694093441,0.45160622435804143,0.6713096754676385,0.24927541869114422,5143.321491629679,4767.7436965304305
4.075834927861165,83.41886976545707,0.1537925072416293,0.3034859254853318,0.07046503828822769,1749.945034463066,1669.2577781019554
5.290577077461679,27.75801961069833,0.47175157475613205,0.6893814044181549,0.26435452571061013,946.4581661491951,877.3021351098791
7.601530864212953,52.237089079072675,0.7565886726525842,0.8880215027738564,0.5492015005859058,2899.646577630707,2742.8055470864538
2.6848489828275346,90.59920281803723,0.5916328145770524,0.7846026773443362,0.36557347736659057,1962.442825663699,1825.8610538053063
1.8505096341064264,190.60034563446135,0.7657299629832947,0.8929990478679191,0.5614287198785608,3522.100034633296,3336.0399134083577
2.382293429019561,45.41583143669328,0.49520933647944454,0.7096175802511846,0.28254874097862315,846.6666290523333,784.9530827354623
7.208474301464887,157.4328518602782,0.19476936407558548,0.368236827181408,0.09121933039928076,5558.143085190658,5260.907063464816
5.520675688586442,39.56285708744457,0.11091187666870486,0.2292438755140633,0.049720674661942896,1020.8468435886392,983.508759220131
3.001347524674121,196.62636393042982,0.34257563737487295,0.5609178363190163,0.17529400311077062,3858.9027557082773,3591.127343624114
6.711628572780321,88.6909698396443,0.658392377198234,0.8298008589520723,0.4324308939503281,4186.144991118193,3914.4911724687663
7.029589974544052,159.5422170018301,0.732207923153355,0.8743961269380851,0.5178191833410362,8165.224266277441,7697.893778910333
6.925600370831946,81.66639490600373,0.33660226769626356,0.5541845382613374,0.17157042476356782,3158.9521688366553,2940.935378949699
7.432485735476881,132.98039788858557,0.49652313670659776,0.7107261628481808,0.28358884234178805,6186.413267543101,5735.592324256915
2.7656871412135313,54.56289525320661,0.43689512354726534,0.6576892069148191,0.2385657541451921,1085.4669580453938,1006.3680698591334
6.285293501223948,46.283783473453255,0.42841822748114233,0.649672675758056,0.23250574247870212,1770.0172089343077,1641.270572977591
4.22377648091898,188.85154512226364,0.28507897056012044,0.492712848000041,0.14067909694984201,4607.924687016026,4308.797862556039
6.893989870230431,185.17651002279803,0.20909688402356671,0.3895742882716054,0.09870886957923303,6373.0906800063085,6018.085102401174
6.099434740131293,179.74440923831884,0.25735084658497054,0.45692046571422007,0.12490047653530711,5815.830060000578,5455.099155215818
6.435132125498073,132.57802102998681,0.14426590973067688,0.2875921777553451,0.06577386927953333,4035.4061730084977,3857.189381821123
5.593132863767501,165.4882780189301,0.2585045934588617,0.4584502130629564,0.12554597423956115,4977.843803961385,4668.439948739948
2.242001386287948,32.42664864404748,0.10736071810030356,0.2227728321715498,0.04804424114750722,414.4741163915303,399.6809937654018
4.8151884322785685,80.26202754032225,0.6018067205087826,0.791818047005636,0.3752119230101748,2761.188587910148,2570.636067986108
7.892688176671557,76.46656245628813,0.3531003259101463,0.5725938423130186,0.18193089813576196,3364.144452486145,3128.6321594392316
7.561716465479832,134.41615795147038,0.878515769141527,0.9490698883688796,0.7372784041128803,7840.149652306405,7581.706286950485
1.3022161505790817,84.0723992247153,0.25497364062103833,0.4537571684935354,0.12357342459464218,880.2458961055378,825.8872713435119
2.15370371010606,46.73122069586255,0.37666285624767515,0.5978946569299083,0.1971545117597126,743.1227797148216,690.2351984724417
1.9221014141819333,127.36407357443787,0.38627292691322657,0.6078925088125376,0.20351406790392915,1890.987684548067,1755.6666578613545
6.081859369897068,166.58910572043467,0.10676119684996843,0.22167527161573958,0.04776182085293044,4648.423560720213,4483.2163661586665
6.7244973089986155,88.78222900279518,0.7713663624315672,0.8960334305724288,0.5690991810404287,4458.0808055583775,4226.153516008306
2.4945795641747033,43.80836871772671,0.1255955681154598,0.2554628836881486,0.056718383214491665,615.0110145935233,590.3666731686972
4.540968850662803,55.40387551630815,0.8521438677833931,0.9367900821615152,0.6914769566745472,2069.498840624357,1990.0666891216451
6.8849211960784,62.746994930489116,0.8136594808748966,0.9179891353184679,0.6300889862300347,3280.4331125002723,3131.4938509958947
6.129610813363755,73.98156673901653,0.5284175328687709,0.7368665981506539,0.3095636189373083,2974.8301844240286,2759.991872396632
4.795660438442938,135.70311269113563,0.5348764599290337,0.7419851522813753,0.31499991630274227,4455.164258563613,4134.251833659581
5.13243383321141,128.17018721678943,0.623022338364925,0.8064758636930673,0.39592373631492417,4710.9128175299375,4392.27480353694
4.55852382841396,145.29437508206706,0.4096400095479096,0.6314615815366222,0.2193600391187034,4179.05986322055,3876.828990254218
3.082839159231744,85.25035721567237,0.6177778267182844,0.8029003636305095,0.390724564218557,2079.4947129202055,1938.0963634799007
4.955153950013113,168.3195773383961,0.1358147109507895,0.2732123438278032,0.061652516538935276,4068.7678993231843,3896.422265171441
5.822197114350635,56.73577900803685,0.14323810187978125,0.28585756152459046,0.06527063950565842,1582.9272119328048,1513.3610295974986
7.113260411025654,104.42733455326771,0.4657843356956355,0.6840966959000381,0.25983681187823665,4572.4905990415455,4238.360534027031
5.454039477854737,164.16896987745744,0.539697840884828,0.7457687918739823,0.31909826045244716,6021.455982857648,5588.634233209051
6.327850759302106,52.42855659187146,0.8102541122686552,0.9162728527237722,0.6249408872411193,2543.4287150736855,2426.4914770516966
2.120501444682011,39.77536047334093,0.18372850712631703,0.3513463683167247,0.0855321987954156,528.215482820052,500.93685839224503
4.2309023209385295,179.06311418383814,0.7581183417551115,0.8888593215641161,0.5512294970831018,6049.285573488765,5723.340499920145
1.0653213387896532,81.72733929665526,0.2680378698336557,0.4709538977548856,0.13091580129195338,776.6643109069453,727.5792045372568
2.7267520516513613,143.09662248362577,0.41526691880802546,0.6369851563496479,0.22325966600091132,2771.4695431792334,2570.6402561958325
6.085232005791034,24.56274876750893,0.35328194786193035,0.5727932604681053,0.18204629510285994,861.1235882098903,800.8305736375953
7.942669659445544,144.20843991370094,0.42012421829231916,0.6417071123569169,0.2266529033693178,6727.010858756361,6238.804180487645
1.6942466971105112,76.89823607845469,0.22039639845806847,0.40595464969335043,0.1047054601850641,912.8801746689821,860.5338287490615
3.8104602110290178,30.033353645739513,0.502856059522844,0.7160338774200253,0.28863478108377216,800.5985691329588,742.3320228363414
6.600496780894116,129.76629707866107,0.7413140718650938,0.879545691131516,0.5293373558495859,6315.99729533618,5961.686643395602
2.428249442402292,63.344686893171186,0.4532272083031176,0.6727882917476267,0.2504708090071837,1161.2667286825276,1076.4559490127226
4.8855946451160035,89.6253035693384,0.4924908607185593,0.7073155208663404,0.2804038405601132,2901.894796602223,2690.279029962971
6.131499072207724,34.504546211572446,0.7790140682250514,0.9001089149858492,0.5796714463791703,1605.509056190928,1523.7790399380528
5.311898151821254,46.48938519709016,0.6648464917104246,0.8339137631994286,0.4393777476915997,1802.6765037806495,1686.710441807794
2.316173142307913,73.63590238925187,0.49236352681582785,0.7072074195750937,0.2803036116193965,1343.2238626198134,1245.2695499952047
3.487691980800176,36.156710100828285,0.30615651855134374,0.5186184525423945,0.15305892711092786,771.8441940232738,720.297393638736
6.48654249139778,183.94872764353673,0.8079413974759734,0.9151022367113096,0.6214694371147347,9107.481943676657,8685.242875200056
4.879585598924116,21.088467773116115,0.5616163213524467,0.7625786878983063,0.33817881068253913,714.945923220567,664.1406427307768
1.036607294800389,107.09483939557606,0.2769180880885547,0.48238580554498767,0.1359767725261247,1011.5010770024752,946.6460778432241
6.326935320196657,42.18454246385926,0.3152958021104083,0.5295189144150407,0.1585356101708044,1481.7526334545573,1381.7190229357918
1.2471794845816735,75.38223610603075,0.7425064711489967,0.8802146031741732,0.5308632199644878,1085.44939805294,1024.7237317203405
6.220136479118625,186.6907207672878,0.13531644966996437,0.27235617575845333,0.06141069553382957,5468.709250449529,5237.659750191952
2.417363921156662,49.105019589317635,0.8936737496230561,0.9559170728983352,0.7651380804810204,1149.7886599566566,1115.7480190445822
7.706514360835661,193.84981754929987,0.20428134377183343,0.3824745227355637,0.09617757287890125,7324.95374253469,6922.267714755157
3.5755852591145914,57.042987858095906,0.7368548203175499,0.8770331045765292,0.5236674049698194,1667.6014189141256,1573.1157842545604
3.2885213143665535,153.48189952402933,0.4158202534173463,0.6375252199378162,0.22364494883270236,3422.1515868761567,3174.1266319136007
2.0422163523271126,118.40190768151611,0.4937729466299735,0.7084025996109921,0.28141420306899423,1983.3654391432667,1838.7621947694533
3.1392295084315043,179.20617096741665,0.8045204619716623,0.9133631816584895,0.6163708950038806,4897.96960069755,4668.127894413867
7.136555332797404,119.71878599056357,0.43032895167137064,0.6514905444213505,0.2338647340907946,5120.728395860873,4748.090331642905
7.9743403633907315,116.22065944813556,0.5299950029385876,0.7381220130616847,0.3108856760953076,5888.756177669798,5463.7371188019215
3.5781667135479385,55.18244006631198,0.13943972992733597,0.2794130729866603,0.0634157303465767,1029.2360741068367,984.8329707930635
4.140274416681798,49.92128516929857,0.10187797909396253,0.21268015685479041,0.0454678820316747,1005.9489486822634,971.4497753544134
6.054496567419159,184.96804720079257,0.2958398984013807,0.5060745247310175,0.14695649715439638,6152.131889656552,5746.683360474339
7.2033704632555215,79.01087579300614,0.6444664743350138,0.8207781911810863,0.41774867108225266,3934.905751685194,3675.032202908963
5.151310339307489,86.97480589332127,0.1970119146873094,0.3716193693672462,0.09238334546109941,2306.010205424446,2181.860711962172
3.7406798872448053,156.7682585171099,0.19100956704363956,0.3625295240434256,0.08927454378676544,3185.0038727314454,3016.6294902136383
3.888352885940366,80.98822683610533,0.4287684864287227,0.6500063916694047,0.23275456127316294,2078.7444518242182,1927.5289171707475
5.869327025477648,191.3712403950205,0.6182696308865812,0.803236977421861,0.391209868117481,7856.345160194372,7322.400991948789
1.0225278452299507,152.82699841978405,0.6696575937983444,0.8369518293808152,0.4446163892850582,1904.1159042369284,1782.448675506566
5.337125362218885,127.5372636632156,0.24276053927869984,0.4372606415142746,0.11681730116260226,3635.229258181233,3416.042544659853
3.488451073089502,178.56112889805544,0.16367051789763398,0.31962157527365087,0.07538123505985761,3344.8292564359876,3184.1804435545564
6.5593813189395895,28.929063502906896,0.8523176271564353,0.9368725581039888,0.6917682680218622,1474.3176720431202,1417.7801013971964
1.6509344787619251,66.27128459405758,0.3085331060496814,0.5214719667247784,0.15447663199088885,837.3837934325343,781.2978311748608
5.117415868638734,103.70654015976379,0.7826771980869791,0.9020441959113188,0.5848039752357043,4146.581346415675,3937.7662525686774
4.366810229202866,60.85613710487378,0.7907931603702546,0.9062936815597662,0.5963376439211375,2142.9065228277855,2037.6538780417418
5.496278681336592,153.90293371438736,0.7180180734100355,0.8662240209387909,0.5003316416409029,6325.1972365965175,5952.523888540965
1.4539751613807783,185.45744558967053,0.23506688532205608,0.4266539978852984,0.1126133414901515,2032.6489883511604,1912.0696724059433
5.059886511996919,96.2786215875662,0.7574411674033603,0.8884886688241078,0.5503308300860559,3766.771493957506,3563.464231046578
4.930392115716666,81.5838680201411,0.7154004473932694,0.8646964884690663,0.49716518053398145,3056.647243764675,2875.6380366710223
4.924620660913197,193.07913178476193,0.5773783920849737,0.7742833904096953,0.3523748681342001,6663.62862767022,6194.891393141346
5.224413666175184,100.07343790895735,0.3697616281351622,0.5906017419461898,0.1926421573120246,3123.5615514086176,2902.2294110771445
5.735275560584536,108.02871208087097,0.3100068834132353,0.5232347769498984,0.15535805320413074,3472.489503209504,3239.4993185555377
6.634922997765388,83.29697702154297,0.19751136966428717,0.37237053485826443,0.09264300478762509,2742.461081581394,2594.596067479075
2.8887450408975006,183.7187251421849,0.5078056535206972,0.7201410972205006,0.2926162457779256,3972.69559642851,3683.909056109832
6.775345871260434,122.41198699073314,0.5682087004078772,0.7675123195938302,0.34406649775254133,5511.749181132583,5121.659066858874
4.487789775844176,157.19142569269604,0.38747119241262984,0.6091264460197269,0.2043133351333619,4387.162698164427,4073.0129799039073
1.539407953940318,166.12520930315955,0.48028725414469486,0.696843071045403,0.27089362986490734,2300.6881159543505,2132.6642346063204
1.4098565047078544,81.53282754510647,0.3908115658954133,0.6125515896513551,0.20654890360585257,1001.8992532554425,930.0332750262959
3.3396682308724257,98.06497963766842,0.612804845856561,0.7994811466657096,0.3858431753548763,2534.8203529791194,2361.629538247152
6.494278839780273,172.72491939312764,0.8210073662372507,0.921662662536245,0.6413480610272275,8610.864060177772,8230.792737617627
5.95376654318641,85.38596330164584,0.2311362096375559,0.4211696678328879,0.11048077031253135,2642.318673116533,2486.9321320074
6.520304752706845,162.90832402133324,0.40512704792249876,0.6269895257828161,0.21625632706468512,6317.3276770993525,5861.250419482995
4.6208833950912656,189.37861806339868,0.21269488316068907,0.3948322690387155,0.10060957586547328,4656.6213828958535,4394.749470600844
4.081392985688434,132.17786715224125,0.5999550163262656,0.7905139515712414,0.37344383430124206,3968.8276726032236,3694.497216738328
2.0321676869439877,153.49291174134,0.6830964075908766,0.845314315090008,0.45952960099343826,2888.919659422576,2707.9898939484533
3.297349275265181,164.91751616740427,0.8455301860779647,0.9336350763717851,0.680487563884553,4764.454674254662,4575.491428053452
4.038135563217127,172.10713680139565,0.32309754100877197,0.5386701921620192,0.1632645399053678,4184.388366269703,3899.466486907612
1.6202030077573206,91.10960081422327,0.8601689646923442,0.9405773014032214,0.7050723859162786,1614.5882818966952,1555.1901243459765
2.544283668978479,29.22742265167967,0.15061013745653984,0.2982133230491694,0.06889253247783719,426.7737202749405,407.3687431578682
5.187577058446172,92.33772882261312,0.5824110906916705,0.7779551336653009,0.35699487512714484,3338.9723869889954,3104.943965440962
6.149641799674329,141.27612136113618,0.145706175474664,0.29001633302895047,0.06647998583366954,4141.009573833157,3956.886337128448
7.988432579750647,101.0630694405427,0.8150193502095558,0.9186720501140739,0.6321570558107245,6026.7330392829,5754.499077575801
7.531793319404904,154.81336715487174,0.5238472456560433,0.7332098554757741,0.30575373360401437,7426.259158226096,6889.043632562986
5.497956396746341,84.2568373043595,0.6354786806102368,0.8148450178617233,0.40848841611075687,3306.1419254347466,3085.498768321209
3.948736373058504,134.2539453987253,0.7652591407283621,0.8927443873568194,0.5607925691029033,4306.023636228034,4078.2664854800987
5.453241552957629,53.555564873715426,0.22024849798717502,0.4057427362948802,0.10462644717429344,1522.5893159972811,1435.3127056078006
6.499561326561624,154.88649859609225,0.13087324955050708,0.2646796377684036,0.05925994377563822,4691.504654418006,4497.900708630089
1.8283533364637112,118.22527438634465,0.8031049167302817,0.9126409510288522,0.6142737556745704,2206.5119840966618,2102.4590443188936
3.8693342278740177,56.731589938388105,0.351946581967146,0.5713254203099946,0.18119853647151776,1365.384364826863,1269.8865069798967
6.878615999449321,72.5440112296053,0.20318312634173222,0.3808452634167884,0.09560229640157462,2477.9671517347674,2342.1607527323804
3.686830663531308,154.7495675447298,0.4747689896696693,0.6920321985057801,0.2666557137105352,3939.824369300909,3651.9839836402543
5.003105898590306,106.86822241907372,0.5786448605568151,0.7752103234507796,0.3535334346272049,3740.176688416707,3477.3166704297387
5.114385526035387,58.885659270752996,0.12477648273800811,0.25402277985016547,0.05632520465200916,1445.2077303013816,1387.5684949111278
2.2913337719354754,194.10881426665358,0.31991652660567016,0.5349558410963838,0.1613303563291414,3074.7914855595136,2866.1395594074966
3.535648091566019,148.72250356703984,0.1262398994215168,0.2565939011599847,0.057027914278639166,2711.6413083877837,2602.5817343863455
3.341579021193525,192.2842698571633,0.4362683113563992,0.6571006951920347,0.23811491145170277,4408.209216804165,4087.01766795522
1.1833769597244537,96.87890816486178,0.8160800232529954,0.9192037440903631,0.6337750119329792,1404.0072186237353,1340.8411141849106
1.1693423472394868,105.51806132450969,0.8861219291948553,0.9525245874105097,0.7511113872356315,1563.971544331396,1515.0158806196073
6.821879305730414,181.63193891330346,0.609638042802902,0.7972890111186439,0.38275900844985355,8445.657479028176,7866.8944523606415
2.9114956698096868,114.50888124416923,0.22931015502767346,0.4186066077976713,0.1094935157824446,1989.8921037442908,1873.3560663200687
4.626551363671708,147.3102041430201,0.8246795119994447,0.9234834319513119,0.6470535694735703,5522.542111149603,5282.3455753577555
3.0910790151214114,65.3911179491954,0.5129982585600484,0.7244116940897872,0.2968293404521393,1492.9381650484272,1384.5641794528087
7.584754715807383,100.41076436647529,0.22299944968233448,0.4096736511743872,0.10609838807522705,3807.317040736689,3587.6153043913246
2.8150773120604162,42.22097584586392,0.8373813355613291,0.9297050247748828,0.6672062157488786,1079.1494219754795,1034.6945796388031
4.007597689172545,57.0764064578531,0.7059752405784824,0.8591437783389796,0.48591266774014674,1796.5756377356856,1688.3010162785627
7.109111753392213,20.169814748173597,0.6853642181785212,0.8467077817896189,0.4620878462912414,1016.5272374696443,953.0895640343022
6.89353496754266,27.067709296758842,0.6673445630355237,0.8354941674885115,0.44209132520488187,1314.463129744813,1230.197502931192
2.302709924923941,195.91108817184727,0.2602718568771539,0.46078645832177706,0.12653654176725634,2956.64670530352,2772.2869739669272
6.618503168569973,63.62366512461721,0.26880535336602085,0.4719500356320798,0.1313509358969241,2231.8384843425933,2090.6049196840895
4.207308207165249,139.39592771072034,0.650634398741804,0.8247996884254151,0.4242006409309539,4422.743250824336,4132.853964184761
4.380782104597486,171.03794578393007,0.27577820008831755,0.4809298142940539,0.13532390314777906,4263.753116882386,3990.861513385422
1.9343598069116066,119.11888266258157,0.4509373574424391,0.6706982841358462,0.2487830621205493,1865.9899760760268,1729.739662253074
1.5642105962998727,47.56601001511211,0.7256014604751532,0.8706140110260946,0.509608830125335,774.7322159028397,729.7732542074084
6.095575148816357,151.06095872050994,0.7271620144782728,0.8715109421807691,0.5115373568570879,6813.908371002836,6419.755605425317
4.475228066487098,128.04525381792496,0.4626094180206878,0.6812616943647084,0.25745085126471745,3774.888695818473,3499.05597272955
4.057954918306256,151.6251060825275,0.733751950620196,0.8752744409687473,0.5197556073445906,4892.074058670703,4613.00773897406
6.106557600566777,158.5543921142757,0.7708974369584455,0.8957819822272214,0.5684571419677216,7323.018974953302,6941.552117623765
6.358590292937768,195.57386618325413,0.6238206010274082,0.8070173719035721,0.3967197655601994,8629.800316380406,8046.575477299211
2.112357173685475,123.2413904048078,0.2827406818467362,0.48977118540137804,0.13932668177349608,1787.9599605137319,1672.2943159100103
5.271576046343489,81.49540028430833,0.319209424308438,0.5341270314438649,0.16090154539736767,2458.3791493665085,2291.6854260731193
1.9474785759437987,136.72362024204267,0.35187292432698836,0.5712443456803437,0.1811518213649724,1991.7206417567234,1852.4237541606299
6.25962560220332,32.3193276636727,0.1934432861871616,0.36622906307416975,0.09053244045219037,1007.8563623151789,954.1750974657435
5.5986860938699765,181.53151729788553,0.3185276962959561,0.5333268734984355,0.16048851179102452,5758.353264405971,5368.193567833818
7.696302347584206,41.48858204087542,0.26761537945002567,0.47040487477042553,0.13067644649278826,1659.5047583806358,1554.698833677138
1.4827061144949483,79.01171081944729,0.4642629998468818,0.6827402640395195,0.2586919976467562,1057.4965559554373,980.222271122948
1.3993830480587803,166.83416851270175,0.826750038297812,0.9245056688206766,0.6502941325004643,2669.5738566578216,2554.444816819896
2.975309522852401,127.51622809952813,0.18358425340316648,0.35112304682663176,0.08545836952066715,2156.9923482574904,2045.652054014048
2.8319397861513416,90.85439364993958,0.6762143391579165,0.8410544339276264,0.4518402891846174,2152.6769825255183,2016.4359532550807
2.7288515935039985,105.21841868750386,0.6498264035305021,0.8242751749176367,0.4233508687243068,2389.4055762022376,2232.6333863881905
7.343782063647257,173.81853077639246,0.17660335893068613,0.3402330487795918,0.08189997972397803,6129.673812796214,5820.727717812008
2.7468233989465425,81.20078949078058,0.8380579239246401,0.9300331430693447,0.668298273759787,2038.9129771074192,1955.1773128932605
2.9036480829004168,176.53694326619083,0.5547777617254557,0.7574017574643649,0.3321450997406564,3955.8376902558116,3673.6295775251315
6.315787836925746,35.86419757580447,0.39098041690854746,0.6127241544978026,0.20666220159448082,1338.0743864303029,1242.086519877165
4.14817889715378,159.82371869755355,0.7052308667962454,0.8587017051134662,0.485033761417031,5169.867056326941,4857.875127213513
6.436973898686269,172.55857394985253,0.30589236672130726,0.5183004624290561,0.1529016306961909,6103.125230431195,5695.667092860121
1.4575631029506968,52.72717751072098,0.6548078696370563,0.8274979515105289,0.42861207153249553,791.4522639046264,739.8510728613023
4.41299835571369,97.46237582699608,0.13176896605779778,0.26623323495981505,0.0596927023904865,2132.7119239314015,2044.2753405988908
1.2352952012829785,49.789959439458016,0.7715264300874176,0.8961192210513266,0.5693185037055437,723.539291229247,685.9145485585685
1.4385724241874818,147.1887432189592,0.45853667761705486,0.6776011222053234,0.2544079794343931,1926.8807112971167,1786.1044799689755
7.345062173410876,116.3625982510982,0.6093543314863534,0.7970920550056123,0.38248361554890337,5771.6118036270755,5375.991669496755
1.9747175978231661,134.3582024074978,0.276990255845347,0.48247787369122636,0.1360181387793805,1853.6513285714461,1734.7862629858528
4.72694477592652,55.367654052118006,0.6416589701267583,0.8189342280714477,0.41483821566788853,1921.825164593981,1794.4773579554649
3.8776692182049457,58.114255169435516,0.7177922207146213,0.8660924712894612,0.5000577163952731,1793.1038847421878,1687.409701168679
3.431403283811899,27.469518591783146,0.478570549507519,0.695351519725362,0.26957112288385926,663.0519842484323,614.6213819523044
7.298833419810907,77.97215633523135,0.5941815392494355,0.7864218172697196,0.3679707091244053,3809.8380519683597,3545.2251286369064
1.1527637774284265,120.75403904006149,0.4650607390579189,0.6834519967561993,0.25929195027086654,1402.2083849899054,1299.7440117405897
5.646527803229124,174.4282845195192,0.8152730954062765,0.9187993244934763,0.6325437284415433,7692.482786037738,7345.338073384451
7.743761039494853,140.04694054256254,0.4982953444114554,0.7122174693541373,0.28499548815685116,6764.078863003291,6271.327646673041
4.921177284232893,98.37133821195526,0.7734469672230552,0.897146919886576,0.5719564770502092,3790.2412502539287,3594.1978223340247
7.557757234231643,191.5616205909448,0.7410816466161989,0.8794151606385553,0.5290404111768237,10496.74968329155,9907.599555574008
1.3658051550021664,149.46413610364974,0.4284038570786852,0.6496589794877391,0.23249553683594493,1856.1489775221883,1721.137804630763
3.93155323351913,187.429736515259,0.28406759348598004,0.49144218731510736,0.1400936341139741,4313.58562151753,4033.9827357239315
2.8211045367343583,114.96583518898981,0.4248657060478168,0.6462757511411009,0.22998967796302855,2299.798172750595,2132.6683401348037
6.115746754865109,66.60276946276512,0.7609739006201761,0.8904180649954712,0.5550346354557788,3065.135636349734,2901.1828655809522
7.869079633480727,29.508803545649958,0.28210602865551393,0.48897038153970546,0.13896032019586183,1219.2715072945505,1140.4700899186546
2.7957104371097348,150.69527326709309,0.5195490766861995,0.7297441406924245,0.3021981048872691,3206.539726472715,2974.2397770410157
5.579222210318521,41.83453964099614,0.744877398368598,0.8815409664256909,0.5339095069013007,1765.7827060109303,1667.5339179513844
2.3866834293181807,74.49952308895409,0.38278198010270303,0.6042816923169716,0.2011935466729867,1278.4227550602468,1187.1124455280074
4.95731178200127,115.84476341910153,0.6137677096021579,0.800145378217663,0.3867846478848865,4113.013978724238,3832.251356635994
4.247527406818353,121.59498580035458,0.29650525923905163,0.5068913129843536,0.1473475564361408,3010.11490363069,2811.5602859524915
7.804037307420759,128.10497545768447,0.18742355629452795,0.35704336283435206,0.08742748699170082,4816.873071076334,4565.100789505725
5.259690908875266,49.92595946294611,0.7355073800742851,0.8762704402642945,0.5219653281035903,1995.3572524961594,1881.9662656595522
3.4465446046077313,88.35273286789678,0.17917489872696546,0.3442635249104059,0.08320749758410582,1664.5775015535696,1579.9254182726318
1.7986704942155336,131.09496088105402,0.31710511606366765,0.5316537076286935,0.15962785193114395,1761.585650561727,1642.417384207875
2.058727801144542,194.56739563408127,0.7840875375979521,0.9027864187588698,0.5867920802424111,3892.4079160793117,3697.22144554118
2.5772185096586457,150.97360478594396,0.3771754296629338,0.5984325180022378,0.19749146310600263,2724.3106235602722,2530.3629958251886
2.756766629382086,186.0686762769124,0.8784362796113289,0.9490335821517994,0.7371353675985869,4761.96494530567,4604.909567150021
6.954312404887965,157.19817049655188,0.8837874678190878,0.951468341436081,0.7468348006937136,8535.707945265745,8264.126304989499
4.928559517977675,126.50905440063208,0.31462081636284533,0.528720556618862,0.15812882015282698,3593.5363349236077,3351.122228376192
4.663736379620565,54.564206444542016,0.13278257779991237,0.267987616433672,0.060182917829757515,1250.5880823362847,1198.4488624097971
1.8033821030845223,140.00341734065233,0.6640506273643033,0.8334089172099682,0.4385161491448397,2410.05269137804,2254.844096154024
7.020977853446045,132.20832187278327,0.460789202118675,0.6796290163074596,0.25608844926826557,5702.259608772369,5285.6165087446625
6.059700122459386,128.44445068230795,0.18060227516766103,0.34649114441106804,0.08393490438884589,3847.3613739978477,3650.745795106124
1.473678533300011,108.16145623788333,0.6660182551824343,0.8346558739185475,0.44064886071521414,1644.7940367335427,1539.1563235321987
5.954845680608381,115.15818871806961,0.12493992728953698,0.25431035460543283,0.05640363450276677,3215.30880353958,3086.9515522431375
4.804767521398523,80.19965488125874,0.7961573523937937,0.9090737217190685,0.6040860643487475,3062.1577106752866,2914.3338928928138
1.5720774202274477,113.47628467561456,0.210922023290643,0.3922464407932602,0.09967201985651392,1274.6823456666436,1203.3315964876892
4.208104490700595,55.56006302212609,0.20184950299738003,0.3788616866229997,0.09490470219798104,1252.9622792737007,1184.5517591384441
4.392874009910329,164.93139152486782,0.24053783837486764,0.4342136388087681,0.11559869085415138,3992.5091245299186,3752.8857949057056
2.1604217811429303,53.43985184576741,0.8682130867936533,0.9443289445613015,0.7189961233851409,1145.9665775732808,1105.693755797758
7.619887029001976,35.29393218010395,0.6545354882030768,0.827322407910402,0.4283230205983344,1857.882866484627,1736.7098773902162
6.9498276003646335,98.52428474428832,0.7410972283709094,0.879423912860444,0.5290603134119548,5015.229850087976,4733.75043160053
5.683156361303758,138.49533911109114,0.41810798858620246,0.6397522174479415,0.22524133775219118,4820.721602969915,4471.077576070133
4.236068927004251,98.78902848803745,0.36905018200396444,0.5898444586247574,0.19217953555459003,2592.3792013084108,2408.772668609144
3.8823587910915593,69.81574375123554,0.28758720542653593,0.4958530217685874,0.14213438794190303,1595.636982920232,1491.6772203317435
5.556814270056679,120.47081310027933,0.48451842264992717,0.7004998350818485,0.2741692223201856,4320.933242492286,4005.496970901336
4.818023085848338,82.46042037419599,0.5414629868273348,0.7471461395985923,0.3206074278004261,2729.6898053114596,2533.638453909527
1.4359117411731992,187.91618422279396,0.6054198749222043,0.7943510824001997,0.37867991182032845,2714.082245917246,2527.376342085565
4.587518541392322,186.07612512864299,0.3056948031989556,0.5180625236840936,0.15278402236901434,4943.740206494852,4613.76567292222
6.644825320629876,110.42692759497719,0.8589232647223926,0.9399923566246109,0.702942932683213,5706.714268719905,5495.343748275701
4.2146791431787065,79.01911892328653,0.2358067985657087,0.42768139386848936,0.11301592307464926,1841.6303878605677,1732.2065789310882
1.3636960428798788,152.68383451219503,0.8725225398131299,0.9463206909494324,0.7265808811730444,2452.9245975838726,2368.932554322057
6.503947395688232,26.608329826951994,0.11188489800600304,0.23100798438809803,0.050181089054903594,790.9056706047369,761.7883231260079
2.4095464749518207,105.45842108785722,0.4849005534534765,0.7008287325315578,0.27446617969836484,1967.4287213152747,1823.8088480241204
2.8103458442162714,80.53821096866004,0.3666942704932502,0.5873294165944852,0.19065097157960992,1535.0664906141626,1426.517372197908
2.1529444740260715,185.69645931845983,0.4592987311442006,0.6782881054301899,0.25497582078834835,3144.901474550254,2915.1292428414367
3.311505454100483,22.16054490908286,0.5565316631846312,0.7587352819100058,0.33368549374417356,549.089312503337,509.9555336587354
6.297260539820445,119.50667762930283,0.4484713264101673,0.6684377259418384,0.2469723138776654,4647.0232487084,4307.797304872927
4.635701016527562,153.3194445919927,0.43187748024127603,0.652959141074929,0.23496907326924774,4547.591952580991,4216.545409254651
2.434168919054988,107.30323775432743,0.6861787323306452,0.8472070300452005,0.46300966271160743,2291.2652756461644,2148.460539841676
7.144810547064286,35.3725454292899,0.6487010200691717,0.8235434750982953,0.42216960295960226,1753.411748324147,1638.2070938317436
7.157072984660704,195.0430502050224,0.7666170256286783,0.893478345842927,0.5626291812845174,10318.328746186491,9774.538554117875
7.094048975322048,113.24187764769762,0.29996718499159647,0.5111237256996908,0.1493878274253549,4336.932285088583,4049.5513310639803
2.671573479670775,130.55352397742206,0.5876228078032509,0.7817247247312675,0.3618249607141268,2810.559512935339,2614.3361863968103
4.158675409266917,62.58976088735132,0.5681558283142831,0.7674729710705853,0.3440189956931805,1869.7019542980042,1737.3706805940833
7.894927592986125,107.02965531922469,0.39579024869815105,0.6176168512563898,0.20990150890423234,4873.525230920798,4523.104377119207
6.404087334169932,97.24690855249793,0.48884603352214473,0.7042115254991662,0.2775432608065627,3950.817645088368,3662.555080780409
1.1901719485789188,33.48125156035707,0.351025714644583,0.5703109987185131,0.18061485363876387,362.17044064724735,336.85830506376493
1.4564321388234442,39.1088636385441,0.21347551809358817,0.39596782945275594,0.10102303091602455,420.56502737919146,396.86591316230573
4.247519637686329,170.74505353137943,0.2710409685301863,0.4748428992230732,0.13262087765882433,4133.688925803835,3871.133329129267
7.364541441030921,63.16759139718624,0.1844109171209609,0.3524018862173559,0.08588162213389237,2250.0634553962136,2133.601349836546
4.770912585669,55.092488869753495,0.6464556601520993,0.8220795703473351,0.4198207289632521,1932.4168150295466,1805.1005735907602
4.484687556240031,110.88406122502506,0.6285819144873213,0.8102324632137144,0.4014936670167114,3657.3385970087547,3411.4011884081856
1.738315899696414,158.37448364525233,0.8604850972638983,0.9407255778559057,0.7056139258732143,2933.50598276333,2825.7739390949846
5.597460733070058,31.150373344217826,0.683742730917793,0.8457119673294171,0.4602574536605699,1276.1181841871642,1196.2769795384334
6.754722124201578,123.82542553488605,0.14163667100490518,0.28314704969239773,0.06448766677242992,3920.6474582647134,3749.6685837997534
3.662940052552936,41.45787971130321,0.8073961391431633,0.9148256514340591,0.6206538899337172,1278.1435092122647,1218.7709455555525
6.429282956477293,26.562989148611322,0.7901401303565806,0.9059536949504672,0.5954012351718516,1294.4142581623244,1230.7056096826739
7.751336577305681,29.49391138919913,0.454656256618159,0.6740882273067083,0.25152721998583066,1381.6986593724498,1280.777593907074
2.4263652138938236,170.14953947751945,0.5686904404223373,0.7678706775494644,0.34449952046013527,3377.115242971554,3138.175788234406
4.663307418363189,41.23504705305108,0.8808626659780151,0.950139923316644,0.7415156321366402,1592.3583301303463,1540.6764541516745
3.0099657065920287,28.127245594212553,0.525843491078533,0.7348106573901577,0.3074141267582401,635.0097051969475,589.1060370079881
6.549980933236876,98.82197968572422,0.8242574627008719,0.923274674304366,0.6463951146653126,4970.3035388464805,4753.755420936525
5.043153561168102,171.91882494956445,0.16643100624814916,0.32406942082739815,0.07676474245138941,4347.6514138373705,4136.578524768568
5.442076922852126,67.23350776807435,0.2528414949669463,0.4509068768900402,0.12238653362342106,1965.9927739236782,1845.0708354746728
6.585399117311258,95.90827115466494,0.45260395475305426,0.6722202920529207,0.25001082735109287,3888.5192882839433,3604.544343572419
3.771793308637184,27.186055861475218,0.5678054466698438,0.767212120155296,0.3437043169357662,751.0346700802924,697.867110155227
7.405630478849303,100.83413254427765,0.7529822814902402,0.8860383824444747,0.5444485263283109,5459.896721938422,5161.921504133097
4.731202070722979,123.97035451468406,0.8906096921145495,0.9545450878639575,0.7594111698532534,4862.613929571981,4715.277684822282
2.105683759847436,122.76326967538606,0.41108119717929315,0.6328818088311872,0.2203556586093013,1975.0519599473143,1832.1404802944858
5.871293827181617,79.83680459138573,0.13793250891206796,0.2768409191985982,0.06268178480637791,2231.5411700486593,2135.9916813865107
6.552829453067781,76.7959725193644,0.7409372026362598,0.8793340168110223,0.5288559494884179,3713.662044565048,3505.1574785674497
3.217331739472687,39.19225140858762,0.5835045752662466,0.7787487924145161,0.35800440648711895,966.6152791838044,898.9197605929264
7.0002547989912705,86.02369771632831,0.25883428709456135,0.45888669193115705,0.1257306032784816,3140.743910011106,2945.410603263497
7.343002783360365,37.90904039713364,0.49586276529713613,0.7101692649635667,0.28306575737356066,1744.0501890447356,1616.9411503188212
2.9383314116446626,157.98727004816928,0.6938481964269795,0.8518762167225027,0.4717678927343363,3885.255054811201,3646.1128212521007
7.884650309006554,193.92937359467345,0.7163294296549151,0.8652393233715179,0.498286859373181,10890.717938787751,10246.94171415426
1.9849806963413088,194.61340220000724,0.4996947295990096,0.7133917478216713,0.2861091780853276,3212.014750200182,2978.090484823753
2.4141096788174297,175.7127978875709,0.3441716241030873,0.5627037111901709,0.17629414223748643,2946.242644040822,2741.5119631823363
2.289573874666183,128.14258688113142,0.8789940656307949,0.9492882577919076,0.738139729506406,2872.270131082465,2777.884671387282
7.257927970055093,146.15582550389837,0.6306900887651943,0.8116479698648692,0.40362170582447016,7267.4472270697,6779.859155755089
5.580047866274733,71.33704448247454,0.426590015477039,0.6479273144986466,0.2312091925484633,2460.619127389208,2281.7215430947663
2.0647299825559102,133.53867563107173,0.32437057936372193,0.5401501973817786,0.16404095017861384,1977.0955202087782,1842.2909005268687
4.082263928578443,102.01691889917794,0.6848823864028497,0.8464121412914806,0.4615432841674539,3221.488288471617,3020.2941877183866
5.307086175488614,106.76312115984786,0.29374675647501414,0.5034979409263636,0.1457285077945736,3169.027758466141,2960.7680717379185
1.584248594925683,156.39978086752842,0.23736799117895055,0.42984401937464545,0.1138665533066541,1808.9823811088233,1701.1361218411425
7.176914578851371,70.7453040075053,0.5238671111696562,0.7332258132189402,0.30577022862117087,3252.477387686264,3017.194850801055
6.625224748090746,77.24713010501358,0.33198991411531353,0.5489316960637717,0.1687162888191409,2863.748732351125,2666.97602983187
4.536447415036468,186.4355224031546,0.603124115938892,0.7927433907953624,0.37647362487334574,6111.362432462743,5690.0958880355365
7.769886306814193,30.120373073175003,0.1943509398993868,0.36760391684834204,0.09100247860390774,1135.6717343563378,1075.015537278751
3.924326854925698,107.41417371440127,0.6239528836538573,0.807107037950729,0.3968517979729111,3172.0393474559833,2957.6938222199983
7.888772233255485,184.3041440734151,0.3266372223981618,0.5427762366686869,0.16542669523163883,7929.246711272734,7387.331800440847
5.67543999162539,129.86534140726826,0.1001943475476102,0.20955584649627093,0.04467961907972102,3392.4493867927567,3277.585213112328
5.44269891277759,118.35327335818377,0.2015488461393411,0.3784137301459118,0.09474758435309369,3300.8055555995866,3120.739157772366
2.1616842670704948,64.95395226128394,0.8468923022680753,0.9342873870621383,0.6827352824105252,1381.3927340745104,1326.965554486
7.173494308132508,81.78958803160069,0.7938837112922863,0.9078981483343921,0.6007895040784825,4392.5465548178245,4178.921317292736
3.992427815444306,173.36871484484473,0.2868872256289895,0.4949782711793353,0.14172777715850635,4049.192774182352,3785.6436260064897
2.1356338404773556,120.65926371832246,0.722697523636393,0.8689391118089929,0.50603788960785,2399.5170585985497,2259.4455206975763
1.0882526398303134,112.65359487622038,0.5868572745391795,0.7811730947979189,0.36111253984939096,1378.6983717615428,1282.3861016761523
4.918289785468678,37.92434843720521,0.8767237691598956,0.9482503843183069,0.734061381653895,1528.0068817878823,1477.0493951608428
4.691797354858734,22.885068161922163,0.39888452762724735,0.6207411786294132,0.211997714887371,668.4181676898024,620.2891253150054
6.03547535658411,193.46333396366884,0.645168490013737,0.8212379519261088,0.4184789898031316,8266.600690549747,7721.109601224519
7.231806371124615,87.8575101116315,0.15082857793913487,0.2985764090971104,0.06900029594456483,2980.211979669721,2844.5729149211256
1.5558460925012065,128.57835117791078,0.4169978774531248,0.638672757787855,0.2244660025075332,1710.1290654096963,1586.1379429216856
6.120475432382537,34.348713173711296,0.8710541289505443,0.945643428883218,0.7239864572530312,1661.3780730374074,1603.9768519612987
2.3118836086830754,142.96057143014838,0.5311846995600965,0.7390665474892746,0.3118851543098488,2675.3406510973177,2482.3395413480193
7.007239372100148,187.86200756707296,0.3303036026678757,0.5469994112681671,0.16767732270924507,7303.147730344664,6802.170290859894
6.733444597031593,123.61974553953554,0.1962167705028855,0.3704218555804681,0.09197027241681295,4117.485316459197,3896.334037680182
4.785556284898811,42.7007580275739,0.6628226721452244,0.8326287032658397,0.43718952963402535,1515.9321341056489,1418.1411937826626
5.971699590363181,124.7098749452258,0.6158848347437814,0.8016021462760607,0.3888609024749199,5188.43481355454,4834.9844281812975
3.200450792286239,157.94249835883744,0.39915097088301976,0.6210093633806014,0.2121786687126208,3405.1148391027486,3159.902635043655
4.298175292529702,93.15497658332336,0.8607530814926675,0.9408512172483091,0.7060733459144947,3338.8554802682593,3216.417741701062
6.751458283973301,178.3707946294642,0.11776225039028027,0.2415825830473467,0.052972005307208095,5510.044039821469,5299.350103438329
4.214856380212497,136.76293160432562,0.3429790813054606,0.5613698023986023,0.17554661415855163,3499.2196605440927,3256.316840639379
3.5045878572780924,181.86480529205645,0.8368555890396652,0.9294498309873187,0.6663589455550495,5487.26893032852,5260.690366115568
4.459487130752099,132.2309560245207,0.3567483506555523,0.5765860047231982,0.18425443995159674,3582.177129884618,3330.6875333849434
6.797744767060529,43.63183496086836,0.3018022670841363,0.5133554463379366,0.15047312568967297,1612.3822051988905,1505.2872490872317
3.346456331596109,75.74450799893404,0.5273763279449979,0.7360360755371925,0.30869298635258996,1855.461772945923,1721.4099900993856
2.2163311519502065,56.323090685442246,0.7590413999364304,0.8893639358384025,0.5524567473520015,1170.4905069127738,1107.5703673602522
5.9840981423154656,183.58876958903522,0.18251740870268884,0.34946930939048093,0.08491273379229573,5450.314445990661,5169.976304038406
6.781847488956573,156.87201211174687,0.8544165677165889,0.9378671656111254,0.695297791549951,8237.082256237782,7924.602999692774
1.7044623496647333,141.7517064038011,0.7360583049449313,0.8765824628913615,0.5226606283812028,2448.3536031852536,2309.3877051751824
2.6791187892916133,74.17393753369191,0.24500020444124157,0.4403168377977844,0.11804859683359992,1229.9358047397918,1155.4378640643108
1.9938039283269573,53.128058969038435,0.6696063689585301,0.8369196066114908,0.44456033798439193,979.7909226041202,917.1806819961838
3.4355898810751664,156.16119583800412,0.4079669781100458,0.629808098393049,0.21820697375386947,3579.5940588546246,3320.8793293490876
4.152456852337888,105.34843025823434,0.42183574246105493,0.6433608601792556,0.22785456984501062,2835.133333947166,2629.272893106035
6.241784358743145,60.64211938711324,0.7266320739510931,0.8712066039778948,0.5108817078301144,2790.974507207732,2629.352715333397
5.558033094171719,130.9919560697495,0.8702278463845857,0.9452616902806503,0.7225311097260579,5833.455197165001,5630.897855918613
5.346499972349018,27.260093384921355,0.20132469827775515,0.3780795813335333,0.09463048465737456,748.7574798651115,707.9372114795157
3.466624626267581,78.71064574308564,0.4365041895030556,0.6573222396459029,0.23828451803145603,1856.7803620531265,1721.4852549347543
6.89013287159332,104.34025902640424,0.48475328646744287,0.7007020073439904,0.27435171494196875,4504.138870365534,4175.3368357366135
4.2990101717871525,46.63250013969305,0.4010494535639981,0.6229163885926607,0.21347010429724075,1270.1724120206882,1178.6278535732692
7.853734566106081,197.23780596635112,0.39055129897298,0.6122854908408344,0.20637432153278712,8902.830661799431,8264.316530623879
5.438994968070158,57.63752562613057,0.14181493404927725,0.28344924101342756,0.06457475644697468,1515.5940135657024,1449.4419570520595
1.8838531909515193,43.4635634077878,0.6484308964500987,0.8233676466351795,0.42188646442574135,762.7220180880369,712.5920555630951
5.733242934528038,56.63627729964135,0.4489715336960364,0.6688970752453445,0.24733903191748394,2032.8377736862858,1884.4352067124078
3.2757281080218927,158.43100396875036,0.2558350421151414,0.4549051901686992,0.12405383629381528,3083.125977911783,2892.4258668671614
5.804290376802682,96.59101866893171,0.7528268018416547,0.8859526367244874,0.544244502421955,4233.428746220857,4002.3003889775514
1.4874880371368402,121.77486915545684,0.7420485985213023,0.879957892580086,0.5302768109149957,1940.5278142828856,1831.8510735623054
2.2241700602317156,23.781648257544934,0.48911330247111506,0.7044398198837168,0.2777524332716913,420.8059717775721,390.10393865145
6.990160812340505,26.19763554319662,0.3387605289182084,0.5566263776828382,0.17291223694689614,1023.4409819336537,952.6662580163588
2.590256899164604,100.24859896886291,0.6104741806371619,0.797868928134474,0.38357150387402217,2140.7099283714238,1994.1255195252434
6.859287876700581,166.99794377629223,0.3305217086219224,0.5472496889585537,0.16781156583365253,6373.262347650322,5935.97804967551
2.954932619180873,179.34299816736174,0.28880634425896967,0.49737363259722234,0.14284346058747274,3323.8073178221202,3106.8751468940277
5.500173370410954,35.60718216721524,0.6844117232210614,0.8461231332787528,0.46101187839714663,1437.7243457856723,1347.866477723767
5.859054014568817,116.9053583781841,0.13226019177676057,0.26708394943331154,0.059930209117464,3243.188547007139,3108.3499763989244
4.58858327201537,184.38134353026868,0.17581477682767518,0.33899261325559993,0.08149978102851892,4351.754402488964,4133.028666050414
3.1371747368771192,89.83509579161955,0.10543053921887183,0.21923391508663093,0.0471355981274707,1462.3828304045126,1410.9009488183945
2.488510634597673,169.32184965710636,0.22235454918034092,0.40875415589348985,0.10575288725531778,2607.377042534641,2457.1513249385425
1.2323254819369835,44.06521779189852,0.15519200696836757,0.30579309654466963,0.0711583095282482,407.1073409833802,388.22308663747015
3.1276248086850664,188.37100814020377,0.8966418942239349,0.9572403248466236,0.7707329902850105,5333.229159468381,5178.957463471708
5.572139533718981,155.25619715563448,0.3310479759632717,0.5478531453832489,0.16813564672684247,4956.94535056886,4616.660781052518
7.568133729139379,189.4401907016423,0.21941441013539784,0.4045464207907811,0.10418111360360847,7145.31342442682,6736.575770724745
7.098431375841364,141.79110203945118,0.29279700639673434,0.5023252819229599,0.14517243003304292,5399.683745425956,5045.2933874380005
6.362453435747118,85.41270775989686,0.8489004572321077,0.9352466897121695,0.6860637616857793,4233.517392583166,4068.353906944899
6.519131402773091,188.87261105445003,0.5161281784195165,0.7269671206638543,0.29938695685259975,7942.541608995096,7366.516953101989
5.654894324331967,69.60201973565214,0.3918544770462855,0.6136165638176422,0.20724914347377463,2363.8473059432345,2194.200951970318
2.822008002962021,79.79105397111186,0.7987131663273755,0.9103903660552537,0.607813664027072,2008.3079440951317,1912.1765244498995
7.350365214940809,146.14551524031327,0.415992216439226,0.637692945825556,0.2237647516104714,6345.746444385302,5885.804219209143
5.695126183340839,157.75693391456952,0.3680068559661567,0.5887320545738426,0.1915019644780236,5288.9220976748165,4914.593237125892
4.923084416863079,187.29262709284768,0.26582601803978845,0.4680743949889006,0.12966413941831204,5094.393181650016,4773.633852916527
1.7769262844943676,56.86443363011771,0.4022374591275292,0.6241063001113962,0.21428010981722304,812.4293910170676,753.845949674681
4.129388806644978,163.6396463394603,0.35334748481354084,0.5728652019469211,0.18208794253297228,4153.477337993916,3862.649546145454
4.222507898413484,152.93828961145343,0.6418431674385128,0.8190554683442574,0.4150286671875306,4841.472142369313,4520.726483264849
7.05194526665869,31.483020125647617,0.3316661637365817,0.5485612143015184,0.16851663328401917,1232.1391874090414,1147.5037968572456
4.8265375413145195,89.70016541783725,0.5617597971380491,0.7626866547500938,0.33830620055905003,3013.880110168524,2799.7268725913536
3.6628038427928677,70.89778227081774,0.15271373202557817,0.3017026875980339,0.06993136957290254,1364.7941107461834,1302.1598360419023
7.837602299574615,74.80827638372547,0.2530313253572115,0.4511611496053837,0.12249207724142047,3001.433234710564,2816.758242387463
1.7750441532842096,196.93043831984616,0.42592421728907903,0.6472902274155568,0.23073792364767612,2863.279150537676,2655.1422085754257
3.9578389981836124,135.69993442638702,0.8495594031269563,0.9355608507488965,0.6871597875281212,4530.51075951848,4354.338613633315
1.294172726199837,149.1817084028299,0.4018015885725563,0.6236700371387389,0.21398275719160118,1760.2528485938835,1633.3462179882445
6.179328845368513,195.79117471670165,0.6312592969598673,0.8120293154446637,0.4041977932704292,8466.81374811156,7899.110043230325
7.4265358653940545,87.89632084237496,0.30406977793711853,0.5161018637888337,0.15181783032805302,3516.907206449385,3282.642109192952
2.9602613068534263,164.33123032150507,0.20162686077858538,0.3785299935078309,0.09478834808831255,2817.3960041531855,2663.666478878331
7.008391737593846,98.21557339480917,0.1468292800640401,0.2919013696642844,0.06703137303139102,3228.2452423154577,3083.956006357885
3.0455276132332845,176.51606092669635,0.3443307988342011,0.5628815221163451,0.17639401294150583,3507.551264240206,3263.7822418385067
7.375391131507406,52.51835743603457,0.22612882143752638,0.41411800193994314,0.10777874066148839,1948.439476406201,1835.1672929579431
6.277733325177488,190.58351187157032,0.23920835841289936,0.4323844341373702,0.11487138633910252,6218.368555670256,5846.193743283623
6.634347437890071,59.37890751395834,0.7086074467095601,0.8607028361687155,0.489031994595752,2853.51804573642,2682.3674708394487
1.1260458892031815,78.71969125656767,0.11267045675589937,0.23242942078174178,0.050553137078551316,663.4768562231851,638.9230420552153
7.739672499518182,156.1146021392205,0.5462481005883476,0.7508589330330817,0.3247224158108691,7787.853758409194,7229.795444510962
6.086696944492263,90.87592548177321,0.4035691044747719,0.625436945733514,0.21518976902771703,3316.8248944649654,3077.519426774474
3.1332576677029333,129.4780478179604,0.5052399999268378,0.7180165656161006,0.29054826085099145,2970.540792083701,2754.4674588465773
6.805762654011929,100.02323019249712,0.5502641897716823,0.7539514956307267,0.3282032020268863,4468.413454376311,4148.868964946259
2.9706483889045097,153.62658867616074,0.3506941555658226,0.5699453146653825,0.1804048837581392,3011.917084835223,2801.4705513561476
7.109276876962896,61.09962542634995,0.33608708814742827,0.553600153604064,0.1712507260954484,2417.1426917810472,2250.4029208929155
1.7880627328835592,30.52243770263786,0.6867214794679246,0.8475393403692585,0.463624790687723,529.2901826428782,496.33030378828283
5.92580184222557,73.98729154515192,0.7970215904969258,0.9095195099239339,0.6053439309214206,3371.876061224747,3209.563920550219
4.7848893365143725,105.37555967631745,0.2540653059668223,0.45254440796250867,0.12306739920880189,2770.028482309799,2599.258926006369
1.6757412913680856,50.24360939468214,0.17809500842811918,0.3425736754123463,0.08265795578618379,569.0256542370252,540.1957527439372
2.693256797811873,83.86351213814996,0.8182366451136208,0.9202822096372432,0.6370780556315059,2057.8378514319857,1966.0187424052576
1.0868282539412035,91.99694329284233,0.37991637091791897,0.6012998308556712,0.1992975575761631,970.550673261135,901.343385649486
4.28137575825154,30.330531863889238,0.5410539125302514,0.7468273118052259,0.3202572576639119,911.1722776065006,845.7178315894065
3.108856825320003,124.99530467315682,0.3876345156160028,0.6092944155076333,0.2044223842919307,2612.330387619621,2425.254269631476
5.188502390084311,179.18181703483174,0.20064186907684106,0.37706067704661367,0.09427394886676463,4795.984972677794,4535.031972072811
3.08066465396032,47.31372433154944,0.5714653159581825,0.7699291505450918,0.34700121952197516,1120.4163930677207,1041.2867225822351
3.099433780548893,127.60544241227252,0.5201126814157038,0.730200072017813,0.30266284123679127,2933.626671674352,2721.1373879582566
6.202352391121224,139.65305688395233,0.2623948473529578,0.4635818724926532,0.12772942166426648,4604.892102821697,4316.674069778234
1.336999851848474,95.4802424754719,0.4614952357218223,0.6802629440762504,0.25661643032551507,1200.4863859750146,1112.7691393149248
7.3202649663439106,146.1975657255686,0.7375580032125167,0.8774304768431622,0.5245577149360373,7774.598514911477,7334.776680885851
6.96584712073827,93.93167782838216,0.5723408824863131,0.7705766552297676,0.3477932323696024,4344.612344834171,4037.950649261932
5.674632782584846,110.83471183593828,0.1775338616535959,0.3416940284045267,0.08237266102556548,3129.491071909939,2971.2438760880855
5.15255099075169,21.323548019796856,0.5384171977833081,0.7447668686812179,0.3180062735567335,744.9383317188833,691.3614791454328
7.246117486977566,144.509620544244,0.6621906394316694,0.8322265193677454,0.43650801506071435,7309.494518410175,6837.562540424838
2.297311256701001,139.0416822100504,0.7341627246246011,0.8755077515489044,0.5202719055412729,2925.124132095321,2758.4098704048815
1.5527841353358003,26.91215791874202,0.6032940629074134,0.7928626139349947,0.37663661779079827,406.8053913150488,378.76779554037114
2.6765711893667667,86.28501933112396,0.222126531632627,0.40842875404900086,0.10563079254964328,1400.0294173963414,1319.410218876353
6.562047950901332,196.22573134250013,0.6681386132721285,0.835995188301608,0.44295680654803804,9133.091530149139,8548.255354652105
1.2426918670853833,95.73258126235102,0.6418734768652131,0.8190754147697348,0.41506001244883883,1301.42537273494,1215.209525509816
5.079647845584427,110.3501729237315,0.11954150635250659,0.2447566029279168,0.053820265476354254,2678.50698250881,2574.953684516454
7.968062613339169,183.78742846874934,0.4293981340721945,0.6506057599307623,0.2332021930326607,8658.404385526333,8028.465186072689
6.989872656862776,149.10713765583614,0.3663601975698987,0.586971862860522,0.19043463730008378,5957.748360946409,5536.554705414063
4.650119823305126,124.77262360236024,0.6355296514029147,0.8148789127330158,0.4085404667125425,4257.25555869865,3973.153910856047
1.4454863650064964,163.60484264139305,0.2729086498487366,0.47724965517133366,0.1336846010660748,1848.9066354158567,1731.1134153483044
6.8196146006999685,175.58592796207517,0.5726975383794068,0.7708401358003375,0.3481162181006583,7974.105908290454,7411.392251855133
5.192849557240474,102.23985291270803,0.830564769451338,0.9263807837333378,0.6563095333757182,4229.493944666392,4049.9862406663933
1.8045309794169677,105.51950568773037,0.7382418977668862,0.8778165314826128,0.525424959555113,1892.1105586191104,1785.2330890317544
1.6570009937634933,89.48916841733045,0.8371661889732244,0.9296006181743877,0.6668593555886587,1592.8405249669265,1527.1610295200567
7.367387736056147,194.0071052033229,0.882804773546152,0.9510226408304876,0.7450428296231322,11077.31076648658,10722.475753117416
5.684401840566549,145.48992577226306,0.10853610160493021,0.22492036111388866,0.04859844034321246,3838.903626739371,3700.7579305101353
6.805007595217289,34.980151917453014,0.598193021101982,0.7892692771025446,0.37176716147451677,1611.526807915321,1499.9692619061316
7.152852301975871,175.33273219634333,0.43027151820712517,0.6514359951274733,0.23382382619574021,7514.197287475471,6967.392516750401
5.0024064643382555,106.50078935052825,0.7878835922680975,0.9047762740931183,0.5921768509979046,4188.57474191316,3980.962143652316
4.622124462285289,32.37570315604774,0.30145176160730536,0.512929809649618,0.15026562657379242,862.3514209998508,805.0994269377828
4.012991872246931,118.94910592939598,0.8848235912920609,0.9519375859786666,0.7487294939163774,4072.1013007528395,3943.4673132694843
3.2186261145378348,95.08957021562637,0.5909663756349979,0.7841257233098715,0.3649485424409977,2357.0796579456032,2192.9452068601536
4.042171726010983,177.99489287527248,0.7348299217830648,0.8758863859860506,0.5211115156979634,5728.150921759311,5402.153742774097
6.417157590111095,56.719028649689726,0.16847964225821466,0.3273531931899536,0.07779423702738007,1764.0280616798468,1677.714690745633
5.213464017105921,168.76362970859293,0.24676630780709205,0.4427169235674462,0.11902195190905432,4733.652493997077,4445.916207241551
7.247663029683922,120.38396441338149,0.7067229384273626,0.8595873012240999,0.4867969261768865,6243.592188917687,5867.817552931082
4.103660100654314,29.829854578424428,0.1175892176314589,0.241273237698055,0.05288959575684022,606.6016035695087,583.4313303811662
5.249627051031278,194.93215423858723,0.7535023887150263,0.8863250673470457,0.5451315539633755,7849.779937082127,7421.922439796879
5.419152871643921,112.27074393857599,0.11115921495352916,0.22969266936901409,0.04983766647446589,2852.5664587957476,2748.058086001298
5.1418801361442785,72.35783376168484,0.6256950712490187,0.8082861303175085,0.3985938799620501,2667.9320518342815,2487.9775771687987
5.9184364115986146,104.49323155806646,0.39207513618544476,0.613841623491876,0.20739743889094062,3690.0122841429124,3425.162108710131
2.662034278623644,174.414401033148,0.5891958821753593,0.7828560245148903,0.3632921002521908,3748.7739149268314,3487.3661015990083
4.586546442820534,74.88256238931143,0.6568251255912909,0.8287956101009271,0.43075776653263675,2558.105715538762,2391.75861140845
1.7295736196584337,54.681751367606054,0.3739801753490434,0.5950710761751912,0.19539508221293042,750.9982543654096,697.6386216208167
3.691579293513688,43.23282444755866,0.18636995848866844,0.3554235077931672,0.08688625160397946,865.3864798892267,820.3071127436597
4.413669480348851,73.61469171023802,0.15571669419861253,0.30665627064972056,0.07141849869860732,1650.2036643092981,1573.4854724643362
5.565569816818307,160.40865566720782,0.5711488180500383,0.769694854788894,0.3467152371414042,6110.4445089904375,5678.80316488752
7.6537173681034245,104.8927457351471,0.5165242829872893,0.7272895226585655,0.29971161326427603,5077.961820068697,4709.73255539661
5.204557465838491,60.9466886648372,0.693760807296906,0.8518233352799763,0.47166729168838173,2361.158855758036,2215.8053990759945
6.205157413235918,49.91329992975486,0.5077884080031497,0.7201268487969914,0.29260231534685527,1999.755717340202,1854.3871512845715
4.543862416466419,79.89130577186825,0.43795663202470336,0.6586843138949849,0.23933026573240385,2341.706684468781,2171.031031264855
5.438728219634319,189.1863871194276,0.41846974258898473,0.6401035038880087,0.2254942819218757,6346.077661274543,5885.748682058747
1.496525512936414,81.74480826620439,0.12115752207813398,0.2476285452565921,0.05459206614840924,816.1255738338162,784.2628052041051
2.780741065892929,197.86233367183436,0.36844576135732576,0.5892002892147327,0.19178688032901803,3747.256293295568,3481.962158517657
3.532971652435971,107.34148203776411,0.8808161260195954,0.9501187395810151,0.7414313395288888,3317.775615033779,3210.059720809185
4.307453485045595,52.249505292227155,0.7988444609816711,0.9104578659039628,0.6080057848537249,1826.3299567457564,1738.9476860833634
1.3195412185166862,180.4052165228317,0.3635024536273742,0.5839039197252072,0.18858829283410708,2087.8197576528005,1940.5117540902756
1.9801686828732237,102.86396716426884,0.5702363240530978,0.7690186514999995,0.34589164991654575,1777.5441683620843,1651.9037321497262
2.9377001545391406,147.74084183081442,0.7778373964283952,0.8994849627586755,0.5780322761213202,3793.6169440983977,3599.8381715129244
7.800728836307354,197.06808497764732,0.453019469400055,0.6725990410857248,0.2503174401225,9272.94729122565,8595.728167126521
3.3194290497213554,29.03156305759532,0.11436629100012077,0.23548946663296622,0.05135733027656268,497.99675294757225,479.3612069303979
4.374287406784578,37.40502076176209,0.15960836945491208,0.31302792521932954,0.0733530514997015,835.6096478686521,796.1263956350311
2.372683989168751,149.6822134632961,0.5083141770789653,0.7205610503230457,0.2930271999957458,2808.158967161179,2604.0524128414495
5.275460497530378,70.72850059318496,0.8755515005407027,0.9477131316113612,0.7319654473929476,3020.322232041306,2918.8411336032846
2.9647825086118202,53.17425145101783,0.6545676337750942,0.8273431290430443,0.42835712513668545,1287.4951005247349,1203.5268519134718
2.4489480490689877,27.08513836755131,0.15673295315085564,0.30832534207924633,0.07192288202315247,387.200650684089,369.12216360546563
4.616008399121854,23.932408157516324,0.25148870063349027,0.44909198402699874,0.12163511897312008,609.3322896471203,571.9507388882838
1.0385405941229457,159.40740856156236,0.71705851457348,0.8656647954385449,0.49916877943163745,2054.797035983898,1933.5044220369098
1.0536482285445774,44.198016926519,0.7731518079649958,0.8969891738051945,0.571550278597823,590.5503550660309,559.9799065279839
2.5334816637130047,104.18971087480716,0.5941556689508727,0.786403391562477,0.3679463187109053,2167.5570367418322,2017.005838770079
1.257049537505748,129.06142673230693,0.6155385357038533,0.8013642122711407,0.3885207072916176,1737.9703174155063,1619.5351868803684
1.7561802789148397,97.10332410239232,0.12266996030670772,0.250307080028303,0.05531558093696931,1071.9507849976355,1029.7212572101655
3.372024545371261,24.879197420521958,0.7628242076652069,0.8914244217478232,0.5575137687114123,704.1304839646899,666.6474284814807
6.61809975705869,161.0302704658236,0.7306201665366637,0.8734907239891222,0.5158348900487398,7812.58458854519,7363.923661819604
5.004340503585106,21.892380417497627,0.30722811528267774,0.5199067543407107,0.15369760840288157,625.8556167211718,584.0035973263003
4.588674081694915,157.14018098794713,0.6669413759724055,0.8352395229578616,0.4416524104120277,5401.585551412287,5055.112944283813
3.0544217624568515,180.79480888186208,0.2718836851399985,0.4759299763178297,0.13310052548180884,3384.3447503280045,3169.087917279008
7.522276036029715,97.91118579029101,0.13226412884121042,0.2670907639938742,0.05993211318148398,3374.9177810544543,3234.5994952798715
3.779105288660342,116.39764515760368,0.2609092340723018,0.4616269830751189,0.12689433954720963,2543.3641274512556,2384.593942862544
1.6096493675704004,105.85701067117768,0.24290310140343963,0.43745559831827197,0.11689557577278088,1242.6836385420374,1167.7339143716893
5.319465612824609,90.05755135221898,0.37019839738787785,0.5910661433158478,0.19292640424145732,2854.865575218618,2652.514753982991
1.7968687543362099,179.73641636666486,0.43475959774036654,0.6556813945546738,0.23703155676861493,2651.4702696564796,2458.3360124349615
3.4165619996118446,180.9080319205983,0.5068311131981663,0.7193352433366067,0.29182967987563274,4439.870154864764,4117.04447461794
4.551883571024662,80.44694563547621,0.48140310040666257,0.6978101181880119,0.27175525446481136,2437.735138782007,2259.719901008858
7.119557672796231,130.71255572264562,0.3165396847722315,0.5309873761404155,0.1592862267195828,5093.398688789465,4749.057507520551
4.454826062380831,186.84336118625555,0.12333653485925958,0.25148473214369005,0.055634818538094474,4084.95907816569,3923.398979107448
5.91581136222165,193.17052980944328,0.5840812977897206,0.7791667917581625,0.35853767801683906,7815.542988797073,7268.4266995540775
7.949717872993492,111.61262727596856,0.4165958638778835,0.6382812964555263,0.22418554798385407,5196.552329348714,4819.83036285567
1.9204238392858715,101.50846495117882,0.3389377259100398,0.5568264029294075,0.17302258082897864,1449.6298001863704,1349.3662693278036
2.9231206786366366,70.16497686713464,0.7935528342644099,0.907726732195514,0.6003112844045736,1808.4045275691205,1720.3613011203056
3.762032529183525,192.5969371742738,0.6973946462385279,0.8540160667241752,0.4758663902845943,5738.1619343694865,5387.082210184811
3.9527972497718196,45.70657480511613,0.7862124386979538,0.9039016882010741,0.589800224572019,1482.0890695207192,1408.2478793632679
3.8771475268588205,124.3693236885905,0.4959862357699688,0.7102734383746723,0.28316351523426814,3345.1124546084707,3101.3209948871563
7.353277017895884,70.85904815335499,0.20474500170142199,0.3831612503555074,0.0964206722179755,2570.026988643236,2428.5583303199382
5.998228511267995,70.22149226260339,0.656977148897018,0.8288932312641933,0.43091982605379786,3005.3208389831702,2809.9313565536218
5.255336498634926,92.89434572771393,0.2648590239497402,0.4668114492767768,0.12911803295263774,2666.1811741513516,2498.588498921482
3.1656090250394744,199.78272844681783,0.45298373527337343,0.6725664800144324,0.2502910635483432,4449.465631920411,4124.514576934025
6.766532689549063,29.893935231167973,0.1520006311591108,0.3005216144876934,0.06957894507193499,957.832972337785,914.0124342068618
7.6854235803949225,124.13752727663567,0.7602467219383859,0.8900217763636679,0.5540632453956543,6970.670361518924,6597.113348287599
6.748387977851586,34.86298844634989,0.20075251283800047,0.37722587727832607,0.0943317016390165,1168.4761934785768,1104.8783429507728
1.0109557363403103,47.81374939829341,0.8224780056394477,0.9223930541825235,0.6436266601495312,640.0280441227814,611.9426957528347
5.4548095912838495,99.12132951912176,0.7913844818092457,0.9066012500736861,0.5971868454660848,4199.074676350423,3993.2160267493846
1.357947670094705,111.88282364235944,0.4716662115513969,0.6893062040001874,0.26428958918944717,1429.8590837512604,1325.3815189380412
2.8032505423360528,66.58263350561433,0.6954945634431925,0.852871101442595,0.47366667481386515,1582.6843803793547,1485.5373070411356
1.4166729024344018,76.96228355739491,0.5955560590545227,0.7873996474459568,0.3692683127893057,1096.025652391973,1019.9866574887277
5.226568170645714,35.654063646067954,0.742460513870196,0.8801888450474259,0.5308043337895954,1422.493834201371,1342.9037926031347
5.806129394448248,74.5795610919651,0.44544408062872964,0.6656488088302581,0.24475912665262867,2698.777964762626,2501.8449711136154
1.801413466461336,193.98051908849794,0.7286467873954801,0.8723622838660053,0.5133784619004202,3457.23549294393,3257.867421875633
3.6868721813148566,190.0473287010467,0.4699654536521184,0.687805521332739,0.26299768625564796,4821.765625365587,4469.431251554034
4.193655562688794,80.2780922246573,0.8527726302742351,0.9370884279937496,0.692531725133496,2811.3960668833456,2703.8345324609586
3.583371152326416,122.75370853017708,0.48909768066011805,0.7044264791127156,0.2777402046307615,3087.7123707727305,2862.4321718673255
1.8471750033963512,183.72717039997,0.4700954175469837,0.6879203583181139,0.2630962813597106,2831.9764637210187,2625.0398335546233
3.9326345313123277,21.1130880753614,0.7280574892508102,0.8720246280652546,0.5126470085245344,662.3546655181357,624.1117256237948
6.258246334658927,165.92304266076653,0.7572621534086704,0.8883906203831035,0.55009349908069,7774.538006955017,7354.726687623956
1.4970536517327884,190.70651950200542,0.5435912914569366,0.7488012866447097,0.32243336568040387,2713.3353893222784,2518.65357507025
1.561260098573324,36.43863218004027,0.24383825079606034,0.43873301894819655,0.11740936693869423,420.18854076256366,394.79732721716493
3.4833990428518895,49.06058348592579,0.4742065847660636,0.6915392139438928,0.2662259441637615,1194.3516840795676,1107.0909281049726
7.592079981332475,192.93433449884398,0.8744580023277427,0.9472111505859646,0.7300164019456459,11275.50675359073,10894.032956984609
5.680008527060398,116.75722585526233,0.7023889544313481,0.8570091271662165,0.48169119749169353,4893.004448618371,4596.221316620314
5.750689696707954,22.555394204910264,0.7489300831033058,0.8837968735201324,0.5391548791349614,978.8559036059062,924.9089426141481
3.533439935865055,66.37375977743525,0.1262603990553921,0.2566298583862393,0.057037765568798526,1209.621680012642,1160.9662007944298
5.155625538459769,100.98986136839473,0.4742875701073279,0.6916102335146438,0.26628780591176776,3375.728002276047,3129.094237126068
1.0709182881942036,144.72360398445818,0.6172969069260443,0.8025709340874946,0.3902504481409308,1790.0869652315503,1668.3096406700915
5.452672324866795,151.96886806462393,0.7640261469024597,0.8920766054314069,0.5591299285928081,6351.638983834191,6014.586168868146
7.3930086330336575,199.1758723265821,0.13941892286621718,0.279377622588049,0.06340559021006856,6810.324395675085,6516.545056940655
5.288014278413734,71.75201588907663,0.7819511085134985,0.9016614521385108,0.5837830511230684,2947.904032240758,2799.130550057444
7.115890154264415,116.87961833632555,0.5387207493935294,0.7450045558653328,0.31826488496279,5387.274248345872,4999.867420156751
6.0678113882626565,115.9982386147289,0.257851176460848,0.4575842924232917,0.12518028581492716,3738.2121909006964,3506.1349988773677
1.8439089148258319,93.01614670050274,0.35380417315976,0.5733662680024088,0.18237826614456068,1309.4643822049616,1217.7421863432949
7.317173151000892,50.449140891635636,0.3255436414012486,0.5415107120018813,0.1647575822619888,2029.0182578694908,1890.5039444251922
1.4651069104904242,195.94218137309167,0.5246872274307807,0.7338841211083986,0.30645169497097663,2717.2771419325372,2520.7680448440415
4.737772307834346,173.5970935999855,0.14134854392890547,0.282658367007316,0.0643469388170622,4065.76054463926,3888.7016940761405
1.9949598665542037,109.6999450929627,0.22682892679993882,0.4151083415554944,0.10815553940334358,1456.2952317236554,1371.4952640605632
1.0819462751163285,128.58417608312539,0.7501544347006259,0.8844756182636855,0.5407491399363898,1722.0497294611728,1627.4214539676834
3.954239820893473,60.90698964073921,0.20608319259744887,0.38513949816868254,0.09712303863255399,1311.8326991736599,1239.3544074226047
3.0652849535790936,117.88167267051445,0.2867170155665016,0.4947653777723843,0.14162896006366693,2241.603107304247,2095.7401569444446
4.402003456583222,145.09462396186564,0.4626964844833259,0.6813396559387817,0.2575161191859685,4220.580902910338,3912.180590983109
5.0403992071418555,112.73006510958598,0.5136967104906643,0.7249831621212818,0.2973988935119098,3801.894954496998,3525.96681879833
1.3061735061626316,198.25133070528943,0.7108883836913269,0.8620485963136377,0.4917495082839948,2881.491306229238,2709.391278685211
1.8610230658662195,130.0414981245907,0.4578659413329502,0.6769956763853928,0.25390875646004757,1996.3389112652696,1850.493291233927
4.9104967751529776,86.77526826659043,0.731891696828431,0.8742159811559285,0.5174234179700306,3268.494307996186,3081.2980303220693
3.4021714722086074,158.98736497085085,0.594677045636366,0.7867745793894728,0.3684381001107325,4122.064089411675,3835.881173531712
6.104214412846136,50.68325208469557,0.19047979153905797,0.36172166442604603,0.08900119079852088,1542.3088993785182,1460.9098427504023
5.566041540143578,89.21284646712797,0.22506515071427088,0.41261061648909314,0.10720687913790915,2592.2323768535775,2441.9098251974856
6.919230540929348,82.45261106796545,0.44962698035981663,0.6694983513859828,0.24782000128340487,3482.4257808294556,3228.181267717202
5.847449786684577,97.7252771193999,0.4175115144712317,0.6391724885759065,0.22482457876630618,3483.6367162403735,3231.0180109464527
4.009517541731037,160.72036866717073,0.6948354157098356,0.8524730976259787,0.472905667934636,5030.23078614809,4721.125930805943
5.7107663567610265,107.15114578941335,0.5645897118378815,0.7648107946755103,0.3408256243453454,4154.254112627423,3859.574417412387
2.92766821978793,162.9226010478733,0.4105064648017994,0.6323158915380552,0.21995835420051002,3313.4211122539496,3073.7173231598813
3.1441944914474886,123.76800256517586,0.23660822676030852,0.4287924348158963,0.11345238560714303,2294.0887803619926,2157.544968834839
6.522896119445553,81.57249823835997,0.2814696818603961,0.4881664154233157,0.13859328352191916,2857.306329576158,2672.8157560744285
4.124936614811075,165.79617386302505,0.5604008147752472,0.7616629451671743,0.33710090850023433,4895.523340228439,4547.389861276741
6.588662383628467,62.892140699556485,0.438751043919834,0.6594277682159283,0.23990324220364462,2524.878625813252,2340.8262798701417
6.756956615677949,60.38893636396319,0.5119420070885377,0.7235461456544415,0.2959693102554497,2612.262209171489,2422.5786857948206
7.0029363636289865,110.81052632987044,0.23654194824178695,0.4287006209190437,0.11341627369865961,3966.1187919934805,3730.089734895851
7.416446650888451,66.952864273176,0.6303250018756527,0.8114031887706067,0.4032525465232489,3392.3243788009304,3164.636034434285
4.016896543593074,21.63566629121894,0.7820309926847736,0.9017035822558231,0.5838952860010962,709.230955346553,673.4463173531386
3.232067728247972,136.69355491378428,0.30635160542952045,0.5188531945025203,0.15317513255179424,2752.268874541371,2568.4173973625834
5.075391226158797,111.99688786503164,0.49321138066546133,0.7079267529707512,0.2809713883118598,3745.0874375540284,3472.015115078175
3.598206964063393,100.19320660876902,0.8804218632167214,0.9499392241962333,0.7407176894501692,3140.9245111787795,3038.6814146076376
5.207519167601631,194.05433263129677,0.3665933924405821,0.587221472200284,0.19058563543085497,6025.136896049183,5599.110959656147
5.939101038506772,122.81585311332447,0.576037075939009,0.7732995052368201,0.35115078095181435,4960.191992061961,4610.954310632499
5.818835129444958,175.4176840020892,0.17215656016019548,0.33321070011526716,0.07964791528981113,5033.646454584955,4783.959610524443
3.6218702091408495,45.10104251692883,0.5848120019835545,0.7796958105608229,0.35921415264523043,1220.0604743123379,1134.698383568181
2.16802141189127,122.45716336329698,0.17170541864369432,0.3324945035040493,0.07942006558327751,1631.85042415797,1551.0386237782004
4.013705369235453,176.23633281156253,0.8673883482590576,0.9439463325270974,0.7175546380334088,5993.407122273429,5781.755796258951
1.9981590085733612,124.95903631038163,0.6725301216578491,0.8387545269291643,0.4477691008407213,2311.6957804036233,2164.5951814856576
7.230679246286658,149.24255206286028,0.7305278305085652,0.8734380010381481,0.5157197101393621,7822.54407004761,7373.223379969459
3.421142225165002,86.96784220619733,0.6632834886173095,0.8329216770744727,0.43768698029873754,2359.9746255900427,2207.831234086166
2.0812182305632665,36.640913066671985,0.5717832288611726,0.7701643669589019,0.34728864754811717,655.2987724750832,609.027842108249
1.178134319340256,102.42205312287285,0.4599302248684043,0.6788566735110405,0.25544690231605205,1198.8533436063103,1111.2605027513762
5.5207567040053895,91.00629035099435,0.78669870380885,0.9041564009278801,0.5904907777636581,3886.103743053298,3692.7776098001
5.4583162221832024,176.0708328282105,0.8654685340344505,0.9430539016862307,0.7142115864047618,7707.157531438494,7431.935660757869
3.3842291660690416,63.919154423445,0.4992289383232651,0.7130012068459435,0.2857381906487802,1548.9793807341093,1436.159837912258
1.501983221933557,194.01216095631946,0.8452280393242096,0.9334902015833274,0.6799900573741567,3262.902822767387,3133.3044897112572
3.867402264266624,192.4648615648093,0.5666663279908141,0.7663629966349198,0.3426826601556435,5419.504562333537,5035.56925662549
3.178522465443755,64.57369575285897,0.5307073495171466,0.738687800066774,0.3114838775120096,1524.1430746701624,1414.1693802143288
5.7398444781450655,82.64935198591769,0.4635861863642854,0.6821356164281962,0.25818359451825723,3001.492469840269,2782.1673907668355
5.240454746168832,181.2000333572993,0.2674302092240959,0.47016409934266784,0.13057158200562724,5200.179028981447,4871.864693207116
3.55215609738278,193.99199976129935,0.10297572865444736,0.21471087753975993,0.04598256622643901,3465.7887956553163,3345.9496912964496
2.5252478797849305,99.81903851048793,0.293204981484849,0.5028292820189617,0.1454112139904534,1655.2939356986128,1546.5932715278732
7.916251763089143,77.7794682153616,0.5077785372828522,0.7201186933120545,0.29259434224771586,3856.2173413611176,3575.896008096578
4.178011348372804,114.69692238527756,0.40396796180780203,0.6258348600227641,0.21546258633614673,3059.7014282324444,2838.91101479938
5.8179196504616595,143.79845714583226,0.45878818240210706,0.6778279558120821,0.25459531057421875,5264.180140842174,4879.578882379797
1.9838707730485254,69.22541276749637,0.8845185756512397,0.9517995223977951,0.7481711655661912,1410.4434353031932,1365.7940018561
4.399127897615784,152.5651714314331,0.3802178965354621,0.6016143504278776,0.19949668386310457,4165.251707834857,3868.187036194658
1.1927570390862585,29.298324280635384,0.4617463514880863,0.6804882190557257,0.2568043625346597,345.69892196814334,320.4391630869243
4.53818582537315,28.873008697594962,0.20681244108225566,0.38621520203851306,0.09750625939852706,695.6529485606259,657.1414430962242
7.748121849823916,89.53178692619814,0.13836618594959013,0.2775818859420724,0.06289284355441785,3187.4626307795943,3050.684735799734
3.689446990900602,83.62517457092972,0.7203276116739957,0.8675665487025074,0.5031405935467141,2484.007392148436,2338.3159099548607
1.272972088024381,76.81397876608742,0.556546540057583,0.7587465759434145,0.3336985804152224,1003.395682735445,931.883932851849
1.2166905364354048,108.3835572804038,0.708563844835116,0.8606770636104327,0.4889801784117604,1512.288907110981,1421.5763718726666
3.7159073196280863,77.73204481608282,0.21989023910924133,0.40522914791347503,0.10443511221431188,1614.4356906405828,1521.9757620552734
2.1201745552423583,54.60642532425655,0.5574630169461527,0.7594417804205299,0.33450545006343896,979.7653969847347,909.9737963099618
1.1634646742973014,75.70451883594816,0.30291397947310045,0.5147034992263209,0.1511318988901264,776.9301011657968,725.253175246487
6.293495297651238,195.4827691058423,0.28244945352001594,0.4894038408784244,0.13915852909519594,6644.237660351496,6214.59984094255
4.209661062173234,94.00041505907275,0.10922081124238821,0.22616877966293922,0.04892159256316574,1934.4575591419512,1864.5144705777116
3.0247134038085814,100.04829983450044,0.20427257885525751,0.38246153448064724,0.09617297864101695,1747.5766913319817,1651.5068010086932
7.300582281115365,123.7780981912052,0.34741448919975626,0.5663154791872805,0.17833320875370737,5059.401146764974,4706.852826015649
1.8129727214036793,197.00133831456077,0.19350300847275126,0.36631960784549616,0.09056335310606463,2380.5733905167203,2253.754252860732
7.691431802687235,63.48822975843734,0.88868675232875,0.9536809431751491,0.7558421043550153,3773.793433669222,3657.8198800902346
3.1977670216414698,142.6307798958381,0.34690611881916056,0.5657507716652117,0.17801293956246758,2947.113615692483,2741.841443150347
7.218825706160769,148.87724483751035,0.20425915736186254,0.3824416454318204,0.0961659436931859,5310.362324099331,5018.445626883069
5.22060013535623,129.31839502275187,0.2592658502623662,0.4594575922881905,0.12597239530977264,3672.5794794828103,3443.9914912086406
6.7869515181904125,35.94410113459593,0.5701625826731812,0.7689639596511784,0.34582515343350684,1622.8958830656209,1508.1808056232326
7.8880921424732495,141.83700964896377,0.1512348190918308,0.29925119269337325,0.06920077560919252,5196.929434381984,4959.973689119546
3.01883806473122,31.53704798651159,0.7899473041129256,0.9058532394216992,0.5951250161499219,831.2499616777071,790.3125552963251
7.727948397853151,127.30567691898145,0.8691997433897178,0.9447860670546244,0.7207248442622268,7542.082027097215,7278.577149601842
3.7263732643169423,153.12461189991367,0.29739793653390467,0.5079854542659612,0.1478727585776158,3416.8080903579776,3191.15923516252
3.698583333158456,57.974580311591076,0.46007621487268746,0.6789880238891866,0.2555558758850905,1463.9925907405818,1357.0270073665554
3.38270972978154,171.49196135769932,0.11770756082359767,0.24148482275914407,0.052945956944820675,2995.090672539979,2880.6030097114785
4.7898532514330965,25.463684995940767,0.6125681797817772,0.7993177197597192,0.3856120345361119,878.015883138911,818.0122503012515
2.0790153022494096,171.8863154584951,0.43114084644207107,0.6522610519710911,0.23444340903203242,2783.8649560414815,2581.24406055952
4.875980397506078,102.85922911569772,0.3160467728812446,0.530405900314043,0.15898862979606446,2899.346891080042,2703.4443233840625
4.791933686870028,59.165829187696005,0.2654696884932868,0.46760929790840833,0.12946282555820474,1573.1877659255742,1474.1952897661286
6.3333126882340895,44.080066098914244,0.6232184621270084,0.8066089721220916,0.396119196420366,1937.6675357081867,1806.6334723719137
6.835549733563099,191.59529016482705,0.43297362482585156,0.6539961825210427,0.23575240002622677,7907.6842281073605,7331.899109161251
4.083089452186968,33.07980576460821,0.24372743122392962,0.43858176691915524,0.11734844929191407,756.964249626192,711.2326274431211
3.1163327454604564,55.83681558846662,0.6512872651894592,0.8252229952326132,0.4248882767883302,1400.958405269632,1309.2077031574931
2.8153442812196614,82.60802253794827,0.552057826429355,0.7553257887864121,0.32976584689237776,1805.9617552102034,1676.9357337506478
2.3623668569341034,131.64227281300168,0.786937643943597,0.9042814921850902,0.5908303972322827,2898.9085002303127,2754.799415524809
1.4035330753931743,118.06419534969771,0.19398071910119433,0.367043450591131,0.09081069619518696,1219.5885256278752,1154.5234368557255
3.3971358518429935,42.61582863421651,0.728533281555565,0.8722972715695424,0.513237500545028,1192.0890699504769,1123.328674182949
2.891733844915483,72.15103707287864,0.6388134294538073,0.8170566133812909,0.41190493009417956,1698.9774070686692,1586.0223896785308
7.764921701064852,62.975318795484334,0.19200874946247826,0.3640507131462072,0.08979055548111156,2367.7995643689933,2242.2380281268697
4.903961783750308,58.43771380826145,0.6558565838973766,0.8281730984327477,0.4297264598223318,2108.5649855079273,1971.2771019527027
3.4309392732135526,94.00598056639767,0.4532378311038644,0.6727979672286039,0.25047865294224375,2227.4299682930146,2064.7539556446013
5.063273206955872,146.72566146649825,0.8559878284446745,0.9386097151513495,0.6979528699393492,6006.725216132882,5780.723989958755
1.9743769094198687,59.14152779910247,0.21328908049431947,0.395696794519321,0.10092425137983627,769.9559072277009,726.5893528783134
4.10830624441542,86.00219834653666,0.6142667126525904,0.8004891976210183,0.38727325336079466,2619.104679383639,2440.404818207901
5.3836402499474465,90.3651368314092,0.4055840363703568,0.6274440855412865,0.2165696528302017,2975.622251265971,2760.7590377527445
4.42228482254716,195.76217529837382,0.8654517364727022,0.9430460822097781,0.7141824124829447,7194.418684690224,6937.481837983485
3.8124516045802697,191.8399442382324,0.36397991623222115,0.5844176679040743,0.18889624787023718,4608.025263640081,4282.792049002664
7.956938722297887,164.02476489537366,0.8697487275934401,0.9450401283108881,0.7216887230644566,9974.578416300692,9627.228889691796
7.162203335042489,63.49860574745333,0.8211886808805993,0.9217527991798061,0.6416285308046598,3448.0080914735568,3295.9269565819923
5.363841707116081,32.24671653650054,0.3163065882485251,0.5307124682516242,0.15914546931876564,984.6391101534888,918.0896748710749
4.98564152827598,77.04274478971246,0.7428334214611422,0.8803977990921248,0.5312823267706183,2955.410157263708,2790.19288925269
5.344623358772088,68.02301889808956,0.8964833614428048,0.9571697915111568,0.7704329723735129,2960.1413252752695,2874.4067934930563
2.4091847547570326,111.0666440263509,0.3021304017370259,0.5137536488327255,0.15066746888223578,1794.949274798602,1675.6782526822124
3.7659642028502303,159.99102381220274,0.4494217354586557,0.669310146374192,0.24766933799556623,4066.0703771808176,3769.2217654298365
1.2762167302362952,174.49812899819443,0.5161445892534078,0.7269804824006973,0.29940040316724986,2221.427446412534,2060.3215140343723
4.328822262407787,172.07553537389154,0.33594490864309146,0.5534387718111172,0.17116253567772616,4472.812159353999,4164.309125575763
4.801172087703643,84.7416010201522,0.11221187171682381,0.2315999333250705,0.050335910243813474,1947.9439102032193,1876.073639308828
2.594248152722467,143.7021818229229,0.2761033953580213,0.4813455307563177,0.1355100606702277,2393.5919957422243,2240.3170367897287
7.748201930158596,76.3101555543596,0.3255495074734068,0.5415175076171141,0.16476116877680066,3228.194657123222,3007.815226260483
7.366182276560694,30.962997782332888,0.45487976105454975,0.6742912339171347,0.2516926614639767,1386.9102133908214,1285.6068043748273
6.055002648191341,146.28174780852962,0.2368819827307215,0.4291715286632656,0.11360157283100361,4616.979480326884,4342.015579118227
4.733706401357538,21.768959462561813,0.7986034853533381,0.9103339677273792,0.6076532174381531,821.9314823838989,782.5737510311952
7.089784117533795,93.65286574252794,0.6639289061850688,0.8333316476553101,0.4383844985557172,4651.930782795251,4352.294038922274
1.9145664067642403,79.28826847437364,0.1681603820477296,0.3268424030847502,0.07763364524288044,968.6934833441771,921.3528588289192
6.533568559924195,144.80795693339343,0.6200739609119451,0.8044695985027228,0.39299432305741205,6526.801332917788,6084.0153543877295
1.873745697767938,157.9241850968682,0.6229251811244964,0.8064099074660697,0.39582693554688564,2719.9227330198687,2535.9334947741145
6.559474637845838,74.73703447483109,0.8649769389149021,0.9428249783144,0.71335833252702,3828.5093596948286,3691.407255802652
2.9303729777594985,166.09286260007363,0.10241669708492901,0.21367735517834244,0.04572039028151599,2560.546716590957,2472.3768046747427
7.139634067127322,72.90501689088808,0.29834595984464574,0.5091453069300211,0.148431202047832,2803.9171822524754,2618.5123094177234
7.608294656777785,100.33874479758101,0.8422331835002524,0.9320507037069595,0.6750799999394644,5798.6872234708135,5565.075677688681
2.0415717858358096,150.86333486254412,0.8457071323186265,0.9337198893458117,0.6807791014642403,3085.0322529677833,2962.7809530789086
4.238729235457755,144.72564126046194,0.6764691354965099,0.84121298935766,0.4521230040829751,4688.6538388021345,4392.0257712042185
7.866911647138796,197.726325016196,0.712610656838032,0.8630615336199886,0.49381039473989974,11059.79626719517,10401.368783127054
4.383852051812026,60.52898435886774,0.1731863663437177,0.3348429373266781,0.08016845350423384,1372.7503342922867,1304.401043674351
7.044832657601816,139.21722443712483,0.5111006678225869,0.7228555583807279,0.29528537677188776,6242.0193543369605,5788.663680712859
5.121120654919239,129.74274348963993,0.2852663930311995,0.49294803657921615,0.14078767612005014,3710.098054641892,3469.188154636409
3.627309355437213,184.7177218082054,0.24497443489089382,0.440281753207774,0.11803441017325994,3852.2479075451506,3618.927098173474
3.0004848886810915,48.14518549607751,0.7482426392986661,0.8834152096428182,0.5382616984794575,1237.7551118601455,1169.427972346044
2.4225616376026107,155.32366944564794,0.20803050934443795,0.3880082797590424,0.09814708974093105,2315.370832411607,2186.76595374625
6.33258733964388,122.2883509283783,0.4749213095971082,0.6921656313390813,0.26677217908233625,4871.4488467451765,4515.547485831272
3.705783547761195,69.43985656182298,0.8508625916688265,0.9361812635187576,0.6893329937734408,2201.660265193023,2116.6046764378793
4.578928235405258,105.39828454649134,0.24866564445227404,0.4452883797368479,0.12007111784921055,2658.983707756349,2496.7494328781863
4.446278360008273,80.0797874725636,0.8823947389905877,0.9508364814604708,0.7442965597978044,2975.6481630441563,2880.063570151901
5.0409532046319185,124.27641250192296,0.8954303886088473,0.9567008996594069,0.7684436621201819,5147.2674291907915,4996.942821700308
7.059040019371865,180.02010994663985,0.5444937237459223,0.7495012600150004,0.32320967151428465,8271.34014927805,7678.128428951284
7.865175405084006,122.47489719419636,0.23611419214172635,0.42810775914189564,0.11318328084932129,4853.996993420091,4565.395863499107
3.8530894600167187,133.71003529878513,0.3528839103527165,0.5723561303186863,0.18179343308470175,3209.781769235848,2985.1145333042305
6.792632454744122,113.3746124806477,0.4395942661412281,0.6602157206098153,0.240512203935587,4676.844272328888,4335.873309949119
6.351694562583024,29.209791160185663,0.34745937948657835,0.5663653175530206,0.1783615002561152,1057.4958614320162,983.804832612735
5.014702660189013,61.91454023769696,0.32450846390121263,0.5403102775365364,0.16412512526832904,1799.2252071125713,1676.5306133596794
7.692330005283532,108.5603112977749,0.877783767373086,0.9487353933391982,0.7359623921759914,6426.825483779596,6213.958637906394
2.4033216086988194,75.84235107404686,0.22269186193259652,0.40923524850501775,0.10593356673532295,1139.7290644901275,1074.0094455632634
1.76484947216735,52.71744759701496,0.6866623269734898,0.8475031368038188,0.463557715364068,906.5330776888217,850.0762581086194
6.977733768687955,110.7439115453189,0.10032823155133991,0.20980472866498812,0.044742253246046415,3457.804137478031,3340.606681320689
4.074048716436238,78.10576282061305,0.5769461355219015,0.7739665648020172,0.35198005929675746,2307.980484691166,2145.5821571265496
6.928781979449424,66.45937577121465,0.8327544031632419,0.9274522824965146,0.6597889739599364,3523.31252713142,3375.176324238598
7.251631436367904,103.51737513926854,0.3303472752745752,0.547049534329336,0.1677041997546626,4147.22158337177,3862.7203449398808
1.4372031553335,43.99116645479117,0.24842078020617536,0.44495742736865396,0.11993571940170136,484.72147453508046,455.16105513271657
7.1842533409024245,186.99423195357332,0.6213438359027416,0.8053349030424387,0.3942539679894958,9163.25818437845,8542.408248773605
4.138233387585956,176.18637762546302,0.6700811258387145,0.8372181483996792,0.44508005454753924,5578.144225190678,5221.9332891471995
4.573027423029625,147.37170543329637,0.650424415161585,0.8246634431226665,0.4239796669684593,5003.573702026128,4675.5275190489565
5.386147577652472,39.11848896592212,0.3554535040170993,0.5751722104148893,0.18342833535800138,1238.2975730187154,1151.4484510730808
7.484678247110607,159.65790580454475,0.30176192172746474,0.5133064679860634,0.1504492363322535,6419.574534689391,5993.206256243271
1.1338126610083483,165.4323190596234,0.8647350399696354,0.9427122715343467,0.7129388870582668,2391.8662113344344,2306.0928663810473
4.33790427822472,158.19763118858077,0.8386396066159436,0.9303149725083895,0.6692386788959384,5660.483065173968,5428.626387023921
5.814054297013925,40.51385968146341,0.4658532879142563,0.6841580860462338,0.2598887655291173,1489.9586142013743,1381.0813763199412
6.058948703887599,135.90343227219765,0.7769550929234987,0.8990163681004653,0.5768061871397276,6253.114842209988,5932.890761811344
5.847727020759756,170.17846323489175,0.4618587821074368,0.6805890470252772,0.25688852895614966,6271.21136053663,5812.9807568698425
1.941045905856853,123.92361221954019,0.43951121445800834,0.660138166572355,0.2404521895957052,1929.2201587053694,1788.5700415538272
3.0957691186017686,136.35332754105602,0.22541035807943574,0.4131001941100987,0.10739239261414076,2472.1965591055564,2328.718096899738
3.511008677919094,102.50542629673511,0.4411248451935783,0.6616428760501238,0.24161962315404947,2450.5871986067345,2271.878754796837
6.631060453756535,115.16731757912947,0.5299335508798456,0.7380731714408245,0.3108341058367824,4961.737137366234,4603.616767963249
2.951319106901871,26.18783450331054,0.11800346194294918,0.24201361843581864,0.05308691082886475,412.4746336203919,396.67863797478196
2.474934747070422,135.01334395519123,0.4552904041403252,0.6746640021798911,0.2519967797859084,2512.6534265680866,2329.1174450450244
7.702136133266674,34.66049832040866,0.7250849747161603,0.8703166761352675,0.508972030470724,1915.33220967911,1804.0648362549173
1.0620429957942823,98.30262698124021,0.6440368450994158,0.8204965600776111,0.4173022270663418,1230.2911770713629,1148.9970097867376
7.984745989773847,72.67791758013341,0.608125591091148,0.7962379720829953,0.3812926305490609,3878.2241243715484,3612.087441879192
5.737749092001769,118.17703103810835,0.8276443427497621,0.9249462183839603,0.6516990944921953,5312.202948120042,5083.954699151346
6.799285096143819,44.01494039417727,0.11442560786018402,0.23559629115879752,0.051385484872257456,1363.362115018304,1312.3240949304666
3.062335774423352,144.49581235519727,0.5456380689537873,0.7503873086743207,0.32419586973410053,3349.1439125261495,3109.080520513784
1.10020694366942,163.10207664712468,0.7298790787277657,0.8730673553796763,0.514911127335802,2180.692659044629,2055.2636996379124
6.165086629930711,49.40380095376817,0.5330683061610139,0.7405580115122433,0.3134718497754794,2002.7318701355646,1858.363355408922
6.8390121790047305,38.77635572333879,0.3591164420643034,0.579162564678917,0.1857692062767086,1511.216248636511,1404.9304417900635
6.183332923674634,46.192786901724645,0.2090004520735823,0.3894328188937367,0.09865803891064541,1446.533145284928,1365.9765621314584
1.9999520111058702,177.8829611417303,0.8100504574529531,0.9161699332710205,0.6246343932835934,3532.5128077558356,3369.980806134882
6.273995455798784,115.0740671161441,0.47660991391008245,0.6936424179700402,0.2680652485573667,4552.962881761746,4220.36142442485
6.382459474753487,104.10697928135046,0.8024921575885612,0.912327833920269,0.6133682170342333,5070.154487830902,4830.554504021381
5.609783609690385,39.20812743842377,0.5686816979465347,0.7678641767924355,0.34449165869643555,1501.213054485859,1394.9978355858025
6.362811529569104,136.92008121625312,0.6393536932920006,0.8174137772609946,0.41246057519732243,6101.7172831894395,5696.303247135676
6.921450077744125,176.23992654111618,0.74340892350276,0.8807200366701228,0.532020800584016,8949.769179431254,8450.107891841853
5.295228799662209,169.07345647822154,0.6273244356801075,0.8093858002318747,0.4002285313979401,6395.905236879768,5965.236233500817
1.6202329977877534,132.68984761654423,0.4184438725431502,0.6400783902166547,0.22547618852883308,1811.275123735402,1679.8907020734262
4.413394667670476,33.550168997301256,0.5109067071429209,0.722696206976433,0.2951278433203656,1012.0947957343567,938.5828064437509
1.5435453427012353,40.231464891682336,0.742436419740704,0.880175340038679,0.5307734638530104,655.680993872687,618.9929250250597
3.852801217227016,28.875617679768443,0.3989202370983874,0.62077712926447,0.21202196264588086,719.0887395327246,667.3103716547137
3.8497454238793933,66.34625896864448,0.41049716541479764,0.6323067298094144,0.21995192850846962,1666.0681950512603,1545.5397459537876
1.4620689089816912,44.419064088868,0.17655209284640094,0.34015247126931103,0.08187395178335702,462.1961531697425,438.90487769347396
3.4417437377863553,66.8086472454381,0.8316675481773982,0.9269208660187259,0.6580594614244818,1983.2203194842805,1899.444741646531
1.7769866915392039,89.3104500294131,0.1728290519563534,0.3342770054516915,0.07998777278505094,1044.3833309040742,992.450898962745
6.657646470064555,189.73690113280443,0.6185673419588447,0.8034406115225977,0.391503869336163,8684.717063418066,8094.6481822870255
7.633816181751295,129.8676907607046,0.4305555830422382,0.651705738713313,0.23402619143224185,5895.316004390424,5466.2883883356435
1.5062153268055702,170.29528142293321,0.4244955122043539,0.6459204900476679,0.2297282814254284,2233.7310323018573,2071.4185292797256
7.68580645104191,147.8632701282198,0.6436414692581471,0.8202372079181776,0.41689171630834543,7793.1705078887035,7277.976319607849
4.658036195357216,40.25056349479371,0.15367498610390298,0.30329186384216006,0.07040687013706157,941.1083779250619,897.7373796141097
3.0969597456771174,152.46567314731078,0.5749646263611478,0.772511228697236,0.3501742368743148,3633.081271902016,3377.0948671657097
1.5380345269331446,69.5177986806424,0.7176254287778838,0.865995291998685,0.49985551024089125,1116.0033108369978,1050.199314165567
4.504369876492925,135.03941245904713,0.7625702063092754,0.891286443658564,0.5571728115939099,4811.138717208026,4554.856916595658
6.56160881143524,81.37315525573794,0.23642431151502025,0.4285376308851481,0.11335218643849616,2751.5910336497996,2587.8817031522576
5.949605340866887,199.58100738763866,0.8179352400625389,0.9201316950710463,0.6366153513285062,9214.032803088074,8802.430919429196
1.3515820802478165,67.43926630942,0.6249168734779538,0.8077598743728105,0.3978149957761769,951.6045305638567,887.365699628568
1.5103128475753245,70.24348473936854,0.8054838406565462,0.9138538292321406,0.6178023448545339,1164.8460312207412,1110.3687566853828
3.82011297842846,187.52100600123168,0.48822457368815864,0.703680270501721,0.27705724712431873,4957.414182509056,4595.677145749405
3.0670334583356027,24.43599283453808,0.5336266760777616,0.7409991998558152,0.3139432102302099,562.4870283740273,521.9490391236975
2.626690261392335,145.40401781717543,0.8352306216229369,0.9286598213356622,0.663747484680603,3529.697408671559,3382.8924719753486
2.967031492360995,150.55875033245806,0.8199276346837374,0.9211253904136693,0.6396805174558727,3971.2395370819218,3795.208483935062
6.624379203078193,170.54814393387187,0.45852869869520163,0.6775939242808889,0.2544020376403061,6980.612312535359,6470.615045906704
7.504596375422977,195.39907591492556,0.3195301053085454,0.5345030510107099,0.16109596626391248,7995.266723713365,7452.946076218145
3.835718861692965,195.60834544819744,0.41453634765141134,0.6362712575328218,0.22275147175873597,4913.095301988273,4557.164004801841
7.34277701492748,31.7498163619635,0.41021146282379983,0.6320251792311676,0.2197545577732543,1371.240363220738,1272.050998661802
3.2504699087351736,167.93107809552245,0.32949349998623517,0.5460688817248537,0.1671790609980575,3463.0771283709055,3225.7106310260415
4.335058904406541,136.33578805832863,0.3148636834663733,0.5290079364707225,0.15827514486118938,3485.698857201964,3250.4940160768524
2.582202984711998,136.5215841871564,0.7888503491837756,0.9052812049906297,0.5935561038967087,3205.8076990527625,3047.384472821967
5.483332295230908,43.10298679064506,0.15588953654772936,0.3069404017057168,0.07150424298870488,1157.3409558387696,1103.4965481810725
7.852867806223662,137.0336899602176,0.6420889456796753,0.8192171847933807,0.4152828996848225,7354.558215520937,6867.462849964833
5.22445167230365,196.8468645082246,0.23825604116516186,0.43107107432400554,0.11435114180380476,5488.408780959901,5160.584976814908
3.504698588794842,184.12734251710046,0.3756047147152506,0.596782656616221,0.19645971333355228,4178.7820486422615,3881.573013996149
5.534722121933699,99.0435189448731,0.1492344273078695,0.2959226725430013,0.0682144412599805,2662.788130939455,2542.4583551368364
1.860444749257713,27.19063519149698,0.3159789094843697,0.5303257994070703,0.15894767261535506,373.08218213351944,347.87576335931783
7.220613561857791,85.21282820003687,0.7147368568937937,0.8643082436475902,0.4963653404485089,4423.979408675364,4161.66594554495
4.5215876554588545,168.75025608809995,0.8080122596378069,0.9151381652526515,0.6215755072480579,6162.2968515509265,5876.674294321435
4.145448194277495,146.26983826372987,0.2772217215218936,0.48277307616345,0.13615083988191923,3491.279736266243,3267.3209753735805
5.101053519174634,102.68185800691215,0.4708382714071375,0.688576234542316,0.2636602359255518,3393.393030681386,3145.43724541709
5.373487039525817,29.9182763285896,0.47625923834976513,0.6933360983838521,0.26779642041762886,1036.926003354778,961.1752346071421
1.5024306435855912,96.84105100819447,0.7988602446077874,0.9104659795156336,0.6080288848786517,1596.0098758479712,1519.6514989727448
5.7783205485638165,104.42448914921903,0.7102392423006444,0.8616660946995727,0.49097474594600565,4459.459899694383,4192.792082746207
2.6935217622087073,187.13999592094447,0.5104617746944399,0.7223304606256193,0.2947666692149083,3850.6158957483813,3570.8983862489617
5.997668427546128,135.3954986447887,0.6365977603774187,0.8155885381253443,0.40963241421933794,5725.150935340483,5343.552786196821
6.757743560689377,76.0975249978368,0.7778840431274935,0.8995097194068186,0.5780971701783835,3849.6917117814123,3653.0751589353417
6.627709552867642,114.55728760112984,0.10763116322043596,0.22326746072428372,0.048171698228013815,3446.0448706799243,3322.817066394936
4.867506771855224,31.889955407988815,0.42231202484003894,0.6438201350384797,0.2281895308155806,977.6786150874035,906.67922266893
4.641189246175259,195.06228241695263,0.8257945338216629,0.9240343207245526,0.6487965586850076,7335.335417035878,7017.742514982406
2.000131729375882,84.81078234753068,0.6922504246751611,0.8509081982862625,0.46993151801451716,1587.4280288914072,1489.459970242208
6.427423052821949,106.01612388436445,0.5342730994672598,0.741509428991295,0.3144894792539293,4458.659782584793,4137.414166682446
2.8998656631270006,83.95111536264606,0.5237156216281068,0.7331041094084324,0.30564445599444834,1840.595726522512,1707.4408673639327
4.476867959725626,142.85211142091603,0.3782160780835503,0.5995228998072054,0.19817633012210395,3949.929024823563,3668.5524151318727
2.989918650492617,139.20178849932677,0.5164164269132117,0.7272017573569929,0.2996231900759153,3106.832818825769,2881.5328422697194
1.9367985409978519,148.75801589524443,0.6243065595707626,0.8073466763070599,0.39720497253764236,2620.4606835204827,2443.4520811350617
5.406903878242156,68.26578133014576,0.4346904307430345,0.655616232536971,0.23698195144069492,2306.7859067999175,2138.760963712489
1.380324243760327,76.82032660953188,0.6713225171137391,0.8379976938912154,0.44644142166781575,1127.5158795278282,1055.6428685536337
6.2405166388834,42.54522159731743,0.7889857818083087,0.9053518813219128,0.5937495803381045,2019.454163272527,1919.6998427580809
3.2231075668278164,137.99179493230025,0.22374787854788894,0.41073920916298445,0.10649968955299306,2575.7157456521327,2426.8172707598865
1.0009428510313971,27.163482920417458,0.4612376182539396,0.6800317302517251,0.25642371119087365,292.3636713560854,271.0013979748873
4.577903974660609,127.58282039422264,0.42641607302806495,0.6477609483625537,0.2310860249272464,3729.9772942028767,3458.804009788751
1.3279633596932219,176.5452592732941,0.6499718432397825,0.8243696387105135,0.4235037260928111,2503.18060088451,2338.9732674964253
2.933186904746296,180.34978669213405,0.2998939722063435,0.5110345197627348,0.1493445829420109,3356.159441322733,3133.789195585166
5.9488354121900135,100.8267968665931,0.612200731961821,0.7990638556399977,0.3852533739940436,4171.607815021221,3886.4208525180466
1.4388273513530612,102.67466387835327,0.8019913933851904,0.912071730456248,0.6126291993110731,1651.5236387751904,1573.3433645279792
6.875369446492016,33.85445294144313,0.4345052798348982,0.6554417617472225,0.23684919084736608,1405.9902190976525,1303.5825659366142
1.0267394586100818,140.73770457974643,0.8288125599833761,0.9255208172121558,0.6535392134261154,1903.9516960923117,1822.5434837643231
2.7277670844133155,167.82669566711218,0.8945309911467828,0.9562998298601729,0.7667491641662416,4287.93644230256,4161.826071935192
6.1863283930645,64.03790982884834,0.18487363995836167,0.3531167286433619,0.08611871120059553,1960.6322178308687,1858.9965142593214
3.2138910481051477,95.83415869400564,0.2864425503878869,0.4944219324659093,0.14146966284598875,1888.517699296363,1765.679155448026
1.7132467164620948,170.99108061774865,0.8603038011856746,0.9406405525250574,0.7053033068842088,3137.97250881169,3022.616744777559
3.5216374316029952,177.88168417921185,0.8666621491851094,0.9436090520448722,0.716288039411035,5454.074823177121,5260.650973937424
2.892753004691679,63.772396447560666,0.1781658203094068,0.34268460411302587,0.08269397040815714,1050.8150831063883,997.5620370501016
6.898983315123885,119.10271421744557,0.11199880030170935,0.23121424075472874,0.0502350155641295,3727.016120301545,3589.701038115669
3.193435423096002,54.64876711444887,0.22888001860513782,0.4180014519711107,0.1092612810712914,1017.71324816949,958.1704907214771
6.52252730243205,38.338177545120175,0.8968102267057987,0.9573152005182735,0.7710517009604639,1978.326761940379,1921.1773488164138
7.243105013675143,184.00169025055237,0.2439996932885495,0.4389533019765394,0.11749812698957121,6829.751193219308,6416.9064366267685
4.036721937035707,167.69135076177966,0.5020380853776185,0.7153516568584403,0.28798000534797746,4677.724444264248,4337.2241082416485
7.369602006980744,156.8062823245713,0.7787341811444088,0.899960601295263,0.5792811311191671,8561.809559323025,8125.606768827998
3.64122637774235,28.777937386365274,0.11632128855056507,0.2390028090981969,0.05228617680366207,531.4920226080939,511.3521366771817
7.748548915430757,171.87118268784636,0.5835911858067676,0.7788115923345799,0.3580844551764959,8793.843335850212,8178.018567190584
1.6250266716790105,98.84793366296907,0.32162035909569947,0.5369482226769658,0.16236531278972244,1250.616457061498,1165.5941938995902
5.809134865522699,81.63112219325473,0.7898679331517853,0.905811881457522,0.5950113565848351,3645.369816553065,3465.7977954046046
4.4566982831985005,118.36574498456775,0.32676891941126335,0.5429284579675528,0.16550734231424893,3126.5041125701287,2912.798016553641
3.7135416381895294,36.44358369024005,0.6494045762255272,0.8240010693147346,0.42290778106816374,1045.885472532228,977.2274412943315
5.428983151240207,156.19637888343178,0.6393757059579175,0.8174283229431858,0.4124832272340767,6077.992700415766,5674.165283971867
5.926999641440318,124.83831383989326,0.27719483908771203,0.4827387983981679,0.13613542593832467,4011.3396303297254,3754.030854965425
1.0305428875521636,53.586217437170156,0.1278393598946801,0.25939452172524474,0.05779718990799405,438.11586294426303,420.33558926997244
2.168671621230391,53.88179595842821,0.4273996590283179,0.6487009916645964,0.231782931913921,895.5420524889428,830.4189514314011
5.991322354440231,53.16475728308136,0.33135452157269574,0.5482043676799615,0.16832452895989758,1806.1455514858776,1682.1197545577363
5.664697895047445,30.260429759348117,0.7471821996909669,0.8828256625417473,0.5368866444097296,1295.3632489702807,1223.676394417587
7.7623325359007405,125.80372088690326,0.7402913507642762,0.878970975433737,0.5280319045822539,7055.434499043901,6658.726917263517
6.327264531755481,171.26267196593145,0.46561916175410045,0.6839496057627332,0.2597123812871372,6771.667265134861,6276.835102286082
7.655408954119366,23.14967851772995,0.5852097802585752,0.7799835219614706,0.35958279680179983,1173.0578083979844,1091.0087656002306
5.917783510743648,28.82083609482924,0.5834076127895401,0.7786784755742969,0.35791480544931775,1165.9029460964791,1084.2447465993805
3.086365460476102,123.09864980365025,0.7617265187420987,0.8908277498539111,0.5560417411739764,3254.5366098928725,3080.7916006408263
1.7375544557559954,167.50922336948943,0.440001931298558,0.6605962294260885,0.24080690198225418,2428.2129790188806,2251.1689380323473
6.4727670434145494,78.81300030235406,0.32035734383240727,0.5354719506904893,0.16159789141311123,2835.5637885459487,2643.0531375727187
5.509044550331412,82.93059178538999,0.312027934512438,0.5256438676875178,0.15656962102558228,2580.6322920185457,2407.068559515279
1.3373020867530736,127.34236954941967,0.5289538234257634,0.7372937864635296,0.31001266938821453,1679.2630782571575,1558.0138306555593
3.5203532613068482,69.35832004234646,0.45931856218577005,0.6783059702683016,0.25499060708369437,1684.086321128067,1561.0437941891016
7.697598708390003,24.789505893983144,0.452096616787949,0.6717574569152396,0.24963673202764494,1152.0051123611217,1067.879078652199
4.5028080199714084,152.3411332582873,0.17290987127176577,0.3344050490616536,0.08002863377980604,3530.3649480705376,3354.7643493001024
4.029103952137932,132.61698432946156,0.6748829925521564,0.8402249018423791,0.45036550301957257,4120.758799227351,3859.4441392853196
4.203897236115058,124.53607983001864,0.27098935038552857,0.4747762532849354,0.13259151503425268,2989.7827247946398,2799.8996286552024
2.462179068036146,153.50314321852815,0.25756290416697714,0.4572019017380994,0.12501904816158585,2422.601761450539,2272.2799258743757
3.5809501960535663,141.54155076116675,0.4302066562219148,0.6513743834288506,0.23377763159856027,3408.2250459611114,3160.2137651105195
3.5886927919102365,57.05875787209781,0.2822226732942411,0.4891176400073057,0.13902763217045389,1219.9048640296055,1141.0487029559836
1.3664851413123067,83.44658844980322,0.5670866138464123,0.7666764785481298,0.3430593605660183,1142.7253062041768,1061.7922888809387
6.372973399625428,42.6998255021525,0.39717067146757723,0.6190129179170366,0.21083547567131844,1613.3710077938626,1497.2909123361687
3.9155310233271527,43.37426241521858,0.45912937807423215,0.6781355172395378,0.25484956798890346,1145.0798241531656,1061.4188642025988
6.755259207714963,141.71523434417708,0.5297354572832231,0.7379156926612265,0.31066790431126967,6204.033423571442,5756.213944464366
6.9524360078392675,174.54801925684967,0.2628284179854439,0.4641512874827954,0.12797343306637382,6357.376929959843,5959.168719562092
2.4839583828906067,193.29186509500502,0.22460129829242384,0.4119522210060051,0.10695772769196311,2978.8096803687913,2806.2590975549138
5.6014743751909,133.1024811589,0.8043375222988839,0.9132699301183188,0.6160994562571858,5801.421201223808,5529.010382695837
4.3059726291408715,53.138238204972254,0.4469789622651369,0.6670647738847115,0.24587993824006607,1500.7708046263137,1391.2361722663004
7.161097165450395,39.01706218080753,0.42967488770603135,0.6508689850895263,0.23339908202123122,1673.0826165291137,1551.350108059452
2.510184754235179,166.31317487661642,0.1284897202182732,0.260530455149117,0.05811035833257382,2352.164593033939,2256.3588869541727
5.744692402170309,124.17616574479987,0.4983810420699146,0.7122894651542176,0.28506361469398145,4626.614217152637,4289.579178893156
5.254264855769058,131.29130378246958,0.5433357772888001,0.7486028985507468,0.32221378847217225,4677.870669742735,4342.192610141014
3.0671103430028293,160.66317597584765,0.5470726967637333,0.7514956530876853,0.3254350710317101,3731.8107735543404,3464.5079200220966
1.9562063255582083,146.5899009918413,0.6656249354583075,0.8344069302667321,0.440221851220837,2663.4016301575325,2492.2497763190004
5.5614783233409355,170.2024855140974,0.24198546799280943,0.43619971339634267,0.1163919842435868,5019.5331847679645,4717.362330201637
6.170182206926315,30.118502982778125,0.3017785073844951,0.5133266030737024,0.15045905690313688,1023.4112946217367,955.438042744463
3.20939140634345,154.55371461437088,0.7485843721843302,0.8836049881481142,0.5387055288263383,4181.605478114589,3950.9579121593365
5.513828228156196,173.1534963179772,0.8577364934747153,0.9394340856955651,0.7009207924711034,7620.820777703708,7336.743234246085
3.765916353280523,71.50430764249657,0.2087461978938565,0.38905968075642616,0.09852404561361443,1485.2615121390372,1402.6046875925608
5.992448182978324,135.2805093187855,0.4981196436041746,0.7120698265182355,0.2848558430403941,5224.535047466264,4843.9238597798885
2.394506924258372,76.54917149065497,0.27134100219166946,0.47523014519909573,0.1327915881151304,1199.1353655846583,1122.9335400595667
7.231505018453221,192.43479196684171,0.14805853468398597,0.29395927082298423,0.06763564498228307,6509.338399732451,6216.751113514522
3.011867175259058,26.016243038390677,0.36040267050090835,0.5805571283650276,0.18659409440320626,519.4488247541957,482.88055102985544
3.5745019142930703,124.3627118899319,0.2149501001473702,0.3981077873462729,0.1018050747396748,2493.944581189724,2352.874524338351
1.4066436645624485,49.97063846891272,0.667946458747397,0.8358740037492196,0.4427472361617454,740.1188242392635,692.712571943916
1.7805854862489348,148.19963693188856,0.5269803309371556,0.7357198111528941,0.30836227607668903,2321.8382833035753,2154.0673086732063
4.611033318986297,51.66025101535918,0.21506757679224872,0.3982779889454498,0.10186743741848062,1270.8663888312242,1198.9581790239756
2.8731487370958004,62.36898714170436,0.1073932707244115,0.22283238493457153,0.048059580883639076,952.4226035168284,918.4216088737134
6.848361580195361,108.98674598823645,0.7465256392193702,0.8824601638875873,0.5360369624088709,5492.171629142855,5187.758906864661
1.102853720584677,184.67029099943807,0.24095552493139805,0.4347872915296278,0.11582743578293109,1743.7890541291474,1639.0387003453125
3.6536583407035534,58.10858698663475,0.5849733137766128,0.7798125099951384,0.359363616690836,1582.910596072095,1472.1749153491353
3.3614188273836487,45.96320380125863,0.3695375304613965,0.5903633167826474,0.19249638535115995,1005.0616043094462,933.8545913688889
1.1352934164232074,156.61582973372552,0.5683887506520285,0.7676462902068631,0.3442282953257166,1936.8220194667997,1799.7605477897173
1.8705787930035715,110.11151582010757,0.3525229015858592,0.5719593760568445,0.1815642174170737,1563.029847022396,1453.6577581988047
3.895498724430447,184.12132022871884,0.16955164855380334,0.3290657450327513,0.07833388896755282,3783.516179336551,3597.6415534646812
4.450052091132126,46.390620288771615,0.2783600068462029,0.48422280134464873,0.13680400436511728,1174.0121722214426,1098.5681325444868
3.830028230784084,136.2670207441471,0.2504468531832605,0.44769082543035393,0.1210572848160222,2981.0665291993373,2798.5492419349193
4.716563748884656,61.918246307326704,0.4424154819517151,0.6628432045427043,0.24255550770500586,1877.6800421911244,1740.7229468762157
5.16592172433977,48.21687715729507,0.6266270267409259,0.8089154757955851,0.39952822046670766,1785.786001103576,1665.4511153456237
1.0694667478948494,143.01729472830868,0.3110448599570861,0.5244732436730082,0.15597988226194437,1413.766219763497,1318.791350333335
4.248666116174527,126.86323158357197,0.10965594824049436,0.22696116209411865,0.049127075843079585,2631.4823259508976,2536.052600034496
7.744494686213118,155.86894250521962,0.5151498914118056,0.7261699028412579,0.2985860750021415,7617.709849613005,7065.079966583912
4.633225960906842,75.70326376031282,0.5846075914871777,0.7795478861595361,0.3590248198363107,2495.6998258428503,2321.060341724697
5.742795872212672,100.63489814879419,0.8702963952014477,0.9452933770549903,0.7226517218719328,4607.952556830062,4448.0148739357
3.1830470054181825,92.98490173947532,0.5715766424745975,0.7700115329209453,0.3471018518052995,2257.3444447906736,2097.930652459365
6.417939647069337,197.13610351397256,0.47693804750251345,0.6939288727105987,0.26831693585989613,7956.014004744499,7374.826014841992
6.4104503731328055,72.60481221308982,0.5587213007181631,0.7603944912436074,0.3356154216414894,3096.4792267078324,2876.0659900803585
4.649072333578973,73.06710290241804,0.8423205038896217,0.9320927652851588,0.6752226189887705,2771.142877850581,2659.5475915807065
7.832096762954495,83.81867758914933,0.762702516481317,0.891358323649703,0.5573503921094118,4791.954919916998,4536.7831494834545
1.8788515033385735,121.62693463225787,0.3583829866910464,0.5783657920962808,0.18529950071053936,1739.7567358435363,1617.464452353683
1.118633654227067,65.41809396747414,0.2898034909257098,0.4986146031390718,0.14342425945639017,650.0443139314971,607.5584353897212
6.391107482299672,184.7521892682693,0.31010688989285895,0.523354210639957,0.15541792717889774,6517.522227185863,6080.170441857906
6.650088761554178,67.82340167592743,0.5035368317721705,0.7166009162358039,0.28918041902209746,2876.583089134527,2667.2611538917204
1.8414506038440337,181.24683168083504,0.6952395609828622,0.8527171764832978,0.47337213936141104,3218.3116777032305,3020.682793959784
2.8590798307102423,38.62551145638524,0.5025753657463697,0.7157998794591064,0.2884099881019656,825.8423659324369,765.7348548539849
1.1228665435664023,138.18128643193742,0.15423711666249007,0.30421965618447194,0.07068516952074552,1212.8753192113038,1156.8441487559264
3.053160275463953,183.25739331888386,0.6788645603519847,0.8427004506291877,0.4547882650730751,4599.581325237644,4309.634890736898
6.4119931174307006,50.37489891168131,0.7447761029367631,0.8814843988036731,0.5337790210575726,2395.2702523884673,2261.9652066168414
4.625723693988053,194.2988528178659,0.33159829209577574,0.5484835161700732,0.16847478841517574,5312.593661948137,4947.696983675928
3.4366691521780166,101.5190048747921,0.6313005914266803,0.8120569671017992,0.404239611955734,2713.0525403096713,2531.1493425335893
3.602175064344312,190.2287195193844,0.4412735208435147,0.6617812928445318,0.2417273362164259,4640.203964629457,4301.810192853702
1.009475380008277,141.82760785340847,0.8112954845819543,0.9167986303673076,0.6265105515864007,1887.655012916631,1801.197576683696
3.0986036929566514,74.28563657723927,0.7761804465285919,0.8986044290064215,0.5757318223177754,1983.8309720074658,1882.0124428271608
5.525211191465513,53.89445448507915,0.5203455986477138,0.7303883606514906,0.302855031679792,1972.512487323468,1829.649899663045
7.8193611067145,74.67230832051789,0.6532044366508756,0.8264634560436732,0.4269128041650284,4018.6183994626017,3756.0724304851083
6.929425788887297,36.7431336672815,0.8066797608176832,0.9144619190305628,0.6195840719759171,1925.7023814613183,1836.02109806587
1.1651647525187039,45.89623394179936,0.4965736080626204,0.7107686990682701,0.28362884489066537,548.2505906377818,508.29843490867415
7.289924232723875,38.8388792623666,0.35060059239105756,0.5698420794517687,0.1803456497893154,1589.641397299241,1478.579565230631
6.4823888930903815,96.1298378734804,0.702932910327665,0.8573336854996902,0.4823293948468917,4513.793780404552,4240.274839538248
6.462632864996863,163.20410772636555,0.27605300382775344,0.48128113010378565,0.13548120901751362,5643.942375515469,5282.558189563152
4.205970313025,45.44903975894123,0.4108249184048337,0.6326295354979861,0.22017845395725333,1225.4440672478386,1136.7811681589408
3.7860370506815197,43.45767797102046,0.7925817896854349,0.9072231699441766,0.5989100444259468,1365.806161709271,1299.1031542616242
3.1204101018323485,135.81721091311954,0.679537872215452,0.8431175202617338,0.4555398289780898,3466.751467579523,3248.4392992958515
1.4598640126805604,55.49293675425193,0.4230488041979994,0.644529809414309,0.22870817769634447,713.6429453462608,661.8071657414666
2.597647544455894,37.56980685961849,0.27179560192668595,0.475816438457038,0.13305036707435852,623.998327725735,584.315430767674
2.7262254448461722,50.032744077003976,0.3847747126657892,0.6063457646751875,0.20251670925382853,946.1400064576628,878.4881027437779
4.388539487971411,186.2716512578197,0.32728331938194644,0.5435226492893627,0.16582248403662872,4860.804888573377,4528.378999984819
6.232110846176858,167.86482549971436,0.24087143035508315,0.4346718353161914,0.11578137215925532,5451.039212936498,5123.64968880982
4.316668798785626,83.73162122391693,0.6946663308525254,0.8523709341512477,0.4727106266662104,2781.0565205424227,2610.1135784882026
1.4049111461301242,138.0477381189307,0.3016559094801372,0.5131777528250576,0.15038647029248556,1573.1465646543675,1468.6771928447947
7.704528606917427,116.70962126024685,0.4633339761342111,0.6819101094983665,0.2579942832293532,5472.93093106243,5073.01489010863
7.599070233658786,141.8823674268615,0.4086875574688873,0.6305208896433834,0.2187032448134584,6308.570422519224,5852.494781670751
6.496326802038858,142.88080744329667,0.8856619029085047,0.9523167280052268,0.7502664532405231,7316.793126022981,7087.016766330196
7.939295310949544,133.17212271079873,0.4128737953185765,0.6346430343725329,0.2215970829662608,6175.450451735052,5728.321628036266
4.81137632960184,67.89824633671554,0.16398598623740385,0.32013121893084195,0.07553912727701834,1647.2623490928283,1568.0475357979249
7.739378451772442,27.02115573730726,0.17186060205766723,0.33274093887159456,0.07949842817507685,993.4780052087796,944.2513681824721
1.5292352843172554,102.00202075821959,0.5726029770824519,0.7707702939167217,0.34803056328075116,1498.2298748587746,1392.4967019347391
3.559765237829599,180.3752992443267,0.5794908413906125,0.7758283937511208,0.35430885115384914,4797.581150625203,4460.6089306699405
2.577668876047361,122.50950653334367,0.43500719238612395,0.6559145849832361,0.23720917104564831,2312.2210306280504,2143.7894330515733
2.37083158893989,169.8303875063434,0.44547495384962377,0.6656773291583519,0.2447816443368646,3043.754025069708,2821.6468086141936
1.9856206422487326,198.49238173302106,0.143146066272697,0.2857020437147131,0.06522560476061064,2423.360614426714,2316.9061154667756
5.356895490961977,49.450916744889724,0.5132372083114098,0.7246072797542157,0.2970241156157214,1754.592659924891,1627.2336142036004
6.469252990231135,144.5199750455568,0.5037915803042814,0.716812930102963,0.2893847610795775,5985.675549248739,5550.137870592387
5.048088795942524,141.37284326600445,0.21963945484555564,0.40486940310839376,0.10430122495701567,3764.7671225530416,3549.289257703113
2.0287389671174676,196.39198052449012,0.18307150888874207,0.3503287016817327,0.08519604444076072,2529.7812751971715,2399.420530794454
6.677866389534296,197.40813211150407,0.1988579924795924,0.3743918635153608,0.09334384642181269,6544.376841623866,6190.127532623869
5.4516829501460995,143.6021501103433,0.18082259719300683,0.3468343816821394,0.08404728804464844,3931.7679651864937,3730.68839509638
3.717159942888969,63.850662556794965,0.5877665564294079,0.7818282281639468,0.3619588498040069,1766.190452683532,1642.894905180122
5.718912068752441,163.74005086350783,0.2571861219223349,0.4567017644356981,0.12480839283485988,5013.282567205412,4702.424013721123
2.81933485469983,39.26524415798686,0.30114412174997074,0.5125559828438484,0.15008358346724368,710.3064225226275,663.1673834997746
3.4163454594594738,160.52587475089317,0.2388577153211518,0.43190115525648526,0.11467976163294961,3177.341431412155,2987.315684139895
7.422400901923932,183.83530234604535,0.8662682435588025,0.9434259538841013,0.7156020483781464,10497.619603171117,10124.478184236186
3.0335315396999425,88.91001105831835,0.7836939705214684,0.9025794557247689,0.5862366059408993,2345.1051887625304,2227.369247203754
4.289917877105556,133.5143530969545,0.2843958698812167,0.49185490539028304,0.14028358133683005,3296.99116804807,3083.1794411131928
7.230987961772103,97.42569177742874,0.3620530351377008,0.5823414741295442,0.1876547315051533,3996.2987977368844,3714.6284536804556
5.9540494518726925,98.79770989786311,0.26791427384399774,0.4707933343423328,0.13084576674058068,3160.9331361365944,2961.2040142903506
1.4354225831529193,75.86676003946161,0.493500767568659,0.708172026071923,0.2811995283078062,1017.1766190260506,943.0129232598279
2.0311213099527925,157.18333168105843,0.11568842597940288,0.23786716390972223,0.0519852888827435,1894.6596495764197,1823.153702762651
1.0548911354034178,188.51178154997092,0.6370944071174366,0.8159180744396002,0.41014093391246126,2341.4514187174395,2185.474939975979
5.416452531604143,189.335154662203,0.5185265198541134,0.7289157895075573,0.30135607758389765,6805.583361379657,6312.385299176738
4.133713977872928,51.46063127748809,0.8189111426408826,0.9206187915385897,0.6381147890795796,1755.761342228286,1677.6252733231952
1.9399239563159287,177.4538569381819,0.23151414746273133,0.4216989325682035,0.11068537563840068,2322.4763482485737,2185.78271176173
7.705538847397393,152.73765945688197,0.7432873968489053,0.8806520149564618,0.5318647793166648,8523.495001319094,8047.499414129761
4.7076180676193395,65.51073212425206,0.7335688115733726,0.8751703737661046,0.5195255749216561,2384.916054186389,2248.815704659344
2.693253058790224,32.11123032587262,0.20174495137350956,0.3787059446840912,0.09485005914278266,513.4741231341683,485.44728243561667
4.504224998082953,68.23950803918804,0.41884737931530214,0.6404699626045257,0.22575848083856365,1957.3695636248076,1815.3702076874265
5.757342329145755,184.1974826206746,0.23612211291561352,0.4281187419444675,0.11318759407774337,5564.521838275459,5233.669798004529
1.5336745258149513,133.97216148123903,0.30377640036603915,0.5157472186752863,0.15164361962615194,1611.377234457971,1504.0810995788931
2.922926705335244,149.78983896161694,0.3105969398644355,0.5239391167974738,0.15571143679874677,2805.8043506615586,2617.4140857700245
6.648758436187955,66.28742319963726,0.5449891152206182,0.7498850484847519,0.323636354530019,2891.5922566374625,2684.2600829725657
4.217654092818629,149.48986800346765,0.4291287454083724,0.6503494109884496,0.23301062469441858,4096.585533136586,3798.559002867193
4.826039994226065,25.061871130026276,0.8581862432050443,0.9396457678444353,0.701686368074389,986.7350593228047,950.0417506562814
4.029712015466284,87.55784223914249,0.20109611355760412,0.37773865533100376,0.09451109863936044,1905.56424418351,1801.745877255141
1.3072995985010358,132.8156027376196,0.878953707880159,0.9492698380706014,0.7380670087262311,2088.0384073789764,2019.4053398308824
2.1602484587410915,46.29738179743764,0.28451091217141117,0.4919994754327233,0.14035016627050223,683.0653366611085,638.7606546470975
4.118791471193236,168.14064340044825,0.7182991491054825,0.8663876703308463,0.5006727341432379,5445.87261447341,5125.184262526837
2.4642982578554946,62.30563378614536,0.3711759409382571,0.5921041325958495,0.19356323394035518,1083.5988992650662,1006.745150291673
1.3498532006177513,137.41060030732032,0.21446511633385112,0.3974046935213268,0.10154771249881667,1414.8703778383315,1334.937679154888
6.9055476483627665,92.93548566355935,0.786311348196992,0.903953513707929,0.5899406220730022,4810.37506299088,4570.783428116312
7.86834770414881,127.28784718597649,0.3470887193891706,0.5659536716462515,0.1781279501220836,5557.2525400632385,5170.119379985477
6.552000117977176,39.341099473203464,0.6270843233814738,0.809223932387449,0.3999873118517348,1785.0922029766734,1664.8622172962555
6.976494451932669,23.044303985889318,0.5531549480693013,0.7561643242470669,0.3307241532691416,1054.005837876897,978.7470826385305
2.6938399122193175,183.7215969284542,0.4774050475126995,0.6943362652831494,0.26867537084114446,3693.431986589451,3423.6344573606857
7.7243888285923985,68.5334015780929,0.4966555781188313,0.7108377736447159,0.28369381986942377,3298.932718841106,3058.5363055823277
2.378479931173999,167.54186050048264,0.68579033127383,0.8469690447001591,0.4625698969455573,3518.7760504815424,3299.3305180461552
7.660008672532826,199.88305408499605,0.17021833129875247,0.3301287905703053,0.07866982626748693,7270.626549452356,6912.5486605920305
7.9637350577616575,58.05762643980401,0.6345445295663241,0.814223317419202,0.40753540533994315,3140.8384162530074,2931.007250275369
5.982059640222341,67.730733413004,0.8166496811188629,0.9194889529657794,0.6346457503998598,3139.721307356665,2998.772130846441
7.868006122542753,139.31476177423983,0.14623055761589132,0.2908970407399777,0.06673734725037642,5067.6203069370285,4841.745885246517
4.986778456969725,193.78075422811182,0.2125226713869334,0.39458150871936054,0.10051841727593762,5074.217775467429,4788.989877309364
2.8167924822326325,184.84658267433392,0.6733055493616251,0.8392397290740703,0.4486233863801322,4355.212823259029,4078.389744324178
4.0589711996593465,110.51759361180528,0.4498253185956941,0.6696801564205824,0.24796564123510362,2982.303482794503,2764.5672465682906
5.154926547651502,163.11985085481044,0.42283889665095076,0.6443277223876791,0.2285603560075915,5247.983815429335,4866.8165264078925
1.511570934189105,44.43425355798219,0.2095733076353887,0.3902727995244784,0.09896008428989278,486.77203720131814,459.62234686451785
5.3564028523207226,195.93887315672222,0.5054160325742305,0.7181626392905478,0.2906898605285882,6914.044904463767,6411.147249775708
7.8682448573360615,193.58358212647758,0.2012362489571018,0.37794768182956784,0.09458428525791633,7429.324542717817,7024.399952664771
2.3307535484860935,49.47121241825077,0.4812963650484323,0.697717699432825,0.27167276800062634,899.2873806053559,833.616418386153
6.548165814018683,73.89616246455918,0.7108922391693254,0.8620508669526515,0.49175411314249406,3515.389411331893,3305.430678269885
7.355291556457336,38.02789955121805,0.3066114863097308,0.5191657603610563,0.15332998024437158,1511.9963389091865,1410.962807103166
7.605911149741546,68.90916780167234,0.48462893454378186,0.7005949749638404,0.274255082851754,3244.224591042675,3007.392982934723
7.72094923083813,166.8720420947372,0.8936127755174685,0.9558898299743986,0.7650236348779245,9970.993642585001,9675.654006051194
4.650217471050304,88.0968092897467,0.6493203386832298,0.8239463087281448,0.42281934303587976,3030.537167419796,2831.574179841904
7.841155355940526,35.91145408641651,0.7730854170441589,0.8969536817514105,0.5714589504236246,2065.64712407538,1958.6968850026142
6.301171449941072,81.60059446020281,0.4318780852484366,0.6529597140366348,0.23496950525148147,3135.6124095950927,2907.3523108258682
2.1317000536587334,196.64900016343043,0.7142887385006843,0.8640458344970641,0.495825870758223,3888.4084787702614,3657.653599174806
4.33830074527579,133.34304714665655,0.13240733835305749,0.2673386012931074,0.06000137834069416,2879.464490133883,2759.65404428847
6.028318227604028,94.9089703531084,0.198328946033796,0.37359843282739946,0.09306837641249753,2878.7436008743143,2723.1571041491084
2.7313822107335834,49.9769324295086,0.2624564743360497,0.4636628387521149,0.12776409686479873,853.8034225859051,800.3584773063662
5.484306284842211,197.51182351106507,0.4215615396921757,0.6430962655305756,0.22766183894687547,6688.0103507249005,6202.428975499779
5.666203353326335,167.75282166736318,0.7765959026606105,0.8988254196835829,0.5763077766040752,7287.846678196727,6914.248543948917
2.1388982066599613,70.66591444116548,0.37701284063034446,0.5982619643079461,0.19738455442895259,1118.7705598539233,1039.131479060166
4.955597187169294,32.6123652298141,0.6236969548123703,0.8069335422083898,0.39659638406654407,1164.5828300223825,1085.8671728744187
6.401388376850254,30.192600327960445,0.6674514358427868,0.835561638313576,0.4422077295387426,1374.882597821479,1286.7569241197757
4.492269651751593,41.66806691099609,0.5689458832706732,0.7680605778342551,0.34472928558925214,1325.893258048758,1232.0983020710328
1.084721817432752,124.5383450505959,0.38579357453610896,0.6073981049664129,0.2031947247867207,1318.6609400913003,1224.3205007940999
1.0632692835550452,187.17741581698863,0.5616426733708354,0.76259852001917,0.33820220573981935,2226.887570819107,2068.6436038393413
3.499205407790085,109.41381704107721,0.373812474231797,0.5948940888955289,0.19528532322749073,2476.57460558444,2300.6285372178336
7.483358479022474,171.7301868421155,0.16709899084160967,0.32514173329533175,0.0771001640216898,6100.514755565804,5803.582084601429
2.6007374572252613,100.25959157476541,0.8942431825488115,0.9561713766982604,0.7662078284733321,2474.0572563823425,2401.1314338811144
5.44054582210181,147.54503823820855,0.20174596290600874,0.3787074516453952,0.0948505877800041,4114.340683201734,3889.7679188910934
2.5545310948532443,151.73709271157014,0.15787870706884588,0.3102026775252799,0.07249221205381187,2238.126740313228,2133.125943678164
3.2516899276168405,51.31346706260096,0.8028245993657247,0.9124977460962005,0.6138593315391215,1439.4594582120471,1371.5128553570673
6.936294627210388,85.01889061564611,0.3414677287143161,0.5596748623112704,0.17460103221646,3306.370642469937,3077.162003053209
6.102030095889628,134.7143881768443,0.6202375792588061,0.8045811916739515,0.3931564487035341,5724.623942016182,5336.322506331584
1.6677949411924744,32.72538947318591,0.36320458372978626,0.5835831750997467,0.18839627859322983,435.4862771685659,404.76665320024506
4.0009141469050356,85.07723379733218,0.413163416635577,0.6349270370382393,0.2217979709858795,2207.5548261158806,2047.7024366832575
1.2041883455168514,116.26390393061465,0.3096903776134372,0.5228566314447467,0.1551686138306268,1222.7079686727143,1140.7001021825622
4.3662310262210635,199.32040874803496,0.37443520463440816,0.5955510179571851,0.19569302961190996,5383.700631477719,5001.071106166226
5.637038081907477,105.41604127203934,0.42856032046923453,0.6498080835028386,0.23260666698710913,3673.0706846597036,3405.891450221848
1.8295183651870608,166.89021628057824,0.6763328552738743,0.8411281925735696,0.4519717726719791,2920.0259793244463,2735.2527447858465
3.0221945723641594,97.7721113119912,0.5092289553878334,0.7213155550267976,0.29376735691417455,2188.9191733985067,2029.8588747690483
3.7848563785150984,163.3503300715476,0.8548521737255815,0.9380731973729605,0.6960327586769307,5274.869126005543,5075.21723023371
7.436717172592348,127.17466429161951,0.13350431507102042,0.26923442538032955,0.060532295441375956,4345.051034377796,4163.2049785478475
7.952785107960748,179.5871794704317,0.5024546581056225,0.7156992169231841,0.28831335241807143,8907.09318145629,8258.78846665999
1.314379092969311,93.96965942301978,0.5673798310653745,0.7668950499084848,0.34332234090861036,1258.7350422676204,1169.6021554153995
6.327055464467744,128.7747955678662,0.8361575888594192,0.9291107183044691,0.66523585691982,6318.053727225182,6056.35595129805
3.6020684648164027,133.40336251138893,0.13932681889714207,0.27922067935363437,0.06336070687824738,2500.880806653982,2393.0487988908435
3.74720730360636,95.1289295240852,0.5587996679481728,0.7604537592269462,0.33568463523497666,2599.149682834391,2414.145631173344
6.279854813429159,45.976167863746674,0.7829039428223656,0.902163633105279,0.5851231556289512,2187.8544613953222,2077.752397264708
7.428985025017861,36.840693244220404,0.29354218249538927,0.5032455405200249,0.14560867123892152,1461.174551845465,1365.1770759168073
7.6565001615178385,23.000879107933958,0.80103387881915,0.9115814935542238,0.6112186515680971,1312.6110919909656,1250.2707892113206
5.039858102268245,177.23616756413864,0.11523472741943347,0.23705203352144077,0.05176970414719276,4254.980175914282,4094.8597711983016
3.4998481151035197,62.56548420296502,0.6859637033069838,0.8470752933864926,0.46276615229050727,1750.3365253412487,1641.2082777601938
6.512843601011455,58.07121487071825,0.8464905769349225,0.9340951394082274,0.6820715340965262,2934.171434832249,2818.338324061887
2.757009682836102,152.4863720766918,0.6257581293120498,0.8083287436979408,0.39865704562030124,3439.3610398713918,3207.3883068803775
4.9485182018346245,77.60290035573051,0.4512233951843584,0.6709598336357917,0.24899355200294057,2464.8691460776186,2284.885016712072
3.5100492306741122,111.08804463413058,0.13590481317817443,0.27336706722629256,0.061696259563539996,2033.8710500490909,1947.67999358327
5.596417515955133,49.25199175354213,0.8360910506581031,0.9290783733728118,0.6651289020590524,2175.417111369666,2085.2832574506137
2.6827923902545483,192.75422986315445,0.4762369781532598,0.6933166473233907,0.2677793609436954,3860.186516887628,3578.187143093129
2.3411506201437806,173.28465200310274,0.12319739546875841,0.25123905541834785,0.05556816311770168,2320.1898007542923,2228.5012668334853
7.427673606728059,175.4821321337006,0.6518568570630096,0.8255919407388517,0.4254889445497425,9017.35648722066,8427.221666329431
1.7126257806467584,93.21927474296093,0.4854698028610066,0.7013182665318515,0.27490889684165615,1384.1809294582956,1283.1440213184653
4.541705354144522,157.2250184672911,0.1994762539539286,0.37531796900213615,0.09366598514663864,3764.2883796982596,3560.1592506553284
2.5459694807410624,45.897707970160425,0.27141744744820767,0.4753287736503377,0.13283509372402597,751.1149651149146,703.377655510745
1.2725097432796721,21.55142046652045,0.15159254436467703,0.2998448946642355,0.069377386342927,201.96909480976774,192.7456710710718
1.2521317280399846,23.59512786404506,0.5594348317668588,0.7609338311829187,0.3362459706907005,305.96902260872656,284.19852797259136
2.2265524047407914,125.58831273282088,0.5976235834016074,0.7888662399735129,0.3712264934033067,2390.9786304928784,2225.3844783112304
7.067392481542002,101.97108294462934,0.5045938386843555,0.7174799858396649,0.29002885410693396,4564.166289334893,4232.124044901953
2.9773512078391864,113.24276280353355,0.753681706402092,0.8864238544166858,0.5453672316168937,2902.440638768037,2744.3109013358917
7.65321419402707,21.343365275099494,0.7888070570464109,0.9052586096583576,0.593494270940166,1210.6467845998989,1150.8114789479116
5.071356050924355,96.08359153833663,0.5924995173465013,0.7852221565237137,0.3663873753404165,3431.0348378318627,3192.4075898547953
4.056299328381362,149.25226901615494,0.11020518376594444,0.22796021533459512,0.04938657075363748,2984.1211543178874,2875.496586007076
5.060621842686182,99.68486635413845,0.6561837245981885,0.828383471445447,0.4300745733039491,3692.9986759649187,3452.6512225371566
4.6168886965838745,151.7994571362,0.43439937353628133,0.6553419378352585,0.23677326902180768,4496.0073733297895,4168.540229883773
6.311433776301276,61.94341359143026,0.5524459865811097,0.7556226420706433,0.3301046790400263,2595.7429557901787,2410.3297348620063
2.977472461809966,166.3655608067106,0.6192644816151075,0.8039170615344522,0.39219298685131254,3956.9788795880168,3688.3149955995314
3.4713527412021166,125.91762328162142,0.38018929146166147,0.6015845203534022,0.19947778942326505,2846.9366783352384,2643.897263874107
7.258660117732755,57.93735789738312,0.8336788041374354,0.9279035911575175,0.6612637804020476,3200.5862926358695,3066.558930263539
7.6251955920528385,62.60968565368993,0.20717989339982498,0.3867566004171015,0.09769948060707588,2350.1414693087586,2219.9065402032847
7.247907592405322,133.04548362251666,0.63720944582483,0.8159943669078207,0.41025879429413226,6633.328513449371,6191.505321654943
3.936135957701195,169.3891267782398,0.10348766396526435,0.21565618999471708,0.04622278574037201,3283.2615545216017,3169.3028815145844
6.462558521048171,94.81300076524793,0.8397208843241447,0.9308382132009252,0.6709905515811809,4745.018171444088,4551.616744848569
4.334350133107692,66.4940772429666,0.1900033065904732,0.3609942903368621,0.08875547706240794,1518.6476192066136,1438.6169448306093
4.482778965022716,176.06208924390808,0.17590738411805973,0.33913839284339353,0.08154675996570107,4077.099816190104,3872.1113803564504
2.432760763400988,140.46829251515027,0.3664061064417954,0.5870210120168085,0.19046436017069307,2411.469536464892,2240.981019376787
5.137912122809615,100.65538771095378,0.3988530288312645,0.620709465111029,0.2119763273721093,3170.250844048877,2941.982064008008
2.3029512842734357,107.82203515027433,0.27144005785830294,0.47535794232076295,0.1328479623051975,1643.6101442704,1539.146202461144
3.3209528934703565,56.766164228551354,0.5680973287416998,0.7674294303316828,0.3439664430615859,1420.3111195786337,1319.7824914069645
6.985211411339546,132.8244734116719,0.4543312784335709,0.6737929064048619,0.2512867712941446,5676.32415208676,5261.7283195181535
2.4495306644759864,84.57365189771996,0.12734047123286996,0.25852204290133896,0.05755710542712213,1174.0814900146736,1126.5662649990534
1.4981079962140296,199.21613180138286,0.3557216498042405,0.5754652773929954,0.1835992861937324,2467.3719461854052,2294.2846871662496
1.4830531482897142,106.43303274713982,0.7483463308585364,0.883472804514113,0.5383963326559009,1698.4566439009793,1604.7207246450278
7.585491643521755,107.45940911413037,0.6517612278894949,0.8255300221298804,0.4253880497048897,5625.0190030440035,5256.8489253411235
4.548443065732842,121.85332173392094,0.6798966828639044,0.8433395942811814,0.455940773323908,4189.127020672305,3925.468855107754
3.8658845027191284,185.01608056137442,0.6584935392668189,0.8298656573482566,0.4325390736943366,5510.4296077220015,5152.886101643736
6.6761500670554295,164.14725797475506,0.34877841710642665,0.5678278220941136,0.17919360331023673,6211.696522155134,5778.360316989994
6.850781495373612,101.20341256361145,0.1797311376614207,0.3451324227117942,0.0834908229085782,3368.2424256247464,3196.6228856937664
3.3253372318092325,149.36586787510328,0.3179737472264768,0.5326759029190364,0.16015317580527139,3104.2497013170096,2894.0489977516713
5.8553264023165665,125.5223897805371,0.7654282401481275,0.892835871849819,0.5610209668244452,5577.511302537383,5282.634311274002
6.397859710963206,108.6260687662248,0.884376638226457,0.9517352543751294,0.7479115114455095,5486.897540806077,5313.031132783792
5.582554808061682,54.616839101183096,0.49507761179324905,0.7095062887732824,0.28244458415777846,1981.4112328367594,1836.9827846301457
2.0611655236006956,103.50852742188036,0.10776028393843379,0.22350350927215645,0.048232563513807225,1249.7558921611837,1205.0251522437416
7.131181584619399,64.24734566406343,0.21203584970738323,0.39387214985661984,0.1002608237478677,2283.8932144309115,2155.6761808867896
4.773661869152061,184.67158697329785,0.3576644602530127,0.5775841498474507,0.1848398308682893,5294.649660471264,4922.6756216325375
2.977306984590026,80.37322642934245,0.5628682788743599,0.7635199062199535,0.33929152141534547,1844.748365416686,1713.755370485207
3.9765972980638575,191.40752261600701,0.1600749166442512,0.31378817441181367,0.07358552993110289,3961.3581108860217,3773.823354041881
1.2629976327923518,115.94995221704802,0.8546858389679053,0.9379945404094439,0.6957520135748048,1770.7116259770557,1703.6326298214074
1.895067608556923,133.67798816170887,0.3920669386275206,0.6138332641222611,0.20739192880137328,1975.365718476682,1833.584661571303
6.358827253611026,117.729280008079,0.8300673743398584,0.9261368955543431,0.6555218665398417,5785.983277785857,5539.895640718865
1.0000814432875629,43.288511054006165,0.7244174422056174,0.8699320282563023,0.5081500788002744,549.6059403737831,517.6342050554647
3.9159607993760455,87.64781942142938,0.7043498180124649,0.858177788167824,0.4839953056277285,2705.993369093173,2542.4334285895825
4.657571267599119,37.84630020997231,0.5853756638257857,0.7801034478353048,0.3597366114649743,1253.6782929851272,1166.0012222973728
1.382440940006806,132.1317279530087,0.6014270536414756,0.7915509889804684,0.3748488932804525,1861.8671558301069,1733.3354370502088
7.81154714080633,100.437355136079,0.6104025881729985,0.7978193056051388,0.38350188464186274,5263.592569249459,4903.145751571228
2.5828773187477037,160.03729488276863,0.6029771096204657,0.7926402339318278,0.37633267644771945,3394.623666117843,3160.596326341917
3.129391037453966,59.684686579886574,0.542982585118689,0.748328526560993,0.3219104349236209,1403.7263989652963,1302.9799015999745
3.127597585785191,49.621890517280285,0.8891312147863112,0.9538808930209598,0.7566653435977755,1400.9952080498551,1358.0801641007695
2.6129166348214494,93.13980157347821,0.6858324539405569,0.8469948617132169,0.46261757276431037,2091.9456156849055,1961.4918899099532
1.01031675460418,186.7853689793086,0.721557110714017,0.8682792660595028,0.5046418033424931,2380.037697887541,2240.785268349856
6.105413558615974,147.8759267022341,0.7979702520669394,0.910008173934867,0.6067277356939539,6917.069223866068,6585.148517058764
7.767918498594997,95.40625246272536,0.2725118101806794,0.4767390339711872,0.13345837121260964,3864.3323863031455,3618.2952988938614
2.5700543829953153,113.1089905557759,0.16704332727604865,0.32505243588436283,0.07707220359037209,1690.8313398604885,1608.5504016501168
5.641330342623957,35.1583420118777,0.486315549278879,0.702044661835373,0.2755674221466357,1278.9165403826673,1185.5726974892957
6.193274288711006,197.22366134770036,0.5112645564954186,0.7229901613526294,0.2954185265900242,7907.697456674039,7333.390015218513
6.938977653633673,139.9533148450854,0.7633454239599342,0.8917073868603973,0.5582140532406052,7194.3843215129,6811.927103206142
3.958404379095264,71.37273232341605,0.4550268634258686,0.6744248004990159,0.25180158114841433,1894.9567423714977,1756.5428461471113
3.1205163394830047,125.44551095874398,0.5566824204354502,0.7588497185443932,0.33381812591338617,2970.8685238448948,2759.1516216074706
3.277065938161218,39.70682589241892,0.5216567508107667,0.7314468582479544,0.3039383643452045,953.4154808449383,884.3930893264834
5.98834933168959,193.85060038536506,0.13056222700591286,0.2641394577279796,0.059109771736706146,5469.748960017511,5244.409899895735
6.717456265539452,51.461297819005864,0.5921719172775312,0.7849881091705474,0.3660795788094071,2335.368723955132,2172.9020307140045
2.271297774296219,136.64545724993854,0.7624346286194018,0.8912127733323469,0.5569909024071007,2893.116537477484,2738.950266666647
3.5965870571043563,64.18180325700749,0.22600043846064308,0.41393624034374865,0.10770967913279805,1306.6716952690806,1230.7314095664472
7.31358137724405,149.16104887673643,0.5754653871412766,0.7728794784686615,0.35062997625529585,7214.808661121512,6706.628168315104
6.646854637863175,159.82784610325058,0.5748884355571315,0.7724551720381626,0.35010493290138955,7108.1294687101645,6607.265644803193
7.894008819337331,141.21555120405787,0.231347971245087,0.42146627018563654,0.11059540074498873,5590.406476702044,5261.49550192522
6.279737817774565,130.60990284593464,0.19877085898458882,0.374261247233905,0.09329846507273792,4105.051323849443,3882.9000228059544
3.752366407195456,180.6444369113621,0.8840415543811878,0.9515834787568509,0.7472989290134728,5860.92140529048,5674.771036270931
5.134464837962464,34.152807978156446,0.41497533572243006,0.6367003434741157,0.22305676945174485,1088.5695392749192,1009.6960567855382
5.6270997797312425,79.56465784043513,0.2819373829788234,0.4887574131710645,0.13886301804538564,2456.121122523418,2297.422453794762
1.5491907142198675,64.69174633355227,0.23705963556349996,0.429417425445632,0.11369841403522159,737.8914673026248,693.9296114439268
4.811478713727055,197.8425131717759,0.634081370866588,0.8139147198758877,0.4070635489643566,6937.186390700136,6473.491374844019
5.965245799308267,90.09016034003723,0.5875562378618231,0.7816767838333301,0.3617629689071448,3679.149595718241,3422.2712493661575
2.171249128007423,151.87028586327176,0.614841698389934,0.800885016855829,0.38783684229836857,2872.2525047705903,2676.38897022083
6.4644220219789,143.25052949858082,0.1704048220091618,0.33042588240482407,0.07876384270037878,4492.096485006267,4270.70748799207
5.086409463598781,58.17462274592799,0.8148276667987496,0.9185758727460481,0.631865119797017,2348.8916983982845,2242.713020258382
7.665552499883162,63.01958243807924,0.41141311744723863,0.6332083628509814,0.2205852681029866,2829.6691273239735,2624.8945844198583
1.2969560874482418,70.63122143954614,0.35069552514428637,0.5699468256850511,0.18040575088346222,801.0600814326367,745.088917401899
2.8572829628882688,94.00291008668826,0.4698891577981914,0.6877380932976672,0.2629398152814198,1962.7275426523704,1819.3075782742587
5.2108771550987685,62.17851181709482,0.41205285259810265,0.6338371871911062,0.2210281380787088,2002.032068223605,1857.1181505508684
3.075919385441515,23.537266894432605,0.7908616025113168,0.9063292950272144,0.5964358719536771,629.4745425271026,598.5634832426406
6.000969148498696,178.2907502252952,0.8434087801583137,0.9326165235530268,0.6770028107708932,8383.898210373192,8048.000180261659
6.313036977653517,193.80976964855913,0.34276257315968495,0.5611272987248872,0.17541103276665296,6952.744561026611,6470.202922296786
1.717611748465321,81.48266966568224,0.7911486459679639,0.9064786160957057,0.5968480137250053,1453.1407677646926,1381.8475249802239
4.596981249447374,80.93123829658512,0.7252185036264537,0.870393570280037,0.5091365945805428,2876.6294987665588,2709.5630982789185
4.562233889137391,21.276526299386777,0.8446461378758094,0.9332110060837269,0.6790330220663543,795.306983066414,763.6302038068714
3.5849653915087876,142.44512389946732,0.29660024974871024,0.5070078338682376,0.1474034141885825,3081.2858516597476,2878.0108569611602
7.530474037987704,168.57918123475318,0.5615673200967833,0.7625418079384221,0.3381353108289042,8291.72030668471,7702.47935483043
6.792544239112549,46.38949406480057,0.31963566779235575,0.5346267781968366,0.1611599846781048,1739.3796439874152,1621.383512332758
5.880465673367457,48.739942886087135,0.7592755923874994,0.8894918491103591,0.552768535811214,2167.0754289305128,2050.6530694663566
6.000286450144983,162.21498499485878,0.10425935245685142,0.2170790935240664,0.04658512815777351,4462.607447275274,4306.83472997741
4.232013006691833,130.93233470374605,0.5518553303091169,0.7551708472461172,0.3295891777753262,3924.733541992905,3644.3028240587023
7.446961647676031,28.074900372989063,0.3713627450175344,0.5923022678768957,0.1936850315641991,1190.7203950629969,1106.2588737401356
5.862167990772997,132.0584582832107,0.35814696566225623,0.5781091576233398,0.18514845687425338,4501.774688089012,4185.388693852982
6.102867431590715,75.60519011187789,0.6159250590919336,0.8016297746252234,0.3889004326027756,3204.7404685967554,2986.4333163931205
7.031836326511417,86.37052798475227,0.7811875594511951,0.9012585047742943,0.5827113696410924,4530.935121373181,4301.75129302112
2.918501125395337,158.55165529343844,0.587356313114661,0.7815327740344765,0.36157683969862475,3642.2467144309417,3387.9059294935473
6.649496327066921,165.9683346810699,0.782538382917378,0.9019710550027995,0.5846086557114628,8297.46428533718,7879.44409452775
2.3666842206954444,92.06419283116952,0.311677689504824,0.5252270637103721,0.15635942237023798,1481.3503214636355,1381.7610950484084
3.417393665714215,190.48752848114387,0.5156014838119849,0.7265380807084143,0.2989556074759386,4704.331685062421,4363.100324608643
3.349273179888899,93.163289231373,0.46042923125366086,0.679305497201713,0.25581948896222906,2178.251493088845,2019.0968432793627
7.849678278723984,158.9304863414198,0.10931591960247698,0.22634203751824541,0.048966497417895966,5556.450609700764,5355.417657466553
6.995760566235488,107.09790762156663,0.5454497145125922,0.7502415889063553,0.32403340777014983,4885.275003967348,4535.070942167318
5.908189031131818,181.55581877397512,0.6292194593169399,0.8106610533055069,0.4021362886514276,7545.450600305783,7038.404596883455
6.0893973313077305,183.39702385703217,0.573531523535256,0.7714556222594459,0.3488722968121938,7555.133054379531,7022.282804835945
4.934509560817998,35.7350254167951,0.6890239190267372,0.8489458630884271,0.46624214684988646,1320.7067477587232,1238.7677723206373
7.629634669759634,188.56879963584063,0.5570716227624617,0.7591450171906474,0.33416070217998806,9355.134214115882,8688.592881291162
4.473811270176531,168.59627147367482,0.15340020388060555,0.3028379245044229,0.07027089339940534,3812.600131676006,3637.10546838962
3.6636239690892616,162.43592857628005,0.19315641926776916,0.3657939850269923,0.09038398597028426,3253.184456529324,3080.062486448351
2.141247358521137,56.16404114339404,0.5771796620351619,0.7741377585809737,0.35219331556643596,1027.5903152372325,955.2968816597669
6.503439565827406,164.9214575758397,0.31998335357891217,0.5350341109450192,0.16137090378607546,5956.080348383168,5551.877886615393
6.14110752452914,173.02389224330662,0.16371610322781266,0.3196952405287779,0.07540404714335318,5156.816151046159,4909.094851070411
3.6904852696689443,72.04706020174717,0.4436821947588374,0.6640185359572099,0.24347589332661845,1794.3695023486075,1663.464357118648
1.1763538977146055,191.40681410521827,0.5434580784669243,0.7486978673981578,0.32231887611069454,2373.331241165643,2203.0339137583096
6.872981294026075,28.974826351849565,0.36299679067968527,0.583359316525461,0.18826237857176017,1137.690867124062,1057.4489330176568
1.0799258841785155,46.98366558448514,0.6763469617806224,0.8411369708386485,0.45198742479775406,604.2846133755753,566.0475308331025
5.925898457403356,116.76460484927257,0.6150164864809957,0.8010052658023917,0.38800829001193776,4823.400098259208,4494.540161218825
7.7917997680824,123.64264480201574,0.36625468887333756,0.5868588909545501,0.19036633502940267,5435.66890334013,5051.412446620201
4.063629297037425,136.1270149941626,0.7038980231268485,0.8579088437164942,0.48346356013242925,4327.897954857884,4066.093147682153
2.644813834971669,23.054443276783964,0.6189560340264284,0.8037063253732547,0.39188797358231786,502.3905630404081,468.2696520317318
5.934097070303672,192.86601943198346,0.6099563029743217,0.7975098408011044,0.3830681157893082,7951.718578986109,7406.964898918798
6.719896994109096,28.02585669214592,0.5427421606296544,0.7481416607422433,0.32170404507558475,1232.0665983354006,1143.6302109747105
4.825012212544931,45.75115149021243,0.10911173447084224,0.22597003024377565,0.04887009800583497,1052.6154654703882,1014.5852293501295
7.7692469267930235,22.522613154690255,0.6572057467815113,0.829039979120748,0.431163609826475,1208.012172283934,1129.4973710275017
1.3616810516057276,122.03451799293704,0.4008334328873252,0.6226997372243582,0.2133229720095453,1481.1878076266873,1374.4447518088975
4.533569188131697,187.808039105775,0.8540877681269244,0.9377115632662921,0.6947435934797954,7011.422825659814,6744.985110134768
6.02917763125785,139.87048989448357,0.7543878168617643,0.8868125881907283,0.5462962219801559,6337.868401542719,5993.171569344226
7.038483298044253,168.07834432647692,0.5701555756250498,0.7689587623694047,0.3458188352763501,7833.926020372106,7280.179147602458
2.25478928335453,22.390616622544414,0.3017455854554155,0.5132866350055884,0.1504395636368173,345.35303039593305,322.41622936035634
6.60002437234577,117.56275372635069,0.26297391462213326,0.46434225805812795,0.12805534785834033,4092.6444772631608,3836.2274021888893
4.868949530029817,102.72133595099393,0.37230787014203937,0.5933036438884127,0.19430176462409907,3029.292324513932,2814.284309642383
3.7758757739297426,109.81422995974275,0.4812543548640148,0.69768131931726,0.27164030596323957,2862.213559925502,2653.198024127095
1.922005200053655,32.99837336033383,0.3368524080311577,0.554468069583597,0.1717257336488701,470.6859461240655,438.1937023422693
7.057070312362387,143.19836499247535,0.5119435963139862,0.7235474491557936,0.29597060308305423,6434.039388122072,5966.846349582154
2.1009124572580076,110.5796746745542,0.23229634041054875,0.42279300128642344,0.11110913260712703,1527.591493049093,1437.5248450483246
3.1685150144636944,157.7267929750275,0.8821702502604,0.9507345145301246,0.7438883448433946,4485.474869353654,4341.171226004954
3.030318723737058,107.35231413110877,0.1863396439719951,0.3553768468480094,0.08687068864391514,1845.9314750025603,1749.783388521216
7.09989823933598,46.888694520757774,0.8455553117234976,0.9336471208212936,0.6805289528052434,2553.277596065877,2452.0241950900954
